,userName,score,at,content
0,Pengguna Google,1,2026-09-03 09:16:13,barang ketinggalan udah minta bantu bantuan pusat tapi gak di selesai kan chat driver malah gak di jawba
1,Pengguna Google,1,2026-09-03 07:10:55,aplikasinya tidak bisa terdaftar pas mau daftar selalu terjadi kesalahan
2,Pengguna Google,1,2026-09-03 05:56:56,tiap mesen grab pd jauh gua batalin trs malah dpt yg lbh jauh trs anjg
3,Pengguna Google,2,2026-09-03 04:43:05,bilangin driver nya kalo ga mau ambil suruh batalin aja jangan suruh orang nunggu ga jalan jalan di chat juga lama respon semua bgitu susah bangett
4,Pengguna Google,1,2026-09-03 03:20:02,aplikasi ngga jelas udah 4kali selalu salah titik tujuan padahal sudah di make sure juga tujuannya pasti salah psa pake tengah malem
5,Pengguna Google,1,2026-09-02 23:26:46,woy anak aj iklan lu ganggu bet lu tolol yng punya aplikasi nya tolol bet ajgg iklan lu nganguu ajg
6,Pengguna Google,2,2026-09-02 23:02:02,tolong donk klo bikin iklan tu jangan tiba2 masuk ke aplikasi grab nya gw uda donload grab nya jadi game gw nge freeze ampe harus d unistall ulang dan data nya ilang di aplikasi lain juga klo bikin iklan jangan gitu amat tiba2 terarahkan ke aplikasi kan ganggu amat karna kesel gw apus aja grab nya
7,Pengguna Google,4,2026-09-02 22:59:26,memudahkan prjalanan tetapi kos terlalu mahal
8,Pengguna Google,1,2026-09-02 22:22:21,maaf ini kenapa ya grabnya ngasih titik gak sesuai padhl saya ngasih almatnya udh bener saya sering pake juga alamat itu tapi giliran order makanan malah salah alamatnya trus apk kadang suka lemot harus di refresh dulu brpa kali baru bisa tolong ya
9,Pengguna Google,1,2026-09-02 21:50:18,gajelas orang lagi laper disuruh nunggu pending tolong benerin sistem mau pesen apapun mau makan ojek selalu pending udah 3 bulan kaya gini
10,Pengguna Google,1,2026-09-02 21:19:38,kacau lagi urgent dan download baru masuk batas pilihan layanan dari sore ke malam masih berputar chatnya upgrade lagi seperti apl sebelah
11,Pengguna Google,4,2026-09-02 20:36:48,kenapa ya driver yg food itu kbanyakan jutek pdhal mereka berharap ada orderan buat penghasilan mereka tp ketika di chat kok kbanyakan kya benci ama customer
12,Pengguna Google,1,2026-09-02 19:06:21,voucher tiba hilang padahal belum digunakan
13,Pengguna Google,4,2026-09-02 18:45:20,ribet mau login aja pakai angguk angguk kepala kayak mau pinjol
14,Pengguna Google,3,2026-09-02 18:42:12,kalau driver tidak niat kerja ngantar jangan terima pesanan orang terus di buat tunggu lama ujung ujung nya di cancel sama driver
15,Pengguna Google,5,2026-09-02 16:23:55,pelayanan grab hingga saat ini sudah baik namun saya menyampaikan hal berikut 1 jika pengguna memilih pengantaran standar sebaiknya pengemudi tidak melayani banyak pesanan yang mengakibatkan pesanan terlambat tiba pengemudi dapat melayani lebih dari satu pesanan jika pengguna memilih pengantaran hemat 2 di beberapa tujuan pilihan grabbike tidak tersedia aplikasi langsung mengarahkan ke grabcar padahal di tempat tujuan itu sangat memungkinkan untuk diantar dijemput dengan grabbike
16,Pengguna Google,1,2026-09-02 15:22:37,jadi jelek gini haru verivikasi kpt kayak mau hutang aja aneh
17,Pengguna Google,1,2026-09-02 15:13:10,plis kerja sama pembayaran nya jgn sm ovo males banget udh ada adm nya masih d potong lg 2rb sebel bgt kan
18,Pengguna Google,1,2026-09-02 14:37:34,ditolak 6 sama driver ojek udah gitu saya tungguin sampe dia turunin orang eh malah di batalin tolong perbaiki lagi sistemnya terimakasih
19,Pengguna Google,1,2026-09-02 14:31:01,aplikasi gak guna udah di kasih tau lokasi bandara gak tau jir aplkasi tolol
20,Pengguna Google,5,2026-09-02 13:03:02,ya semoga lancar tida banyak kendala aku baru maumasuk
21,Pengguna Google,1,2026-09-02 12:53:05,saran untuk pembayaran via uang elektronik misalnya ovo penumpang atau penyewalah yg berhak memasukan angka rupiah yg harus dibayar diluar biaya aplikasi misalnya tol parkir dan lainnya sertakan juga tombol verifikasi di pengemudi apabila sudah sesuai angkanya yg dimasukkan oleh penumpang karena sering terjadi misalnya saya harus bayar tol itu 50rb tetapi yg mereka pengemudi masukan adalah angka yg tidak sesuai misalnya 100rb jadi lebih baik ada dua vitur yg untuk saling verifikasi
22,Pengguna Google,5,2026-09-02 12:45:59,aing hayang dahar aing hayang dahar
23,Pengguna Google,4,2026-09-02 11:45:42,ada alamat yang tidak sesuai tapi titiknya sudah tepat
24,Pengguna Google,5,2026-09-02 11:32:13,daging nya sikit tp mantap cepat waktu
25,Pengguna Google,5,2026-09-02 09:38:26,bagus pelayanan nya dapat promo jg s p
26,Pengguna Google,5,2026-09-02 09:34:00,sarankan setiap driver benar benar menggunakan kendaraan yang sehat dan nyaman mohon penjemputan jangan kasih yang jauh klo yang dekat banyak pada nganggur ngapain harus yang jauh jemputnya kasihan driver kasihan yang nunggu ini jakarta broo muacetnya ampun ampun bukan mslh jarak tapi mace alhamdulillah semoga ada perbaikan
27,Pengguna Google,3,2026-09-02 09:25:02,mobil2 seharus nya kebersihan dijaga min kotor banget sama bau rokok harus selalu ditinjau min biar semakin joss
28,Pengguna Google,5,2026-09-02 08:57:43,sangat berguna sekali ketika semua sedang sibuk
29,Pengguna Google,1,2026-09-02 07:33:16,ga jelas apk ni bru pesen ga bisa di batalin salah pencet juga ga bakal pakai lo lagi
30,Pengguna Google,1,2026-09-02 06:50:38,kalo ngasih paket hemat ngotak dikit kalo semial selisihnya 10 rb driver bakal ga mau ambil hemat
31,Pengguna Google,1,2026-09-02 06:10:22,saya saranin jangan pakek aplikasi ini teman teman kurirnya pada gak jelas udah report dics malah gak jelas
32,Pengguna Google,1,2026-09-02 05:28:41,sy pakai grab lebih dr 5 thn tp selalu bermasalah klo kontak pengemudi setelah selesai grab memang set up komunikasi ga bagus repot bgt koneksinya ini cuman masalah it klo koneksinya separah ini kresek2 ga jelas telp sy pakai grab ga cuman 1 3 juta per bulan klo pas event smua nya ke grab food sy punya car ke grab car rent sy sdh bertahun2 pakai grab sy kecewa liar biasa ga bs kontak grsb operator dikasi grab chat bot melulu memang mengecewakan
33,Pengguna Google,1,2026-09-02 01:49:21,saran misalkan driver lama jemput atau ambil pesanan langsung otomatis ganti driver jangan malah ttap nunggu tanpa bisa di cancel
34,Pengguna Google,3,2026-09-02 01:48:08,sekarang driver nya selalu minta uang lebih setiap pesen sesuatu atau mau pesen grabbike kalo gak di lebihin gak di terima bukan masalah ngasih lebih nya tapi keseringan tiap pesen makan atau grab bike pasti pengemudi nya chat dulu pengen di lebihin kalo enggak suka gak jalan jalan terus kita yang batalin
35,Pengguna Google,1,2026-09-02 01:02:57,jelek hai kak adik ibu bapak msu beli obat kesehatan cuma di apotek guna sehat jalan raya kuta bumi tangerang depan dan dan mulai 10 00 sampe jam 16 00 sore tinggal bayar parkir motor 2 mobil 5
36,Pengguna Google,1,2026-09-02 00:07:48,saya keberatan bila harus difoto oleh driver saat menerima barang dan makanan
37,Pengguna Google,1,2026-09-01 23:39:11,bisa gak sih untuk driver gofood servicenya di terapin alamat saya sudah sesuai titik tapi malah nyalahin saya dan marah ke saya padahal saya beli lohh
38,Pengguna Google,1,2026-09-01 23:37:57,saya minta tolong ya buat driver maupun pengguna aplikasi ini mohon diterbitkan kembali lalu lintas nya sering kali pengendara lawan arah dan tidak taat peraturan lalu lintas
39,Pengguna Google,1,2026-09-01 22:53:15,aplikasi tak berguna harga makin naik gak jelas
40,Pengguna Google,5,2026-09-01 22:30:07,aplikasi yang praktis untuk kebutuhan transportasi pesan makanan dan berbagai layanan lainnya proses pemesanan mudah dan sangat membantu aktivitas sehari hari
41,Pengguna Google,5,2026-09-01 21:32:29,grab bikin hidup jadi gampang pesan ojek cepat drivernya profesional dan pesan makanan datang masih panas aplikasinya lancar dan promonya worth it banget nomor 1 buat transportasi dan delivery
42,Pengguna Google,1,2026-09-01 20:52:11,map yang tidak sesuai dgn aslinya terlalu acak acakan jarak yg tertulis pda toko tiba tiba berubah saat ingin meng order dari 6 7km berubah menjadi 10km
43,Pengguna Google,1,2026-09-01 20:35:47,so bad selalu kaya loading lama bilang g ada sinyal sy pke telkomsel dan masih aj loading lama pdhl buka youtube lancar tolong dibenahi
44,Pengguna Google,1,2026-09-01 20:34:32,apk ga jelas ditrima nunggu lama tiba tiba dicancel ga hanya satu dan bahkan harga dua kali lipat dari gojek
45,Pengguna Google,1,2026-09-01 20:29:07,pesen makanan lebih dari 1 jam 30 menit padahal dari tokonya udh siap tapi drivernya gada kalau ga siap benerin dulu sistemnya
46,Pengguna Google,1,2026-09-01 20:12:53,kebanyakan update aplikasi trus seharusnya banyakin promo makanan nya
47,Pengguna Google,1,2026-09-01 20:11:24,pls tambahin fitur komunikasi ke penjual ini komunikasi gk bisa batalin gk bisa penjual seenak jidatnya aja trus juga ada promo gratis ongkir seneng dong gw gw teken tiba tiba alamat pesanan berubah ke tempat yang jual gw di suruh jemput sendiri anjirr mana drivernya ambil kesempatan cuma 1km dia bilang ongkirnya 25k kalo mau tetap di anter ini niat kasih diskon gk si pikir gw bakal hemat 5k malah tekor 25k anjir
48,Pengguna Google,1,2026-09-01 20:06:01,kesimpulan tes ke 5 pagi jam orang berangkat kerja 80 menit tidak ada orderan yang masuk jam orang pulang kerja 60 menit tidak ada orderan yang masuk apakah benar orang orang banyak yang tidak suka pakai aplikasi grab dan benarkah kualitas sdm di kantor grab itu rendah jawaban dari hasil tes adalah benar coming soon these tests will be available on social media
49,Pengguna Google,2,2026-09-01 19:32:00,aplikasian kandang grab mobil hilang kadang kadang grab motor hilang
50,Pengguna Google,4,2026-09-01 18:37:42,e aplikasi yang sangat membantu ya lumayanlah
51,Pengguna Google,1,2026-09-01 17:53:07,aplikasi terlalu berat dan tidak smooth
52,Pengguna Google,1,2026-09-01 16:21:20,jelek setiap pesan makanan driver selalu membatalkan sering kali pesen tapi selalu di batalkan
53,Pengguna Google,1,2026-09-01 15:29:38,lama buat daftar buat alamatnya pun susah bgt ribet
54,Pengguna Google,1,2026-09-01 15:05:10,tidak memiliki tanggung jawab saya kecelakaan dan tidak ada asuransi yang bisa di percaya proses lama disuruh reupload jelas jelas gue udah melengkapi smua dokumen tambahan yang diminta baru tau orang kecelakaan malah di susahkan begini jangan pake grab scam
55,Pengguna Google,5,2026-09-01 14:55:47,permasalahan sudah selesai kembali bintang 5 prosesnya bagus semoga dipertahankan yang kurangnya diperbaiki terbaik lah
56,Pengguna Google,1,2026-09-01 13:29:01,grab sekarang kenapa mahal banget padahal jarak cuman 1 kilo doang saya biasa naik gojek 8 pas naik grab jadi 12 malah banget
58,Pengguna Google,1,2026-09-01 13:04:01,driver ga niat masa jauh dikit gamau nganterin gausah kerja aja sih lo mending jadi pengamen sana
59,Pengguna Google,5,2026-09-01 12:20:55,ok good btw paylater kapan ini bisa
60,Pengguna Google,5,2026-09-01 11:50:38,responsif terhadap keluhan dan cepat membantu
61,Pengguna Google,1,2026-09-01 11:43:41,bisa tidak ubah verifikasi wajah nya itu di nonaktifkan saya mau pesan grab wajib verifikasi wajah sedangkan hp saya rusak jadi tidak bisa verifikasi wajah
62,Pengguna Google,5,2026-09-01 11:21:25,berguna banget untuk aktifitas pulang kerjan sekolah
63,Pengguna Google,5,2026-09-01 10:37:36,sangat membantu ketika jauh dari kendaraan umum
64,Pengguna Google,5,2026-09-01 09:48:07,sangat menyenangkan tapi suka lama buka aplikasi alis eror
65,Pengguna Google,1,2026-09-01 09:15:04,beberapa pembayaran grab hanya ovo yg dipalakin hanya untuk nerima uang diaplikasinaya benar2 nyusahin
66,Pengguna Google,5,2026-09-01 09:04:51,pengen cepet ketempat yg km tuju pakelah grab karna layanannya baik sekali
67,Pengguna Google,5,2026-09-01 07:55:09,terimakasih atas jasanya sukses selalu kak
68,Pengguna Google,2,2026-09-01 04:16:29,emng grab gabisa batalin pesanan ya kayak shope cuma pihak driver yang bisa batalin cus gabisa masak aku baru pesan makanan terus mau dibatalin gabisa
69,Pengguna Google,1,2026-09-01 00:28:46,susah bgt dapat driver nya pesan food sampe berjam2 gak ada yang ambil dah ongkirnya mahal auto uninstal bagus pakai aplikasi hijau sebelah
70,Pengguna Google,5,2026-08-31 23:48:32,grap selalu jadi pilihan tepat saat dibutuhkan ketujuan
71,Pengguna Google,2,2026-08-31 20:48:13,klau ga updet amburadul ygd cari apa yg kluar apa wkwkw
72,Pengguna Google,1,2026-08-31 20:33:57,seharusnya grab food pakai konfirmasi dua belah pihak tadi driver klik sudah sampai padahal belum sama sekali lama dia antarnya ini bisa berbahaya bagi pelanggan
73,Pengguna Google,5,2026-08-31 20:16:03,pengantarnya baik ramah dan sangat memuaskan
74,Pengguna Google,5,2026-08-31 19:57:05,grab layak untuk perjalanan kemanapun selalu tepat waktu
75,Pengguna Google,5,2026-08-31 19:51:36,baik sekali mantap sangat ramah terimah kasih
76,Pengguna Google,4,2026-08-31 19:42:45,pengendara datang cepat dan tepat waktu
77,Pengguna Google,5,2026-08-31 18:21:56,sesuai pesanan yg ngantar sabar dan ramah
78,Pengguna Google,1,2026-08-31 18:10:07,saya butuh cepat urgent mau bawa keluarga ke rumah sakit gak dapat driver yang dekat
79,Pengguna Google,1,2026-08-31 17:37:06,tambahkan pilihan cancel karena ini terlalu merugikan
80,Pengguna Google,2,2026-08-31 16:49:25,setelah d update ko jd loadingnya lama y
81,Pengguna Google,5,2026-08-31 15:19:21,bagus pelayanan ny cmn yg paling g bagus itu pas hujan eror dan harga nge lonjak pdhl lokasi dekat
82,Pengguna Google,3,2026-08-31 15:06:00,aplikasinya ada menu tambahan tentang no darurat yg bikin mengganggu saat pengoprasian
83,Pengguna Google,1,2026-08-31 14:44:11,gila grab ini loading dapet driver lama banget belum lagi harus nunggu driver nya buat datang harus diperbaiki lagi apk grab nya
84,Pengguna Google,1,2026-08-31 13:25:05,grab anj sumpah mana tambah mahal pdhl lg ga macet
85,Pengguna Google,1,2026-08-31 12:43:32,grab ga siap bersaing dengan ojek online daerah lokal misalnya di kota sibolga punya 2 akun atau lebih dilarang padahal tidak ada aturan baku tertulis
86,Pengguna Google,3,2026-08-31 11:25:22,dlu senang pake grabfood skrang sejak ada biaya pengiriman yg d sesuaikan dgn waktu jd malas kocak aja toko dekat estimsi sampe bisa 1 1 5 jam pdhal yg dbeli fasfood kocak
87,Pengguna Google,5,2026-08-31 09:29:34,pernai pakai grab ini waktu di malasyia enak nyaman past di indonesia ngak ada yg buat grab ternyata
88,Pengguna Google,4,2026-08-31 08:51:50,sangat membantu dalam ber tranportasi umum
89,Pengguna Google,1,2026-08-31 08:42:12,makin banyak biaya ini itu ga jelas apa apaan ada biaya platform ga guna udah meres customer meres driver juga
90,Pengguna Google,4,2026-08-31 07:18:17,setiap jam 7 pagi dan 7 malam saya selalu pesan grab buat antar jemput karyawan tapi saat hujan harganya naik 5x dari biasanya tetap tidak dapat driver jadi karyawan saya selalu telat saat berangkat atau pulang kerja tolong dong saya sudah bikin 3 akun pakai hp karyawan tapi tetap ada kendala
91,Pengguna Google,5,2026-08-31 06:55:45,sangat membantu saat tidak tau alamat yg susah dijangkau
92,Pengguna Google,5,2026-08-31 05:48:12,bagus tepat waktu atribut nya bagus besrih wangi
93,Pengguna Google,5,2026-08-31 02:32:49,aplikasi yang membantu orang dalam kebutuhan
94,Pengguna Google,1,2026-08-31 02:31:15,gila nunggu grab food sampai 2 jam ngak sampai sampai makanan nya
95,Pengguna Google,1,2026-08-30 22:41:52,tanpa kejelasan yg jelas tiba akun ditangguhkan pake cara apapun smpe lapor customer servicee ga ditanggapii sama sekali
96,Pengguna Google,1,2026-08-30 22:37:43,mode jastip tidak bisa di cancel setang jadi terpaksa di antar padahal ada masalah jadi mau cancel tambah masalah saja
97,Pengguna Google,1,2026-08-30 22:07:47,makin banyak iklan makin banyak notifikasi bahkan saat aplikasi sudah ga dipake ribe sangat mengganggu
98,Pengguna Google,1,2026-08-30 21:57:54,sering banget tiba tiba lemot ga jela
99,Pengguna Google,1,2026-08-30 21:48:27,sumpah anjir ga driver ga app lama
100,Pengguna Google,1,2026-08-30 21:42:37,udh 4x pesen grab food makanan telat semua kompensasi cuma 15rb itu cuma 1x aja makanan datang jadi dingin semua gausah pake grab kalo mau pesen makan
101,Pengguna Google,3,2026-08-30 20:58:30,rasa martabak manisnya standart seperti kebanyakan martabak pinggir jaaln lain ukuran adonan cenderung kecil dan isian topping agak pelit
102,Pengguna Google,5,2026-08-30 20:54:48,manta banyak promo di tanggal gajian
103,Pengguna Google,1,2026-08-30 20:16:52,pesen makanan ampun ampun sama kelen sekarang y lamanya allahuakbar udah ongkir 42rb wkwkwkwkwkw
104,Pengguna Google,2,2026-08-30 20:02:52,benar2 kecewa ini aplikasinya tiap pesan makanan lama banget dapat drivernya udah gitu pesan gofood bisa dua jam lebih baru datang dan selalu seperti itu belum lagi drivernya ngantar banyak orderan promonya juga udah makin sedikit
105,Pengguna Google,1,2026-08-30 19:35:58,susa dapet driver grabfood sekalinya ada luemo cs kayak bot ga ngasih solusi
106,Pengguna Google,2,2026-08-30 19:23:46,tolong lock bagian reject kalaupun misal di reject tolong sertakan alasan driver agar konsumen tau knp di reject
107,Pengguna Google,1,2026-08-30 18:58:36,pesanan baru masuk drivernya langsung dateng itu gimana sih jadi nya kan minta didulukan
108,Pengguna Google,1,2026-08-30 18:27:08,salah pesan makanan malah gk bisa di cancel bangke
109,Pengguna Google,1,2026-08-30 17:42:51,an driver grab lukman efendi tlh melakukan penipuan mengantar paket sembako dg alesan paket di tolak pembeli padahal driver tsb tdk ngsh kbr tlp maupun wa tlng dr pihak grab segera mungkin ksh sanksi terhadap driver lukman efendi sy sbg korban penipuan driver tsb kejadian tgl 30 agustus 2026 jam 16 18 wib jd minta ketegasan dr atasan grab sy sbg costumer kecewa berat ats pelayanan grab sngt buruk
110,Pengguna Google,5,2026-08-30 17:33:37,sangat membantu menjadikan perjalanan kami cepat aman dan nyaman
111,Pengguna Google,3,2026-08-30 15:54:45,aplikasi ny sih bagus cuma driver ny itu loh kadang dapet driver super lelet pdhl sudah dekat tpi di chat ga dibalas mau ny apa sih tolong hargai waktu penumpang ya sy nungguin setengah jam ga sampe pdhl estimasi sampai ny 4 menit klo gamau jemput bilang biar sy ga capek nunggu
112,Pengguna Google,1,2026-08-30 15:10:21,driver gamau ngambil pesanan terus kasih sp dong
113,Pengguna Google,1,2026-08-30 14:23:41,sistem pengantaran makanan yang buruk pengemudi diberikan banyak beban untuk mengantar makanan pada titik titik yang jauh makanan datang sudah dingin yang sesuai jadwal awal makanan seharusnya bisa datang sebelum jam 2 baru sampai 30 menit lebih dari jam awal
114,Pengguna Google,1,2026-08-30 13:59:32,kenapa ongkir grabfood naik banget bisa sampe 5x lipat 2k ke 10k 4k ke 20k
115,Pengguna Google,1,2026-08-30 12:39:20,selama ini aku suka bngt pke apk grab loh sblm grab msk indonesia aku dh pke grab d luar negri dan slma ini g prnh ktemu driver yg bnr kurg ajarnya bnr kurg ajar bngt apa grab skrg klu nerima driver asal an ya di bilangin arah jalan mksd hati baik biar lbh dkt dan tdk prlu buang bensin nya utk prjlnan lbh jauh dan macet ni dksh tau baik ya sprt dlma ini kmnksi saya dgn drver lainnya d rmbah ni driver td pagi buta arah jalan dia mlah ngamuk suruh saya turun 0 attitudenya
116,Pengguna Google,1,2026-08-30 12:18:28,kebanyakan update lg genting mau mesen grabbike aja update dlu
117,Pengguna Google,5,2026-08-30 10:01:51,ramah dan tepat waktu sangat memuaskan
118,Pengguna Google,1,2026-08-30 09:28:47,mengapa app saya di sekat sedangkan hari itu saya ambik grab saya tunggu di jambatan 10 dia grab tunggu di jambatan 6 habis saya yg di salahkan ada juga satu hari saya ambik grab saya tunggu lama dengan menjaga nombor grab yg saya ambik sekali pulak lain nombor grab yg datang ambik saya sehingga saya x dapat ikut tapi saya juga di persahkan dan di sekat di denda bayaran saya minta pihak grab jangan sekat telefon saya sekarang saya mahu ikut grab x boleh sebab di sekat terpaksa maxim
119,Pengguna Google,5,2026-08-30 09:25:46,drever yg ramah juga tdk arogan jikala menyetir sukses buat driver nya
120,Pengguna Google,1,2026-08-30 08:47:00,udah buang duit langganan grab unlimited mlah g bisa d pke
121,Pengguna Google,5,2026-08-30 08:44:21,bapak drivernya sangat ramah nyaman saat perjalanan
122,Pengguna Google,1,2026-08-30 07:09:44,aplikasi aneh pesen 1 grab motor gak lama dateng lagi 1 motor dengan tujuan yg sama padahal gak order lagi
123,Pengguna Google,1,2026-08-30 05:54:46,woii grab kalo ngasih petunjuk maps yang benerr don kasiann driver nyaa saya ngalamin ini udah 5 kali lebihh driver selalu jemput saya salah titik
124,Pengguna Google,3,2026-08-30 03:42:14,saya akan melakukan pembelian token pln dan memilih pembayaran ovo hanya saja saldo saya kurang tapi malah sudah masuk ke status pembayaran dan akan di refres otomatis dalam 24jam fikirian saya pasti akan gagal karena saya tidak ada saldo di ovo dan setelah itu saya bisa melakukan pembayaran ulang tapi sampai sekarang statusnya masih di proses mau melalukan pembayaran juga tidak bisa mohon di bantu
125,Pengguna Google,1,2026-08-30 00:28:09,mengecewakan baru kali ini ketemu grab yang mobil nya ga dingin ac nya padahal pesen yang standard bukan hemat saya kira cuma aplikasi sebelah aja yang driver nya kadang sesuka nya disini juga sama mungkin hari ini lagi apes ketemu driver yang mobil nya gak dingin ac nya kecewa parah lah kalau hemat masih bisa di maklumi soalnya argo nya kecil lah saya pesen standard tapi rasa hemat kacau ini mah bukan kicau
126,Pengguna Google,1,2026-08-29 23:58:23,sopir nya kalo malem pada males ngambil grab food mungkin driver nya sdh pada kaya
127,Pengguna Google,1,2026-08-29 21:52:16,jaringan ketika buka aplikasi sering tidak stabil padahal buka aplikasi lain normal aja
128,Pengguna Google,1,2026-08-29 21:41:23,banyak driver di awal minta nembak harga 50 naik lebih besar di aplikasi dengan alasan jemput jauh padahal kita sesuai titik
129,Pengguna Google,5,2026-08-29 19:57:15,tetap semangat berjuang untuk masyarakat yang ingin bekerja
130,Pengguna Google,1,2026-08-29 19:54:24,jelek bgt ovo nya g bisa dipake bintang 1 masa mau qris kgk bisa payah
131,Pengguna Google,5,2026-08-29 19:45:46,bagus aku bisa ke mana mana aja tinggal mesen
132,Pengguna Google,5,2026-08-29 18:53:09,pakai grab bayar dengan ovo super bank praktis
133,Pengguna Google,1,2026-08-29 18:53:08,mines orang baru gatau jalan sok daftar grab
134,Pengguna Google,5,2026-08-29 18:13:20,bagus untuk menghemat waktu dan buat pemalas naik honda
135,Pengguna Google,4,2026-08-29 17:55:01,pas saya pesen makanan ternyata dibatalin sama drivernya dan aplikasi grab sangat lama dalam mencari driver pengganti
136,Pengguna Google,1,2026-08-29 17:41:56,tolong diperbaiki lg grab food nya masa buat cancel makanan aja susah amat sampe saldo ku ludes heug
137,Pengguna Google,1,2026-08-29 14:48:52,gajelas bgt maps nya tujuan kemana malah alamat yg ada dimana ga komplitt
138,Pengguna Google,1,2026-08-29 13:33:04,aku mau pesenin makanan buat adekku di grabfood masa pembayarannya ga bisa tunai qriss pengemudi giliran udah bisa di klik ngga bisa di pesan udah di klik yang tulisan pesan tapi masih di halaman check out terus payah banget harus pake yang direkomendasikan sama aplikasi doang kan ngga semuanya punya ewallet itu
139,Pengguna Google,5,2026-08-29 12:14:04,alhamdulillah pengantaran tepat waktu dan sampai di depan pintu rumah
140,Pengguna Google,5,2026-08-29 11:40:45,overall bangus cuman mungkin bisa di ringankan lagi apknya buat pengguna ho ram 3gb kebawah semangat grab
142,Pengguna Google,5,2026-08-29 10:04:55,pokoknya abang2 grabnya fast respon sukses buat keluarga besar grab ya
143,Pengguna Google,5,2026-08-29 09:46:49,bisa beli makanan atau minuman tanpa beli di warung atau toko nya langsung
144,Pengguna Google,1,2026-08-29 09:12:53,tolong ini kenapa ya saya sudah bayar pake ovo kenapa disuruh bayar lagi 200 ribu ini kesalahan dari grabnya atau drivernya gk mungkin kan saya belum bayar tapi udh bisa mgasih bintang 5 ke driver tolong ini gimana
145,Pengguna Google,1,2026-08-29 08:21:24,sangat kecewa hari ini 2 pamandu batalkan pesanan saya dgn alasam yg ydak maauk akal c p ke grace quart
146,Pengguna Google,5,2026-08-29 07:33:39,sangat menyenangkan dan peraktis pake grab
147,Pengguna Google,4,2026-08-29 05:38:22,untuk grab tolong dong ada fitur tambahan seperti drivernya laki2 perempuan untuk bisa mempermudah kaum muslimah jika ingin berpergian
148,Pengguna Google,1,2026-08-29 03:12:03,beberapa driver ada yang suka tipu penumpang karena ga ngerti saya salah satunya yg kena apes saya pesan grab dari rumah ke indogrosir memang jaraknya jauh tapi dapat promo potongan harga dari 23rb ke 11rb driver ambil pesanan saya saat drivernya tau harganya 11rb saya hampir di turunkan di jalan pas sampai di indogrosir saya terpaksa bayar 23rb karena saya di tahan lama saya ada hubungin cs grab tapi solusi yg di kasih ga bisa mengembalikan uang saya dan drivernya ga di banned
149,Pengguna Google,1,2026-08-29 01:23:15,aplikasi buruk banyak pengemudi terlalu sering membatalkan seenaknya bahkan tanpa konfirmasi
150,Pengguna Google,1,2026-08-29 00:04:07,saya bintangin 1 males paylater ga bisa daftar males buang2 waktu saya ngajuin
151,Pengguna Google,1,2026-08-28 23:55:42,sekarang layanan grebfood nya jelak banget udah di ambil drever secara aplikasi nunggu 30 menitan tau nya di batalin sesuka hati nunggu lagi drever selanjut nya makin parah layanan nya sekarang jelak bgt
152,Pengguna Google,1,2026-08-28 23:11:24,terkusus buat kantor grab indonesia saya ingin mimpintak tanggu jawabnya gara kalian saya di di cabut surat izin supir travel jadinya saya mau mintak nganti rugih sebesar 3 jt rupih kepada kantor grab dari tanggal 10 agustus sampai sekarang gak ada kabar yang baiknya dan masak garagara kalian saya terugihkan jadinya saya ingin etika baiknya di jaga sekian terimakasi
153,Pengguna Google,5,2026-08-28 21:51:53,aplikasi ini bagus untuk buat pulang pergi dengan grab
154,Pengguna Google,1,2026-08-28 21:20:53,aplikasi menjajah mitra dengan menerapkan argo murah tapi potongan besar banget kalian ga mau rugi tapi mitra driver yg disuruh menanggung rugi tsb
155,Pengguna Google,5,2026-08-28 20:40:59,min sediain fitur bayar pake dana dong biar ga usah qris lagii
156,Pengguna Google,5,2026-08-28 20:31:44,harga makanan nya murah2 dan banyak sekali diskon2 nya mantap sukses terus
157,Pengguna Google,1,2026-08-28 20:16:19,transaksi ggal trus pdahal saldo ovo ada
158,Pengguna Google,1,2026-08-28 19:22:18,aplikasinya makin ribet kalau pesan makanan susah aku suruh taruh di depan rumah fotoin sudah selesai sekarang sekarang harus ada id nya terus saya harus ketemu sama drivernya terus difoto wajah saya penjualan pribadi itu data
159,Pengguna Google,2,2026-08-28 18:33:55,terimakasih grab hari ini saya pertama kali pakai grab dan dipesankan temen saya mobil hemat yg sebetulnya saya memang salah membawa 3 tas dan tidak memastikan terlebih dahulu tetapi driver menambah harga yg semulanya 23 ribu menjadi 95 ribu setelah saya sampai tujuan sejujurnya saya kaget jadi mungkin saya akan memikirkan mengunakan grab apabila saya membawa sedikit barang lebih baik saya pesan pick up sekalian maaf atas ratingnya
160,Pengguna Google,5,2026-08-28 18:28:44,min tambahin tambahkan metode pembayaran dana dan gopay min
161,Pengguna Google,1,2026-08-28 18:25:17,parah lola banget gila sih gak bisa buat buru anjir dah
162,Pengguna Google,1,2026-08-28 15:44:34,emg apk gblg giliran pesen hemat aja ga dpt dpt pas udh mesen yg stmdr baru dpt pdhl jarak dket bgt anjg
163,Pengguna Google,1,2026-08-28 14:37:07,jelek kadang setel alamat ga sesuai bij terpaksa pakai grab karena di kota saya gaada transum kalau di kota kalian ada transum jangan pakai aplikasi dongo ini guys
164,Pengguna Google,1,2026-08-28 14:19:35,appaan sih ini aplikasi apdet dah tiga kali masih minta apdet kurang kerjaan bnget ku copot ajh aplikasi gak jlas nih
165,Pengguna Google,5,2026-08-28 14:00:17,di hp hanya punya aplikasi grab aja karena gak mau pindah ke lain hati
166,Pengguna Google,5,2026-08-28 12:34:13,aplikasi bagus dan lengkap layanannya harga juga bersaing banyak promo nya
167,Pengguna Google,5,2026-08-28 11:57:46,penyelamat yg gapunya kendaraan the bestt bangett
168,Pengguna Google,1,2026-08-28 11:13:57,kecewa banget sm gofood nya masa bru 2 menit mau dirubah gabisa di cancel langsung saya uninstall gakan order dan pake lagi apk gojeknya ayo lah diperbaiki cepet si cepet tapi orang klo salah pesenan masa gabisa bru jga benta
169,Pengguna Google,3,2026-08-28 10:44:58,sering double order padahal tidak pakai ongkir hemat
170,Pengguna Google,4,2026-08-28 10:14:48,tolong perbaikilah apk sering tak merespon koneksi bagus
171,Pengguna Google,1,2026-08-28 09:02:29,saya sangat kecewa karena kemarin saya naik grabcar dri rumah saya menuju mall metropolis tas saya tertinggal di mobil katanya pihak grab klo ada barang yg tertinggal bsa langsung melaporkan cepat di tangani barang bsa cepat di temukan di kembalikan ke pemilik penumpang tapi ternyata kenyataan tidak sesuai kayak yg di bilang pihak grab saya sudah membuat pelaporan ke pusat bantuan grab coba chat driver pakai aplikasi grab terkait barang saya yg tertinggal tapi tidak ada yg respon
172,Pengguna Google,1,2026-08-28 07:51:03,naj s banyak driver motor ugal ugalan pake knalpot berisik main hp sambil berkendara di kasih tau malah nyolott
173,Pengguna Google,1,2026-08-28 05:42:57,males banget kalo dapetnya driver blu bi d suka gaada etoll padahal pesen car plus tp beda banget sama car plus yg dr grab
174,Pengguna Google,1,2026-08-28 04:56:57,cs kaga jelas uang kaga balik
175,Pengguna Google,5,2026-08-27 22:37:24,tuan grab nya baik banget moga sehat selalu
176,Pengguna Google,1,2026-08-27 20:14:46,lawak akhir akhir ini sering eror pesan makan tinggal bayar malah buffering
177,Pengguna Google,1,2026-08-27 18:31:28,layanan grab tidak memuaskan drivernya banyak scam nya
178,Pengguna Google,1,2026-08-27 18:15:23,akun tiba logout sendiri dan saat login kembali ada tulisan akun di tangguhkan aneh padahal ga ngapa in cuma pesan food kayak biasa akhirnya ngajuin banding di formulir yg tertera bilangnya suruh nunggu 5 hari kerja untuk dapat sms hasil peninjauan tapi ini terhitung hari ini tgl 27 agust 2026 sudah 3 minggu lebih blm ada sms apapun dari tim grab nanya ke cs via ig dan fb jawaban nya template semua sy pengguna setia loh tapi entah kenapa tiba akun dibilang ga wajar aneh banget
179,Pengguna Google,2,2026-08-27 17:29:27,ongkir buat grab foodnya lebih mahal
180,Pengguna Google,5,2026-08-27 16:34:57,baguss suka sama aplikasi ini sangat membantu
181,Pengguna Google,1,2026-08-27 15:25:50,ga pernah bisa sekali langsung dapat driver ada aja alasannya ga ada disiplin
182,Pengguna Google,5,2026-08-27 15:21:01,driver nya slalu ramah bersih cepat dan amanah bangett aku sm kakakku pelajar pekerja yang biasanya lagi buru rekomen pake grab aja dehh terimakasih banyakk grabb
183,Pengguna Google,1,2026-08-27 14:48:23,tolong di ubah lagi kebijakannya dong masa aku pesan makanan pake vocer dan tiba tiba dari penjual dan driver yang membatalkan pemesanan setelah aku mau pesan lagi vocernya sudah tidak tersedia padahal penjual dan driver yang mebatalkan pemesanan lebih baik pakai indriver ongkir murah hanya 10rb enggak banyak embelembel grab mahal gak ada vocer apalagi lebih mahal stop pakai grab
184,Pengguna Google,2,2026-08-27 12:09:07,lha gob lok kok udah jalan jauh keluar bandara makin dekat ke titik jemput malah makin mahal tarifnya hade
185,Pengguna Google,1,2026-08-27 11:54:17,tiba tiba saya mendapat jemputan padahal saya tidak bisa memesan grab tolong gimana ini saya bilang ke teman teman saya katanya tidak memesan grab tolong
186,Pengguna Google,4,2026-08-27 11:11:52,gaje anjir grab udh ditunggu pesanan dibatalin lah di lamain lah sibal
187,Pengguna Google,1,2026-08-27 09:32:01,kebanyakan driver pilih harga mahal jarak deket cuma 1km di ambil giliran pake yang murah banyak cansel tak jelas emang
188,Pengguna Google,1,2026-08-27 09:11:31,jujur saya sangat kecewa dengan pelayanan grab saat berkomunikasi dengan pihak grab untuk menyampaikan keluhan dan belum selesai menyampaikan keluhannya chatt sudah ditutup saya pesan makanan dengan ongkir prioritas kenapa malah sampai terlambat 20 menit
189,Pengguna Google,5,2026-08-27 08:19:06,aplikasi ini sangat membantu untuk perjalanan dan kebutuhan masyarakat
190,Pengguna Google,1,2026-08-27 07:54:10,masa qris nya dikasih cuma 1 menit bagaimana klau hp seseorang konsumen lelet jaringan bakal lama itu minimal kasih waktu 2 3menit
191,Pengguna Google,4,2026-08-27 06:13:52,untuk driver mohon kalo penumpang belum menuju titik lokasi dan driver nya sudah ada di titik lokasi mohon ditunggu dulu minimal 2 3 menit an jangan asal batalin tunggu persetujuan dari penumpang
192,Pengguna Google,5,2026-08-27 03:27:46,usahain lah paman hematnya nonstop lagi soalnya banyak yang berpindah alih ke gojeg
193,Pengguna Google,1,2026-08-26 22:47:39,aplikasi penjajah ini jelekin maxim paling murah ternyata dia yg paling murah grab car hemat 3kilo lebih masih 13rbuu gila gojek pun ikut2 layanan tarif murah makin di peras driver di buat nya
194,Pengguna Google,1,2026-08-26 22:01:03,ibu gue di luar pesen mie ayam buat gue makan di rumah itu gue nungguin hampur 3 jam di cancel mulu gak mau sama sekali bales chat dan dia cancel mulu aku udah nungguij katanya jam 9 25 bakal dateng tapi di cancel lagi sama dia sekarang gue nungguin sampe jam 10 lu bayangin ibu gue pesen dari jam 7 sekarang ham 9 45 dia belum dateng sama sekali sekarang jam 9 58 perut aku laper banget terus ibu gue nelfon dan katanya di cancel gue nungguin 3 jam lu bayangin aja perut gue udah laper banget
195,Pengguna Google,5,2026-08-26 21:00:30,dengan grab kita dipermudah terutama ketika kita keluar kota dimanapaun kapanpun bisa diorder
196,Pengguna Google,2,2026-08-26 20:51:56,grab car nya selalu buat alesan customer nunggu selalu nyuruh customer ngebatalin juga karena dia gamau batalin sendiri
197,Pengguna Google,5,2026-08-26 20:15:37,alhamdulillah so far so good
198,Pengguna Google,5,2026-08-26 20:05:47,aku selalu memakai grab tapi akhir akhir ini promo 7rb an nya udh ga ada sedih bgt
199,Pengguna Google,5,2026-08-26 20:03:21,mntap mksh grab atas solusi dan penggantian k dompet tunai sya alhamdulillah
200,Pengguna Google,1,2026-08-26 19:12:51,aplikasi ga jelas mesan makanan nunggu berjam2 tapi ga dapat pengemudinya padahal banyak nganggur bertebaran di area restonya ga bisa di batalin pula trus fitur mesan beda tempat untuk apa klo ujung2nya beda pengemudi dipisah padahal lokasinya restonya hanya beberapa meter
201,Pengguna Google,1,2026-08-26 19:12:23,gk pernah ada promo buat apa bikin appnya gimana customer mau make appnya 1 promo pun tidak pernah tersedia
202,Pengguna Google,3,2026-08-26 19:04:53,knp sekarang lemot sekali padahal saya buka aplikasi yg lain lancar2 aja pas buka aplikasi ini kaya yg ngk punya kuata lelet
203,Pengguna Google,1,2026-08-26 18:02:03,grab sekarang jelek banget tdak kya dl
204,Pengguna Google,2,2026-08-26 17:51:59,tolong bgt untuk misi kalo misal rewardnya udh abis jangan di munculin misi nya saya udh ngerjain misi ke habisan reward di hp lain saya liat misinya msh di munculin kasian yg gatau
206,Pengguna Google,5,2026-08-26 17:33:17,tingkatkan kondisi berjalan mu para driver semangat ya
207,Pengguna Google,1,2026-08-26 16:56:59,udah dibayar pake ovo di bayar lagi kok diem aja pak sya bayar 2x
208,Pengguna Google,5,2026-08-26 16:37:37,bagus lebih oke dari aplikasi g0jek
209,Pengguna Google,1,2026-08-26 15:17:14,cm gojek yg mensejahterakan driver nya ga kayak grab nambah driver mulu cm mentingin jualan jaket sementara driver ga dipikirin orderan sm driver ga seimbang manajemen bobrok
210,Pengguna Google,4,2026-08-26 14:34:24,semua yg ada didunia tidak ada yg sempurna
211,Pengguna Google,2,2026-08-26 14:00:07,riwayat pesanan tidak dapat di hapus
212,Pengguna Google,1,2026-08-26 13:52:34,layanan grabfood semakin buruk bahan untuk jarak dekat pun sangat lama meski pilih priority
213,Pengguna Google,1,2026-08-26 12:42:36,cari grabcar skarang susah banget knp ya
214,Pengguna Google,1,2026-08-26 11:31:02,pembaruan petamu kurang valid banyak yang hilang males otak atik lagi lokasi gak ketemu biikin ribet udh enak peta sebelumnya eh pas order nyari alamat lagi yg tidak tertera ribet
215,Pengguna Google,1,2026-08-26 11:17:48,grab hemat 7 ribu hilang muncul kenapa tidak tetap coba ttap bisa menghemat uang pdhal
216,Pengguna Google,2,2026-08-26 11:03:24,kenapa slalu salah d titik penjemputan ga akurat ya
217,Pengguna Google,3,2026-08-26 10:33:04,iklan grab ganggu banget pas lagi ngerjain tugas muncul iklan grab jadi kehapus semua kan
218,Pengguna Google,2,2026-08-26 08:50:43,tolong ya buat aplikasi grab ini terutama buat para semua driver grab tolong di perhatikan soal masalah pembayaran setelah sampai tujuan mengantar penumpangnya sampe rumah untuk selalu menyediakan uang receh untuk uang kembalianya saya termasuk salah satu penumpang yang selalu harus mencari dan menukarkan uang kembalianya sendiri apabila driver selalu ngeluh tidak ada kembalianya tolong di perhatikan ya hal2 sekecil ini ini terjadi pada saya bukan sekali dua kali aja tapi berkali2 mksh
219,Pengguna Google,1,2026-08-26 08:18:22,dapat pengalaman buruk gegara masalah notif grab awalnya gw pesen makanan setelah itu gw nggame buat standby barangkali kurirnya ngabarin dah sampe dan gw tunggu lama gd notif samasekali giliran kluar rumah kurirnya udh didepan dan marah katanya udah ditelfon berkali tapi ga diangkat gw coba cek aplikasinya ternyata dia nelfon 7 tapi samasekali gada notif woi padahal semua izin notif gw idupin gw ga ngaktifin mode jngan ganggu jadi gaenak sama kurirnya padahal salah apliakasinya
220,Pengguna Google,4,2026-08-26 07:29:26,terus terang saya lebih suka versi yang sebelum pembaruan ini karena ketika memesan grab bike hemat atau grab car hemat aplikasi pembaca layar tunanetra yang saya gunakan bisa mendeskripsikan apakah itu bait car hemat atau biasa jadi mohon dikembalikan tampilannya seperti kemarin supaya lebih aksesibel dan ramah pembaca layar tunanetra
221,Pengguna Google,1,2026-08-26 07:11:04,udah berkali kali pesen sampe 11x driver ngga ada jalan stuck chat ngga fi bls dihubungi ngga bisa tolong yah kalau ngga mau ambil orderan jangan gantung gitu padahal cust itu bayar bukan nebeng gratis saya ngga pake promo tetep aja driver grab semua kaya gitu apalagi kalau pake promo kecewa bgt dengan pelayanan ini dari dulu saya cuek tapi ini saya udah kesel tolong di tindak driver yang kaya gitu orderan di ambil tapi masih stuck ngga jalan jalan sampe satu jam saya nunggu
222,Pengguna Google,1,2026-08-26 07:10:29,sering susah dapet driver aplikasi nya g jelas
223,Pengguna Google,1,2026-08-26 06:24:30,knp ga nyari driver yg deket ada yg deket dptnya yg jauh selalu nunggu
224,Pengguna Google,2,2026-08-26 04:46:29,baru saja ngalamin verifikasi jaket bersamaan masuk dengan orderan akibatnya orderan tercancel otomatis seolah olah ditolak driver tolong perbaiki sistemnya agar tidak merugikan driver seperti ini
225,Pengguna Google,5,2026-08-26 03:47:45,tolong driver dikasi sop yang bener saya udah sering banget dengerin driver ngomel berdecak padahal saya selalu diam selalu stand by sebelum driver datang gara macet emosi lah saya gatau jalan emosi apa apa emosi
226,Pengguna Google,5,2026-08-26 02:13:13,kenapa pas login saya masukan email selalu salah susah bgt masa bikin akun doang minta solusinya dong
227,Pengguna Google,5,2026-08-25 23:50:12,premier southeast asian super app covering e hailing rides food delivery logistics and digital financial management
228,Pengguna Google,5,2026-08-25 20:06:55,pesanan saya dari tanggal 21 agustus 2026 sampai saat ini 22 agustus 2026 blm juga sampai dan tidak bisa di batalkan saldo ovo sudah terpotong mohon dapat di batalkan saja dan kembalikan saldonya terimakasih kode pesanan gf 028 nnti saya perbaiki rating setelah saldo kembali terimakasih terimakasih saldo ovo saya kembali walaupun lama
229,Pengguna Google,1,2026-08-25 19:31:05,pesan makanan digrab lama dapet driver bukan main pantes banyak yang dipindah diaplikasi sebelah
230,Pengguna Google,3,2026-08-25 19:21:56,grab tuh kenapa sih setiap habis magrib jaringannya gak ada sudah satu minggu seperti ini padahal aplikasi online lain semuanya lancar2 saja saat dicoba mau beli makanan aja susah banget rasanya lewat grab
231,Pengguna Google,1,2026-08-25 17:33:27,saya dapat pengalaman sangat buruk oleh pengemudi driver yang membuat saya takut dan trauma naik grab lagi saya sudah lapor tapi tak tidak ada follow up yang jelas dari aplikasi
232,Pengguna Google,1,2026-08-25 17:27:47,muak banget kak nunggu grabcar ga ada ada pas urgent di perantauan
233,Pengguna Google,5,2026-08-25 16:03:49,dengan grab jd lebih mudah saat dibutuhkan
234,Pengguna Google,5,2026-08-25 15:52:40,grabfood is a practical choice for ordering food without leaving home the large number of restaurants frequent promotions and integration with other grab services make it especially convenient for regular users
236,Pengguna Google,1,2026-08-25 13:48:44,di kota jambi mayoritas penguna slot 6500 jangan lagi di batasi biar dapat semua
237,Pengguna Google,3,2026-08-25 13:14:20,ganggu banget di iklan tapi fungsi nya bagus tapi iklan ny
238,Pengguna Google,2,2026-08-25 12:20:02,aplikasinya suka eror kalau masalah sinyal sinyal saya udah bagus tapi dia suka eror
239,Pengguna Google,1,2026-08-25 09:51:49,iklan lu nyebelin maksa banget bisa ga ga ush masuk ke apk kalo udh iklan maksa banget ngeselin
240,Pengguna Google,2,2026-08-25 09:49:35,ribet klo mau login pake muka gagal trs mempersulit org login lama kadang ga terverif muka nya aneh ribet aplikasi ribet mempersulit aja aneh
241,Pengguna Google,1,2026-08-25 06:49:25,selamat pagi bapak ibu pihak grab saya mau nanya perusahaan kalian grab anti kritik atau sebuah perusahaan yng terbuka trhadap saran dan kritik untk kemajuan perusahan trsbut sya mau kasih saran aja ya perbaiki layanan kalian mau itu espress tolong diperbaiki krna sama sekali tidak express smntara layanan kalian yang biasa mnurut sya itu cuma cara kalian mempermainkan konsumen agar beralih ke mode express smntra pilihannya yg katanya express jga tidak expres berbenahlah kalian
242,Pengguna Google,1,2026-08-25 06:09:08,php saya beli obat di apotek pakai aplikasi grab lama tidak dapat driver tapi tidak bisa di batalkan karena tidak ada pilihan pembatalan nya sedangkan saya sudah payment
243,Pengguna Google,4,2026-08-25 01:41:46,tarif nya kl naik grabbike naik ya yg awal nya cuma 10rb jdi 30rban trs setiap sya pesan grab food lama juga lebih di perbaiki ya min
244,Pengguna Google,5,2026-08-25 00:53:52,pelayanan grab di sta woosh tegalluar jam 10 55 tgl 24 8 2026 setelah turun dari kereta lalu di sta woosh tegalluar ditawarkan grabnow oleh pelayan grab menuju sumarecon proyek borromeus bandung sy setuju dengan yg ditawarkan tsb dengan bayar qris team pelayan dari grab menyuruh saya naik ke mobil diperjalanan sambil obrol dengan driver mengenai bayar qris tsb tapi driver bilang qris lagi ga bisa bisa nya tf ovo saya butuh bukti transaksi utk di reumbers kantor bukti tf ovo ada di sy
245,Pengguna Google,4,2026-08-24 23:33:51,tolong dong setiap mau di pake pasti harus di update dlu
246,Pengguna Google,1,2026-08-24 21:19:04,mesan makanan nunggu sampe 2 jam an baru sampe cs nya juga kurang
247,Pengguna Google,1,2026-08-24 20:52:52,knp tiap mau buka aplikasinya hrs update mulu pas mau update susah ruang penyimpanan penuh hrs ada aplikasi yg di hapus
248,Pengguna Google,1,2026-08-24 20:47:06,sekarang kenapa grab car ribet banget ya kalo mau pesen contoh saya mau pesen grab standart eh nunggu dulu smpe 20 menit kadang udah dapet malah di cancel terus pilih grab car listrik sama nunggu dulu kenapa sih ga kyk dulu lagi aja yg deket itu langsung dapet
249,Pengguna Google,3,2026-08-24 20:26:12,pesanan makanan selalu terlambat padahal sudah pakai prioritas
250,Pengguna Google,2,2026-08-24 20:20:53,coba diperbaiki aplikasinya saya sering chat driver tapi sering gak kekirim walau wifi saya secepat the flash sibuk mutar mutar aja tandanya
251,Pengguna Google,5,2026-08-24 19:18:57,cepat aman dan nyaman terimakasih abang ojol
252,Pengguna Google,4,2026-08-24 18:06:52,saya pesan resto cikande serang nganter ke jayanti tangerang nga pernah dapat driver pendahal driver banyak pas saya samperin ke resto nya
253,Pengguna Google,1,2026-08-24 17:24:58,tolong beri animasi kendaraan yang mengantarkan pesanan menjadi bisa berjalan agar customer bisa mengetahui keberadaan si pengantar
254,Pengguna Google,5,2026-08-24 17:16:08,abang grab ramah sepanjang perjalanan sambil ngobrol tapi abangnya tetep konsentrasi selana dalam perjalanan
255,Pengguna Google,1,2026-08-24 17:15:49,aplikasi lemot saat tau butuh kendaraan harga tiba tiba naik
256,Pengguna Google,1,2026-08-24 17:04:12,pembayaran tunai tidak menemukan pengemudi sama sekali dan menunggu lama
257,Pengguna Google,1,2026-08-24 16:50:02,apa apaan iklan nya maksa banget sampai kagak di kasih tanda silang buat ngeskip udah kek aplikasi apaan aja mirip tuh kayak apk sebelah sama sama gamau di skip dan maksa masuk ke apk nya jelek
258,Pengguna Google,1,2026-08-24 16:16:58,ojol sekarang dikit minta uang parkir dulu pernah saya cek tanya ke sellernya apakah tokonya menyediakan tempat parkir gratis dan jawabannya iya trus saya tanya kenapa pihak ojol meminta uang parkir akhirnya saya tanya ke ojolnya langsung dia bingung jawabnya akhirnya skrng tau kalo uang parkir itu cuma kedok sebenernya cuma buat tambahan isi dompet mereka walaupun 3 tp hasil nipu di kali aja 3 x10 orderan 30
259,Pengguna Google,3,2026-08-24 16:12:33,tolong skrng grab suka hilang koneksi padahal semua apk yg internet lancar loh tolong baikin jadi lama mau pesen motor
260,Pengguna Google,3,2026-08-24 15:58:49,sudah cukup bagus sedikit saran untuk kelengkapan maps nya masih kurang
261,Pengguna Google,2,2026-08-24 15:12:19,maaf saya kasih 2 bintang karena greb makin lama makin ngelag sampe saya selalu telat sekolah karena greb ngelag padahal jaringan saya bagus bagus saja udah pesen yang greb bike hemat malah tiba tiba aplikasi kepencet bike standar hedehh
262,Pengguna Google,5,2026-08-24 14:48:44,aplikasi grab memudahkan untuk berpergian kemana saja dengan harga terjangkau dan bisa pesan makanan yang kita inginkan dengan mudah dan langsung diantar jadi tidak repot lagi
263,Pengguna Google,4,2026-08-24 12:47:37,sekarang susah nyari driver sekalinya dapet di cancel2 terus karna katanya harganya terlalu murah sedangkan di aplikasinya sudah tercantum segitu kalo emang drivernya merasa keberatan kenapa ga di naikin aja harga di aplikasinya jadi susah mau kemana2 kalo di cancel terus sma driver cuma karna harganya murah pdhl kn bukan kita sendiri yg matok harganya
264,Pengguna Google,1,2026-08-24 12:23:01,selalu kesulitan setiap kali mau bepergian selalu saja tidak mendapatkan kendaraan kadang pesan sampai hampir satu jam baru dapat kendaraan aneh begitu banyak driver grab lalu kemana aja saat ada pesanan bener kecewa sama aplikasi grab ini otw ganti lah
265,Pengguna Google,1,2026-08-24 10:47:00,mau co pake grabmart pas selesai top up tombol keranjangnya di hilangin apa coba maksudnya
266,Pengguna Google,5,2026-08-24 09:05:10,driver ramah baik mau bantu barang bawaan
267,Pengguna Google,4,2026-08-24 08:18:11,pas milih tujuan per gate nya ga di tunjukin mana mana nya di map
268,Pengguna Google,5,2026-08-24 07:09:39,drivernya baik sopan santun dan ramah
269,Pengguna Google,5,2026-08-24 07:05:52,sangat puas karna gercep banget dan yang jelas tidak menunggu lama
270,Pengguna Google,2,2026-08-24 06:58:41,ongkir mahal saudara pesan makan via online pas diterima driver kadang kurang senyum bikin makan jd ilfeel
271,Pengguna Google,2,2026-08-24 06:41:10,gak tau kenapa grab tiba tiba kayak ada error di sistem seperti harus masukin lokasi lagi tiap mau pake harga tiba tiba naik pengemudi gak ada padahal di sekitaran sudah ada tapi kenapa tidak bisa terakses tersambung dengan pengemudi tolong pada pihak grab benerin sistemnya biar kayak dulu lagi
272,Pengguna Google,1,2026-08-24 03:27:33,penumpang membatalkan order sepihak padahal sudah konfirmasi menuju lokasi jemput dikira gampang ngeluar masukin mobil subuh subuh minta sekejap nyampe
273,Pengguna Google,1,2026-08-24 02:55:43,aplikasi gajelas cs pun gaada solusinya sama sekali sangat tidak berguna
274,Pengguna Google,1,2026-08-24 01:33:05,driver banyak dibuat lama dapetnya makanan keburu dingin tolol maksudmu apa hah
275,Pengguna Google,1,2026-08-23 23:17:27,tolol grab hemat segala di ada batas jam nya sekalian aja kalo perlu apus aja grab hematnya reguler only
276,Pengguna Google,2,2026-08-23 22:13:48,harga mahal pesan makanan dan minuman ongkos kirim ny terlalu mahal pesan air botol sedang ongkos ny sampai 15 an
277,Pengguna Google,5,2026-08-23 21:33:55,aplikasi yang cocok dan hebat untuk kebutuhan mendadak
278,Pengguna Google,1,2026-08-23 20:36:27,aplikasi ini gk bisa install di semua tab
279,Pengguna Google,1,2026-08-23 20:36:23,semakin lama semakin ribet dan ga jelas
280,Pengguna Google,2,2026-08-23 20:10:20,pesan makanan luam bgt tau2 ternyata di cancel dah kelaperan lag banyak outlet tutup gaada konfir ke apk apknya jg lama bg dpt driver gaada menu batalin lag kelaparan bgt asl jengke sama sistem food delivery nyaa buat antar jemputnya enak murah jg tpi buat pesen makanan gak lag trauma nunggu lama2 ternyata gaada alias dibatalin pesen dri jm 6 sore dicancel3 trs sm resto sklinya dpt luam trs ternyata di cancel jg taunya tutup smpe jm 8 mlm blm mkn
281,Pengguna Google,5,2026-08-23 19:24:11,ramah sopan mantap terimakasih ya mas
282,Pengguna Google,2,2026-08-23 19:05:23,hati hati banyak masakan china yang tidak halal tidak dibuat dipisahkan halal atau tidak mohon dipisahkan makanan halal dan tidak banyak yang terjebak
283,Pengguna Google,1,2026-08-23 18:47:06,loading aplikasinya terlalu jelek padahal sinyal nya bagus saya pakai aplikasi lain okeoke aja tapi grab selalu ajaa ngelek aplikasinua
284,Pengguna Google,5,2026-08-23 17:56:54,apl sangat bgus untuk memesan mkanan tanpa keluar rumah dan bnyak diskon nya trima kasih grab
285,Pengguna Google,2,2026-08-23 17:38:30,pelit promo sebel banget tiap hari make mau itu kendaraan atau pesen makan tapi bener2 dah pelitny belanja makan diatas 70 rebu aja kagak dpt potongan sering banget gua
286,Pengguna Google,5,2026-08-23 17:34:20,menurutku ini penting banget disaat aku butuh ada yang mengantar jemput ongkosnya pun murah dan suka ada disko
287,Pengguna Google,1,2026-08-23 17:15:18,saya sangat kecewa grab di meulaboh saya sudah tunggu lama 3 pesanan 2 jam lebih padahal saya pake prioritas masih aja estimasi di undur dari 16 20 18 00 udh lapor berkali kali masih sama saya sungguh sungguh kecewa sama app ini
288,Pengguna Google,5,2026-08-23 16:46:58,pengemudi cepat datangnya tidak menunggu lama
289,Pengguna Google,2,2026-08-23 16:05:40,chat dan tlp dari mitra pengemudi tidak masuk hp padahal sinyal baik
290,Pengguna Google,5,2026-08-23 15:39:27,alhamdulilah perjalanan nya lancar dreiver nya ramah dan baik
291,Pengguna Google,1,2026-08-23 14:59:55,penanganan kebijakannya makin menurun dan ga ada solusinya
292,Pengguna Google,1,2026-08-23 13:33:08,kalo update tuh ngotak dong masa iya 1 minggu udh 3x update mulu udh gtu klo pelayanan driver resto ga sopan sya nyesek wktu itu saya dri stasiun tebet ke pspt bayar cuma 7rb krna duit saya ga ada cuma ada10 ya saya terpaksa naik trus sampai lokasi si driver tidak di kembalikan uang sya pdhl saya lgi cekak bgt biasanya sya ksh lebih eh ini saya bnar bnar cekak tidak di kembalikan sama driver trus dpt notif pengembalian uang 3rb lewat apk pas mau di gunakan tidak bisa yaudah lah sy kecewa
293,Pengguna Google,1,2026-08-23 12:28:07,gila ni aplikasi promo gak bisa dipake giliran ganti nomor pas gue lagi mesan makanan akun malah ditangguhkan
294,Pengguna Google,5,2026-08-23 12:03:40,aplikasi ini sangat bagus dan membantu sayah
295,Pengguna Google,5,2026-08-23 11:30:31,lebih murah dan bagus dari pada gojek
296,Pengguna Google,5,2026-08-23 11:04:15,lokasi nya gk sesuai sama saat salin nama tempat di google map jadi pusing nyari in ancer ancer nya
297,Pengguna Google,3,2026-08-23 09:38:47,pertama aja bagus tapi mala bug ups
298,Pengguna Google,1,2026-08-23 09:37:55,banyak driver yang di atas umu 28 ke atas yang gk paham maps padahal udah sesui titik malah tanya mulu padahal wilayahnya sendiri dasar orang tua jaman sekarang
299,Pengguna Google,1,2026-08-23 09:27:44,saya sungguh kecewa sm aplikasi ini disaat sy urgent waktu dan keadaan sy gabisa pesan grab motor manapun biaya ga ditampilin gabisa order di menu seolah sy dipaksa order mobil lantas sy uninstall ini aplikasi saya gaakan rekomen aplikasi ini lagi developer sungguh tidak kompeten bad sy sngt kecewa krna saat itu sy sedang urgent sekali gaakan sy download dan pakai aplikasi ini lagi
300,Pengguna Google,1,2026-08-23 08:08:07,kenapa tiap hari jd update terus
301,Pengguna Google,1,2026-08-23 06:28:57,terutama kejujuran klo bisa sesuai aplikasi kasihan klo org yg tidak tau
302,Pengguna Google,1,2026-08-23 06:00:44,gak jelas malah gak bisa pesan grab bike atau grab car
303,Pengguna Google,5,2026-08-23 05:38:25,sangat sopan dan baikhati serta dapat dipercaya
304,Pengguna Google,5,2026-08-23 03:45:16,sangat membantu bisa buat kemana aaja
305,Pengguna Google,1,2026-08-23 01:01:44,kacau grab ongkosnya melebihi bajay murah nya
306,Pengguna Google,1,2026-08-22 20:35:36,servisnya untuk grab food kacau sudah selalu kejadian sudah pesan yang pengantaran prioritaspun pasti estimasinya selalu ngaret 10 20 menit gapapa ngaretnya pasti 30 menit keatas barusan banget pesen makanan waktu estimasi sampainya mundur mundur terus saya tunggu dari semula 19 00 jadi 19 25 terakhir jadi 19 40 terus pesanan dibatalkan sepihak oleh merchant katanya mau tutup okelah kalo itumasalah ada di merchant harusnya pihak grab menghilangkan opsi pembatalan bagi merchant
307,Pengguna Google,5,2026-08-22 20:22:49,kalo ojolnya dari pengalaman saya selalu nyaman dari pada mobil
308,Pengguna Google,1,2026-08-22 18:49:32,abis pemasangan gps anti maling penggantian unit selalu km hilang tolong dong grab kamu baik banget
309,Pengguna Google,1,2026-08-22 18:38:57,promo nya hilang semua pas di update padahal member bulanan byr trs
310,Pengguna Google,1,2026-08-22 17:37:25,grabmart jelek mana ga bisa lihat bukti kirim dimana tau2 langsung diselesaikan aja barang blm sampe
311,Pengguna Google,1,2026-08-22 17:17:48,aplikasi yg pegawainya pendendam dan anti kritik dikomplain karna kesalahan mereka langsung dendam dan semua voucher yg udah saya kumpulin berbulan bulan dihapus semua sama pihak grab karna mereka dendam dikomplain
312,Pengguna Google,1,2026-08-22 16:59:25,kan bertemu depan pintu ada masak saya disuruh jumpai di depan dia duduk di kereta terus di minta tolongi naik karna saya sedang tidak enak badan katanya kalau mereka tidak ngantar depan pintu karna mereka bukan babu yg bilang mereka babu siap kan emang peraturan ada hapus saja fitur bertemu depan pintu bnyk driver food tdk mau depan pintu mengantarkan
313,Pengguna Google,5,2026-08-22 15:32:37,oke baik klu aq pesen greb alhamdulillah baik sampai tujuan
314,Pengguna Google,1,2026-08-22 13:40:08,sebagai customore saya ke beratan di parkir buat driver grab di aplikasi saya sudah kepotong kadang 5 7 tapi kadang masih ada aja driver yang minta uang parkir lagi
315,Pengguna Google,3,2026-08-22 12:34:20,kenapa setiap aku order grab bike selalu gaada yang terima sih suka ada alesan kejauhan lah kan kita bayar ngga gratis kenapa susah banget sih heran aku
316,Pengguna Google,2,2026-08-22 12:09:49,apa ini app sudah lambat terima mahal lagi
317,Pengguna Google,2,2026-08-22 11:57:39,masih ada bug sering eror tiap isi token pake diskon diskonya kadang muncul kadang ga
318,Pengguna Google,1,2026-08-22 10:35:22,apk bikin pusing pesan grapcar selalu ditanyakan bersama siapa keluarga dll tak ada pilihan buat sendiri keluar dari pesan itu sudah berada di halaman depan ulang lg pesan begitu terus terusan akhirnya saya pesan ke jasa car lain tau driver dari grab datang kan ini bikin pusing pengguna
319,Pengguna Google,2,2026-08-22 02:33:26,sok palingan sibuk semua nya gak sesuai dan mahal nya gila
321,Pengguna Google,1,2026-08-21 22:13:59,apa apaan ini saya baru aja daftar akun dan saya belum pernah menggunakan apk ini kenapa akun saya bisa di bekukan aneh banget dah
322,Pengguna Google,5,2026-08-21 21:46:55,bagus dan cocok buat kemana aja cuman driver nya tolong dijaga ya sifatnya soalnya driver terkadang berkata kasar atau mengejek pelanggan
323,Pengguna Google,5,2026-08-21 20:24:39,aplikasi grab paling bagus dan pengemudinya paling cpt tiba di lokasi penjemputan
324,Pengguna Google,1,2026-08-21 19:21:26,saya ngisi ovo sampai sekarang belum masuk apknya jelek sekali
325,Pengguna Google,4,2026-08-21 18:04:56,mohon maaf kepada pihak grab sebaiknya ada pelatihan etika kepada drivernya saya memesan makanan dan di estimasi waktu masih lama tapi driver datang jauh sebelum waktunya sehingga saya tidak berada di lokasi karena ada kegiatan lain alhasil driver marah marah kepada saya saya sungguh kesal tolong diperbaiki sistemnya estimasi waktu tolong diperbaiki juga etika kepada driver karena menurunkan tingkat kepuasan konsumen terimakasih
326,Pengguna Google,5,2026-08-21 16:42:07,lumayan membantu bagus aplikasi nya bro
327,Pengguna Google,1,2026-08-21 15:57:40,adain batal kan pesanan di grabfood gimana ini ga bsa batalkan makanan
328,Pengguna Google,3,2026-08-21 15:13:17,harus diperbaiki sistem nya sering banget peta nya loncat g jelas
329,Pengguna Google,1,2026-08-21 15:03:22,makin milih2 orang yg kerja jadi driver
330,Pengguna Google,1,2026-08-21 14:29:10,ngga ada kesejahteraan buat mitranya potongan ngga ngotak katanya lagi ada zona slot yang reguler suruh gigit jari
331,Pengguna Google,5,2026-08-21 14:17:42,terimakasih yaa sdh antar belanjaan saya ke gg perintis dengan aman
332,Pengguna Google,4,2026-08-21 13:18:52,good adain lagi promo grb food nya jgn hanya resto tertentu
333,Pengguna Google,1,2026-08-21 12:34:38,memilukan saya dicancel driver gegara titik lokasi yang biasa ku gunakan berubah
334,Pengguna Google,1,2026-08-21 11:22:03,pesan makanan lama banget 3 jam ga dateng dateng di cancel ga bisa
335,Pengguna Google,1,2026-08-21 10:43:47,skrg knpa gk bisa klik layanan bantuan grab mkin dibuat ribet aja harus dri aplikasi saja jgn buka web lagi
336,Pengguna Google,5,2026-08-21 10:34:00,sangat terbantu dengan adanya grab pergi mengantar orang sakit
337,Pengguna Google,1,2026-08-21 10:23:12,apk jelek kasian drivernya di potong besar sekarang malah main prioritas lg ke vendor
338,Pengguna Google,2,2026-08-21 09:42:50,map nggak akurasi di pilih grab car yang keluar grab bike ade capek deh
339,Pengguna Google,1,2026-08-21 08:38:15,tarifnya g jelas kadang 7 kadang 15rb
340,Pengguna Google,5,2026-08-21 07:54:07,cuma mau tanya kira kira grab bisa ga ya cuma satu kurir bawa customer kemana mana ngerti ga klo bisa mau dongg biar sekali bayar klo udh selesai
341,Pengguna Google,1,2026-08-21 07:43:22,grabnya jelek drivernya ga ada yg mau jemput pada males apa gimana tu si driver driver yg males ngambil mending di blacklist dari grab
342,Pengguna Google,2,2026-08-21 06:30:36,verifikasi lewat wa tidak ada kode diminta verifikasi sms tidak di kirim kode malah verifikasi robot atau manusia gitu mulu susah daftar penumpang
343,Pengguna Google,5,2026-08-21 05:15:31,sapety riding berkendara nya cakap
344,Pengguna Google,1,2026-08-21 03:32:28,saya cuma punya uang pas2an dan posisi memang sudah malam dan bukan jam crowded saya sangat kelaparan waktu itu tapi pihak grab tidak bisa mempercepat layanan dicancel pun tidak bisa keterangan hanya orderan sudah diterima tapi gak ada driver yang pick up sama sekali saya sangat kecewa dengan layanan ini
345,Pengguna Google,4,2026-08-21 00:31:02,apaan coba grab unlimited tetap murahan shopee yang gak perlu pake bantuan apa apa
346,Pengguna Google,5,2026-08-20 23:51:58,nominal berubah setelah saya checkout tetapi grab mendengarkan keluhan pelanggan dan sangat solutif
347,Pengguna Google,3,2026-08-20 22:40:13,update terus update terus padahal tiap hari di pake
348,Pengguna Google,5,2026-08-20 21:06:49,jika akan bepergian perlu sekali apkikasi ini
349,Pengguna Google,1,2026-08-20 20:57:00,henat driver ssh dpt gak jelas
350,Pengguna Google,1,2026-08-20 20:27:10,voucher pulsa sering ilang2 an padahal belum dipake udah ilang kalo sekali si gpp tapi ini ber kali kali
351,Pengguna Google,2,2026-08-20 20:11:52,mahal banget biaya orderan nya tolong diperhatikan lagi trims
352,Pengguna Google,5,2026-08-20 19:25:41,apk nya udh bagus tpi driver kebanyakan pda sok preman klo dteng ke resto gtu suka gmau sabar buat nunggu tau sih lgi emg dia jga lgi di tunggu tpi sabar lah weh gw jga kerja sma karyawan di resto itu ga ngelayanin yg online doang tpi jga yg offline tolong klo gmau nunggu di cancel aja gtu dripda harus ngmng kasar ke karyawan laen krna gmau nunggu pesenan
353,Pengguna Google,1,2026-08-20 19:14:13,pembeli tidak bisa menghubungi penjual dengan cara chat padahal ingin mengoreksi pesanan cuman penjual yang bisa menghubungi pembeli
354,Pengguna Google,1,2026-08-20 19:11:48,aplikasi grab terlalu bgt tolong hps 4 jam harus di hps dulu nggak pake 4 jm
355,Pengguna Google,5,2026-08-20 18:54:01,saran ajh sih kalau bisa abg grabnya agak rama sikit jdi penumpang juga nyaman
356,Pengguna Google,1,2026-08-20 18:38:15,lemot bgt gila pdhl buka yg lain lancar
357,Pengguna Google,1,2026-08-20 18:35:13,cs kalo bayar ke aplikasi mahal banget ternyata driver dapat potongan banyak banget pantas driver sering ngeluh kenyataannya aplikator yg serakah makan potongan banyak dr driver jangan begitu kalo jadi aplikator
358,Pengguna Google,5,2026-08-20 18:28:45,aplikasi sudah bagus cuman kenapa saat transaksi pakai gopay nya tidak ada dulu ada sekarang ga ada tolong pihak grab untuk kasih fitur tambahan gopay untuk transaksinya
359,Pengguna Google,4,2026-08-20 15:14:47,kenapa di update ini ada verifikasi wajah bikin ribet aj
360,Pengguna Google,1,2026-08-20 14:35:39,aplikasi tolol merugikan driver masa argo naik mobil 12 ribu bikin aplikasi sepeda aja lo
361,Pengguna Google,5,2026-08-20 13:47:05,cucok selalu lengkap bakso campur nya lezatto
362,Pengguna Google,5,2026-08-20 12:35:13,saya sangat puas menggunakan grab ini komunikasinya gampang dan tepat waktu ketika di pesan
363,Pengguna Google,5,2026-08-20 10:50:10,mantap kalau narik malam ongkir naik bukan potongan yang gede supaya semangat narik plus ada bonus per trip nya cuma berharap hehehehe
364,Pengguna Google,1,2026-08-20 10:01:25,emang ya drever grab gx ada yg baik bentak sesuka hati mbok seng sabarr to pak
365,Pengguna Google,3,2026-08-20 09:39:20,bentar up date bentar up date celeh
366,Pengguna Google,1,2026-08-20 09:10:38,tolong dong ini masa ngak bisa dibatalin pesannya kalo berubah pikiran atau ngak perlu lagi kan jadi terpaksa
367,Pengguna Google,4,2026-08-20 08:24:39,masa ulasannya gua di bungkam bayangin aja gua bahas kenapa pesen makanan dari grab porsinya beda sama shopee food seharusnya adil nya gofood juga banyak porsinya tapi adminnya kaga paham wkwk kocak memang
368,Pengguna Google,5,2026-08-20 07:28:27,nyetir nya ok trs jujur sekali bapak nya sampe balik lagi kasih uang kembalian ke saya salut sm bapak nya smoga banyak berkat
369,Pengguna Google,1,2026-08-20 05:36:37,tambah kesini tambah buruk aja pengemudinya
370,Pengguna Google,5,2026-08-20 05:29:36,baik setia menunggu sampek ketemu putra saya sbb saya yg order ortunya diluar kota terimakasih banyak atas bantuannya
371,Pengguna Google,5,2026-08-20 05:08:04,lovee youu grabb banyak banget diskon nyaa maakasihh gra
372,Pengguna Google,1,2026-08-20 03:33:59,sulit lagi urgent ke rs engga ada yang mau ambil orderan anj grab car milih milih orderan
373,Pengguna Google,1,2026-08-20 00:22:07,grab t loll klo malem hematnya ilang ngorder deket doang aja 15rb kecewa
374,Pengguna Google,5,2026-08-19 22:51:50,kurang dari waktu yg ditentukan cepat
375,Pengguna Google,5,2026-08-19 20:34:08,tolong pembayaran nya bisa pake shopee pay
377,Pengguna Google,5,2026-08-19 19:52:14,mantap dan teruskan promo bagi penumpang lama dan baru ya mitra grab
378,Pengguna Google,2,2026-08-19 19:50:48,mohon di perbaiki untuk sistem nya masa pesen makanan jadi di double gitu kan jadinya sampe rumah udah gaenak gimana sih harusnya jangan gitu lah satu satu aja biar sampe rumah tuh masih anget enak dimakan kalau kaya gini gimana siapa yang ganti kalau makanan udah gaenak saya sangat kecewa benci
379,Pengguna Google,3,2026-08-19 18:29:15,kenapa sekarang driver pada minta tip kalo orderan food di atas 200 ribu ya
380,Pengguna Google,5,2026-08-19 18:23:19,terimakasih untuk pihak grab yang sudah membantu kami pihak driver semua masalah jadi terselesaikan
381,Pengguna Google,5,2026-08-19 17:13:25,grabfood is a food delivery service within the grab ecosystem users can browse restaurants order meals make payments and track deliveries through the application overall grabfood is convenient practical and easy to use
382,Pengguna Google,4,2026-08-19 17:03:47,grab pelit bgt soal voucher mana kadang drivernya kebut kebutaan nyalip2 membahayakan
383,Pengguna Google,1,2026-08-19 16:36:15,berjam jam ga dapat driver grab ride berjam jam juga order makanan gadapet driver sampai orderan bisa di cancel ntah apa yang salah track record di grab juga ga pernah jelek atau cancel order ongkir juga fluktuatif kadang murah kadang maha banget tapi dapet driver sulit tinggal juga di pusat kota bukan pedalaman aneh
384,Pengguna Google,5,2026-08-19 16:12:10,grab sangat mwmbantu bagi ibu2 yg tidak bisa pakai kendaraan
385,Pengguna Google,5,2026-08-19 13:08:03,mungkin akan lebih baik dan tidak akal akal memanipulasi pendapatan
386,Pengguna Google,3,2026-08-19 12:56:06,tolong dibikin tidak selalu harus menyalakan gps menyalakan gps kalau mau order aja
387,Pengguna Google,5,2026-08-19 12:23:06,aplikasi sangat membantu saat membutuhkan perjalanan yang urgen da bisa bawa keluarga
388,Pengguna Google,5,2026-08-19 11:23:17,semoga bisa lebih baik orderan nya
389,Pengguna Google,1,2026-08-19 10:50:17,kemapa lokasi lo gak jelas banget
390,Pengguna Google,4,2026-08-19 10:39:42,makin berat buat di dalam apk
391,Pengguna Google,1,2026-08-19 09:47:58,aplikasi paling sampah yang pernah saya pake saya pesan grab food dari jam 6 saya mau berangkat kerja jam 8 makanannya belum dateng juga udah jam 8 lewat bahkan sampe jam 10 masih belum dianterin mau dibatalin tapi ga bisa karena makanannya udah diambil sama drivernya saya ke servis center bukannya bantuin batalin malah di akhiri chatnya emang ini aplikasi gajelas drivernya sampah semua
392,Pengguna Google,5,2026-08-19 08:35:35,semoga semakin mudah dipergunakan dan selalu amanah
393,Pengguna Google,1,2026-08-19 07:45:05,percuma mahal mahal tarifnya semua driver grabcar tidak mau terima penumpang
394,Pengguna Google,3,2026-08-19 07:43:09,tolong maps nya di upgrade lagi
395,Pengguna Google,5,2026-08-19 07:22:53,semoga semakin lebih nyaman dan lebih exsis lagi
396,Pengguna Google,1,2026-08-19 06:26:12,pelayanan buruk pesanan di bawah 10k nggak ada yg mau ambil
397,Pengguna Google,5,2026-08-19 06:03:04,tlng kl grab ride ksh saya motor yg agak pendekan sprti beat mio fino genio scoopy tks
398,Pengguna Google,2,2026-08-18 22:17:17,ckup lumayan standing harga jangan terlalu cepat naik ya to job bike car nya saya ksih bintang 2 dlu krn untuk paylaternya susah didapatnya thx
399,Pengguna Google,1,2026-08-18 21:55:41,tolong kasih fitur tunda orderan orang kadang lupa pengen ganti orderan jadi gabisa
400,Pengguna Google,1,2026-08-18 21:10:13,terlalu mau ngambil untung x grab ini ya konsumen terlalu nunggu lama utk pesanan grab food yg gak di ambil2 dan gak bisa di cancel ngotak juga lah kalo kasih batas waktu itu ya jangan nampak x kapitalisnya grab tolong rubag itu batas waktu pesanan grab food jg konsumen gak di buat nunggu lama atau tambahin fitur cancel lah
401,Pengguna Google,5,2026-08-18 20:02:39,semua sudah baik terima kasih sudah ada terima kasih
402,Pengguna Google,1,2026-08-18 19:38:57,nelpon cs pake pulsa yang jawab bot pulak
403,Pengguna Google,5,2026-08-18 19:35:58,trmksih drver y sangat sopan dan baik
404,Pengguna Google,1,2026-08-18 19:05:27,pesan jam 12 malam sampe jam 3 gak selesai
405,Pengguna Google,3,2026-08-18 18:48:14,alhmdjlilh udh sering dapt pesanan tpi knapa udh beberpha kali dri aplikasi lama bgt dpet driver nya kdng juga nunggu smpe setengh jm baru dpet hadu
406,Pengguna Google,4,2026-08-18 18:14:28,perjalanan aman nyaman bisa mengejar waktu dengan berkendara bersama grab
407,Pengguna Google,1,2026-08-18 17:54:36,tidak bisa pesan mau login malah ditangguhkan
408,Pengguna Google,5,2026-08-18 17:29:32,memang top dan sangat membantu buat saya yg tidak bisa bersepedah motor
409,Pengguna Google,5,2026-08-18 16:51:06,puas bgt aplgi sma promo nya xixixi mna cepat lgi ngantarnya pdhal bkan prioritas
410,Pengguna Google,1,2026-08-18 16:07:59,tarif ga masuk logika perjalanan asli bukan garis lurus 2km tarif ketinggian di grab food km harga food terlalu tinggi ketimbang aplikasi yg laen cek2 hati2 sering aneh awal harga normal tau2 pas bayar berubah jauh jadi harga tinggi
411,Pengguna Google,1,2026-08-18 15:10:22,woy ajarin pengemudi nya cara baca maps yg bener ga cuman sekali dua kali tiga kali dpt driver ga bisa baca titik ini sering kek gini padahal titik gua ke baca di aplikasi sebelah di orange ke baca juga kok di grab salah titik mulu driver nya
412,Pengguna Google,2,2026-08-18 13:53:58,koneksi sllu bermasalah perbaikan lah buat kecewa aja
413,Pengguna Google,1,2026-08-18 13:38:46,pengantaran mahal jauh lebih murah apk sebelah
414,Pengguna Google,1,2026-08-18 13:13:44,pakai hemat percuma kagak ada yang mau drive nya zonk
415,Pengguna Google,1,2026-08-18 13:12:38,maaf sebelumnya saya mau tanya apakah bisa pembayaran nya bayar ditempat mohon dibantu jawab ya
416,Pengguna Google,1,2026-08-18 13:09:56,semakin mahal pesan makanan lewat grabfood
417,Pengguna Google,3,2026-08-18 12:08:30,mapnya perlu diperbarui sih gatau kenapa pas pesan sesuai titik malah di apk nih jauh gitu map di grab gak sesuai sama map bawaan hp
418,Pengguna Google,5,2026-08-18 11:37:52,semoga tetep menjadi yg terdepan aamiin yra
419,Pengguna Google,1,2026-08-18 11:37:34,pesen grab express susah nya minta ampun driver main dibatalin aja
420,Pengguna Google,2,2026-08-18 09:15:17,aplikasi lag mulu udah dapet driver malah crash
421,Pengguna Google,4,2026-08-18 08:25:53,sekarang agak lemot cari motor nya lama
422,Pengguna Google,1,2026-08-18 07:26:34,aplikasinya ga bisa di bukak knapa ya
423,Pengguna Google,5,2026-08-18 06:48:33,mantap mobil baru dan bersih respon cepat
424,Pengguna Google,5,2026-08-18 06:43:09,tapi kenapa ya tiba tiba saya susah dpt grabnya skg
425,Pengguna Google,3,2026-08-18 06:34:11,knp grab sekarang sering eror ya
426,Pengguna Google,1,2026-08-18 06:21:22,aplikasi tolol menyulitkan pengguna saya order makanan tapi terima pesanan lain sudah melakukan laporan ke pihak grab diminta tautkan ovo sudah saya tautkan tapi dibilang belum di tautkan jelas saya kirim screenshot layar kalau akun ovo saya sudah jadi menu pembayaran utama tapi masih dibilang tidak terhubung woy itu salah system kalian harusnya tanya it nya kenapa di pengguna sudah terhubung tapi di system komputer kalian belum tertaut terus juga kenapa mesti harus pake ovo tolol
427,Pengguna Google,1,2026-08-18 00:48:25,nunggu 40 menit pesan makanan baru diproses padahal restonya lagi sepi gilaakk
428,Pengguna Google,5,2026-08-18 00:43:30,mantap bagus dan sangat membantu suka de
429,Pengguna Google,5,2026-08-17 22:22:16,sejauh ini sih oke ya cuman lebih oke lagi klo kita bisa liat detail saat pesen makan udh sampe mana driver kita posisi nya di jalan
430,Pengguna Google,1,2026-08-17 22:01:25,aplikasi buruk di persulit terus daftar akun baru pencet dikit di suruh konfirmasi robot gw capek anjim gw cuma mau beli mie ayam masak di suruh ngulang daftar akun berkali kali kalo buat aplikasi yang baner jadi tolong di benerin mau daftar akun kek mau daftar jadi menejer kopdes di persulit terus lama lama gw pindah ke gojek
431,Pengguna Google,5,2026-08-17 21:55:45,tak jadi masuk grab sebelumnya tak pernah kenapa sekarang meminta foto wajah aku tak sedang daftar akun bank padahal apk sebelah juga gak sampai minta foto wajah kalau hanya untuk berbelanja maaf agak sensi soalnya sekarang kasus data bocor dan identitas ai agak marak jadi agak was was
432,Pengguna Google,2,2026-08-17 21:44:29,gasuka pls sm grab skrg masa mau daftar akun bru mau login akun yg lama di tangguhkan gitu aneh bngt sma grab skrg gasuka tolong di perbaiki ya
433,Pengguna Google,1,2026-08-17 21:39:47,saya kurang puasa krn pengemudi meminta uang lbh dr tarif
434,Pengguna Google,2,2026-08-17 21:27:51,ketika menjadi besar tanggung jawab nya pun berkurang
435,Pengguna Google,1,2026-08-17 20:57:05,kecewa sama grab banyak pengemudi tidak ramah saya behenti pakai grab banyak pengemudi curang ambil banyak keuntungan sering pesan makan tapi tidak sampai jika naik kendaraan selalu tidak ada kembalian tarif 34 bayar 50 bangkrut lama2
436,Pengguna Google,1,2026-08-17 20:56:16,map nya di update dong kasihan drivernya sering kali salah titik pengantaran
437,Pengguna Google,1,2026-08-17 20:25:34,bukan dari driver tapi dari pihak kantor nya mana yg kata nya klw ada mslah udh bner dtang ke grab bukti nya apa malah memperkeruh keadaan
438,Pengguna Google,1,2026-08-17 20:22:33,saya pesan nunggu lama banget sejam lebih
439,Pengguna Google,1,2026-08-17 20:15:22,aplikasi gajelas pesen makan 3 jam ga nyampe nyampe d cancel ga bisa driver juga anehh malah muter muter di liat dari maps
440,Pengguna Google,1,2026-08-17 19:40:45,saya menggunakan layanan pesan makanan di grab estimasi awal 20 30 menit pilih layanan yang cepat namun estimasi nya molor lagi di 45 55 menit harusnya kl estimasi awal segitu ya fix segitu aja kalau molor ya ganti dong waktu tunggu kami dengan uang cashback atau voucher gitu ini tuh salah dari aplikasi yang lambat karena info diterima di dapur nunggu waktu lama dan bahkan saat mencari driver juga lama perbaiki lah layanan ini merugikan sekali
441,Pengguna Google,4,2026-08-17 19:39:39,bagus tapi kalau pilih pengiriman hemat benar benar lam bgt ya sampai 2 jam
442,Pengguna Google,1,2026-08-17 19:16:19,apk gak berguna mau batali karena terlalu lama tapi tetap tidak bisa juga sementara driver juga belum dapat
443,Pengguna Google,1,2026-08-17 18:08:49,bad bangett cs sangat sulit dihubungi
444,Pengguna Google,5,2026-08-17 17:25:07,mantap banyakin dan sering sering aja ya kasih promonya
445,Pengguna Google,1,2026-08-17 17:04:01,saya pesan makanan sampai 2 jam ga dapat kurirnya waktu mau di cancel gabisa di cancel trs pihak kurirnya marah sama saya gimna si kebijakannya
446,Pengguna Google,1,2026-08-17 16:39:17,mari kt beri tepuk tangan utk driver dg plat 1229 yg posisi dah sampe mendadak puterbalik efek murah aja makanya ini itu trus ngambil orderan lain yg lbh mahal yah mohon maaf utk driver dg plat 1266 yg posisi beda dg posisi pesen jd sy batalin drpd drivernya yg membatalkan lg jd mohon maaf klo sy beri bintang 1
447,Pengguna Google,5,2026-08-17 16:17:31,grab itu lebih baik dan mereka tak pernah menyadari bahwa grab itu lebih baik dari yang lain
448,Pengguna Google,1,2026-08-17 15:36:36,alamat dan titik sering tidak sama masa alamat di jaktim titiknya di bekas lah kita kagak tau itu jaktim atau bekasi karna pesanan express rugi banyak nih soalnya kalau gak nambah biaya jarak itu barang kagak di anter ke tujuan
449,Pengguna Google,5,2026-08-17 15:15:47,grab sangat membantu perjalanan sehari dan banyak disc juga
450,Pengguna Google,5,2026-08-17 14:52:30,promo oke sayangnya harga makanan ga sesuai sama yang asli
451,Pengguna Google,1,2026-08-17 14:50:50,buat perusahaan grab coba tolong masa customer dikenakan biaya platform 6500 udh bayar ongkos grab dikenakana biaya platform juga kalo seperti ini pelanggan merasa dirugikan
452,Pengguna Google,5,2026-08-17 14:15:14,oke banyak promo tempat terbaik online food di banding platform lain
453,Pengguna Google,1,2026-08-17 14:00:01,saldo ovo gak bisa di pakai selain qris ovo sangat merugikan makanan juga mahal2 gak kaya aplikasi sebelah yang lainya nyari untung dari aplikasi sama harga langsung beda jauh banget
454,Pengguna Google,1,2026-08-17 13:54:39,lama dapet driver males pake grab driver nya pada tidur semua orderan sampe satu jam setengah baru selesai
455,Pengguna Google,1,2026-08-17 12:30:20,tarif 45 500 ke driver 36 an ini potongan 20 apa 8
457,Pengguna Google,3,2026-08-17 12:15:45,sulit untuk merubah nama lokasi atau tempat petanya juga kurang lengkap
458,Pengguna Google,1,2026-08-17 11:57:33,ada yang bisa bantu jawab kenapa dapet voucher grabgift udah di klam ga bisa dipakai dan aku coba semua voucher grabfood juga ga bisa ada yang tau kenapa
459,Pengguna Google,1,2026-08-17 11:33:07,masak saya ada di bali mau ws antar makanan ke jawa gak bisa
460,Pengguna Google,1,2026-08-17 11:04:05,kaga bener verifikasi susah bgt k nomor lama yg udah hilang
461,Pengguna Google,1,2026-08-17 10:44:44,driver lambat saya pesan makanan sudah 5 jam tidak di antar
462,Pengguna Google,1,2026-08-17 10:34:26,kenapa harus ada diskon 81 padahal gak bisa di claim apa gunanya coba gak niat ngasih mah yaudah gausak gimik
463,Pengguna Google,5,2026-08-17 10:27:07,mantap pada ramah driver nyh
464,Pengguna Google,4,2026-08-17 10:11:12,nggak bisa lihat berapa menit lagi grab nya sampai
465,Pengguna Google,3,2026-08-17 09:03:05,ini gimana sih aku daftar kok eror terus aku pikir karna sinyal ku tapi sinyal ku baik baik aja aku tunggu berapa menit lagi sama aja masih aja eror
466,Pengguna Google,1,2026-08-17 08:03:07,aku benci grab lelet banget driver nya masa harus tunggu 12 menit dari tadi tapi gak datang
467,Pengguna Google,3,2026-08-17 07:31:31,systemnya kelamaan masak nunggu dapat driver 30 menit habis itu nunggu lagi pengantaran 15 menit mau sejam tolonglah driver banyak system untuk ke drivernya dipercepat
468,Pengguna Google,1,2026-08-17 06:34:01,parah banget driver nya males pick up pesen makanan setengah 6 pagi estimasi dateng 6 15 molor sampai 6 50 baru dateng makanan udah dingin pakai pengantaran standar padahal dekat cuma 2 km bisa sampai 1 jam baru sampai pake shopeefood aja gak sampai 40 menit dari pesen udah sampai
469,Pengguna Google,1,2026-08-17 06:20:27,mahal tarif pagi siang pasti beda hampir 2x lipat
470,Pengguna Google,2,2026-08-17 05:29:44,tdk ad yang mau terima orderan gojek sy klo di pagi hari
471,Pengguna Google,2,2026-08-16 23:03:06,tolong untuk kualitas kurir grabfoodnya dll itu di perbaiki karna ada oknum yang bermalas malas an saya dari jam 7 malam pesan makan lalu setelah 2 jam pesanan saya di cancel oleh ojek jam 9 saya pesan lagi tapi sampai jam set 11 malam belum datang mohon untuk para driver tidak mengcancel dadakan
472,Pengguna Google,1,2026-08-16 22:25:26,paling gak suka sama grab karna setiap mau pesan harus banget vedikasi muka dan yg paling keselnya kadang dia lelet susah banget saya hapus aplikasi ini selalu lewat diiklan hp saya stop lewat lagi dan bikin gue kesel
473,Pengguna Google,1,2026-08-16 22:18:27,grab food nya very bad gk bisa di cancel padal order 1 jam gk dapat kurir
474,Pengguna Google,1,2026-08-16 22:12:26,gasuka driver nya cuma mau anterin cust yg jalanan ke rmh nya bagus sangat tidak ramah
475,Pengguna Google,1,2026-08-16 21:32:28,parah 2 kali di zoonk dicancel karena drivenya ndak tau tempat malah kita disuruh bayar
476,Pengguna Google,1,2026-08-16 21:14:02,mengecewakan grab food uda nunggu 1 5 jam ealah tetiba di batalkan dengan alesan ndak ada pengemudi kenapa harus 1 5 jam kecewa berat
477,Pengguna Google,1,2026-08-16 20:59:16,grab jelek sekali gk mau di kritik untuk pelayanan pembatatalan karena alasan tertentu gk bisa akses
478,Pengguna Google,3,2026-08-16 20:15:51,logika saja tidak dapat driver grabfood harus nunggu 50 menit baru bisa cancel
479,Pengguna Google,1,2026-08-16 20:06:40,grabfood nya jelek bgt driver nya ogah an ambil pesenan pdhl udh jadi klo ganiat kerja gaush kerja lah nyusahin orang aja tinggal ambil makanan aja pada males bgt udh 4x ganti driver klo gua bisa kasih bintang 0 gua kasih dah gaje ni orang yg pada kerja disini
481,Pengguna Google,1,2026-08-16 19:56:41,promo kurang tp motong resto gede
482,Pengguna Google,5,2026-08-16 19:54:02,grab car nya lebih murah aplikasi sebelah grab foodnya murah kalo ada voucher tapi ongkirnya tetap lebih murah aplikasi sebelah
483,Pengguna Google,2,2026-08-16 19:36:00,mau naik dari tanjung sari ke cicalengka aja di cancel terus alasannya kejauhan padahal sebelumnya ibu gw udah pernah naik dari tj sari ke cicalengka tapi enggak di cancel driver nya butuh uang gak sih masa tj sari ke cicalengka aja di cancel padahal lumayan dapet penghasilan banyak
484,Pengguna Google,1,2026-08-16 19:18:10,kenapa ya pesanan saya dibatalkan oleh driver terus menerus sampai ganti ganti driver padahal saya selalu bayar makanan yang saya pesan bahkan selalu dilebihkan uangnya kalo kaya gini terus jadi males mau mesen apapun di aplikasi grab tolong dong solusinya
485,Pengguna Google,3,2026-08-16 19:15:54,ini grab kenapa yah suka tiba tiba ngatain eror padahal sinyal bagus malah di bilang koneksi buruk giliran buka apk lain lancar eh buka grab ke t4i
486,Pengguna Google,1,2026-08-16 18:56:11,knp ya saya order pesnana final 33 rb pas udah di payment jadi 79 rb ini buat maslah aja sama mas grab sama tempat saya pesan makanan mana beda nya juah banget lagi padahal yg tertera 33 rb bukan 79
487,Pengguna Google,1,2026-08-16 18:41:54,harga pas konfirmasi checkout bisa beda jauh dari harga pas makanan datang grabfood hampir 2x lipatnya penipuan
488,Pengguna Google,5,2026-08-16 18:38:42,bagus dapat driver cepat dan ramah untuk pemesanan makanan grab food juga lumayan yang lebih penting bisa qris good job grab semoga ditingkatkan lagi lebih baik ya dan jangan mengecewakan kami
489,Pengguna Google,1,2026-08-16 17:17:30,kecewa gw serius gw pesen exfres dengan harga 66 500 gw kira langsung di ambil terus di anter ini penjemputan nya hampir 2 jam tau tau nya gw tanya ke abang nya ini same day ya kata abangnya iya ada beberapa yg searah kecewa tau gt gw pesen same day lebih murah bngt kapok gw mnding pake lalamove nanti mah
490,Pengguna Google,1,2026-08-16 17:09:25,kenapa sih grab gak ada fitur ky gojek yang bisa lihat berapa pengeluaran kita selama setahun atau sebulan
491,Pengguna Google,1,2026-08-16 16:33:55,pas nambahin pesenan ada promo 50rb 60 tpi pas pencet order yg 50rb hilang gajelas banget gimana sih
492,Pengguna Google,5,2026-08-16 15:47:22,terimakasih pak supir yang baik hati
493,Pengguna Google,4,2026-08-16 15:38:05,saya mau menautkan akun ovo ke grab tapi kenapa gak bisa ya padahal saya sudah masukan pin yang benar tapi salah terus
494,Pengguna Google,3,2026-08-16 15:08:06,susah banget instal nya emosi lama lama apk apa 99 malah mandek download game malah lancar
495,Pengguna Google,1,2026-08-16 14:30:27,when i downloaded it it couldn t be opened
496,Pengguna Google,1,2026-08-16 14:21:56,ini knp jdi susah bgt ya nyarinya pdhl koneksi bgs buat buka aplikasi yang lain pun lancar
497,Pengguna Google,5,2026-08-16 13:42:28,pak grab langsung depan rumah mantap ya
498,Pengguna Google,3,2026-08-16 13:26:13,plss lah grab perbaiki mapnya soalnya driver suka nyasar lebih baik bisa ditautkan ke google map kaya si oren huhu padahal promonya bagus bagus ni grabb
499,Pengguna Google,2,2026-08-16 12:46:06,tolong driver yang jadi supir mobil itu jangan sombong cok batalkan pesanan sesuka hati aja
500,Pengguna Google,5,2026-08-16 11:51:26,jujur apk ini ngebantu bgt buat aku kmn jadi lebih gampang banyak promo juga the best deh
501,Pengguna Google,5,2026-08-16 11:46:53,mantab terus melayani dengan bijaksana salam sehat selalu dan penuh keberkahan
502,Pengguna Google,1,2026-08-16 11:41:29,ribet harus peivikasi wajah mana gak bisa bisa
503,Pengguna Google,5,2026-08-16 11:39:50,pada ramah trus ngemudinyaa juga enakeunn wee
504,Pengguna Google,5,2026-08-16 11:35:27,sangat memuaskan pelayanannya baik dan ramah
505,Pengguna Google,1,2026-08-16 11:35:24,selalu dapat grab yang tidak ramah benci
506,Pengguna Google,3,2026-08-16 10:42:07,tertulis gratis ongkir tp masih bayar
507,Pengguna Google,1,2026-08-16 10:32:08,driver tidak menerima orderan cod ini sangat membuang waktu chatbot ai nya hanya menjawab menggunakan template yang sama ini sangat mengganggu
508,Pengguna Google,1,2026-08-16 09:47:39,maaf ya kok kota purwokerto gak terdaftar di grab map
509,Pengguna Google,5,2026-08-16 09:20:15,pengalaman yang menyenangkan semoga ke depan lebih baik dalam pelayanan kepada custumer
510,Pengguna Google,4,2026-08-16 08:39:56,bubarin aja ga berguna untuk pesan ojek online
511,Pengguna Google,3,2026-08-16 07:54:32,sudah ada vitur pembayaran pake virtual akun belum ya
512,Pengguna Google,5,2026-08-16 07:39:51,grap di daerah gunungkidul udah rame banget begitu pesan langsung respon pengemudinya juga ramah
513,Pengguna Google,1,2026-08-16 04:19:58,mahal ongkirnya pajaknya mahal dari 21rb jadi 63rb aneh
514,Pengguna Google,1,2026-08-16 00:39:28,tolong kalau kasih sopir yang benar jangan diganti ganti terus masa saya baru pesan grabcar terus nunggu lama akhirnya dilempar ke sopir lain terus dapat sopir nya batuk2 dak tenang gitu tolong perbaiki kinerjanya ini dak benar tolong kasi sopir yang benar sehat biar konsumen penumpang terasa nyaman saat menumpang tolong jangan kasi sopir yang suka melempar2 penumpang ke sopir lain kalau udah dapat ya sudah
515,Pengguna Google,3,2026-08-16 00:11:17,susah menemukan driver driver tidak menjawab pesan sekalinya jawab tidak jalan sampai 5 menit
516,Pengguna Google,1,2026-08-15 23:43:43,argo mu ke murahan para driver jadi pada kurang ramah
517,Pengguna Google,2,2026-08-15 22:47:53,kok sekarang gk ada fitur bike hemat nya yaa padahal selalu mesen ojol disini
518,Pengguna Google,5,2026-08-15 22:38:27,aplikasi yang membantu dan mempermudah untuk tetap produktif
519,Pengguna Google,1,2026-08-15 22:31:04,hp saya tertinggal d mobil grab waktu tgl 14 sekarang belum d anterin
520,Pengguna Google,1,2026-08-15 19:42:25,pesen makan pake prioritas ternyata ada menu yang kosong toko bilang sudah tidak bisa batalkan pesanan di menu saya juga ga bisa padahal driver waktu itu belum dapet prioritas dari mana 5 menit driver masuk sudah saya jelaskan kalau saya dan toko sama sama tidak bisa cancel sedangkan saya sudah terlanjur pesan makanan lain karena toko juga mengiyakan pembatalan pesanan saya sudah bilang juga ke toko untuk nunggu waktu agar saya bisa cancel tapi tetep dikirim parah
521,Pengguna Google,1,2026-08-15 18:36:21,ketika pembatalan uang kami gak instan dikembalikan mana uang nya pas lg tau gitu pilih qris aja
522,Pengguna Google,1,2026-08-15 18:04:28,aplikasi memberikan tarif lebih dari yang dipesan di aplikasi
523,Pengguna Google,5,2026-08-15 17:42:19,terimakasih sdh selalu mengatar kami keadaan selamat sampe tujuan
524,Pengguna Google,5,2026-08-15 17:04:50,aplikasi yang paling bagus banget untuk kita yang mau kemana saja
525,Pengguna Google,1,2026-08-15 16:39:35,saya tidak suka dengan pelayanan driver yang alasan tidak jelas mohon ditindaklanjuti bm 1623 aaf driver hidayat
526,Pengguna Google,5,2026-08-15 15:22:55,pelanggan baru semoga bisa bermanfaat disaat perjalanan ke tujuan
527,Pengguna Google,1,2026-08-15 14:56:58,saya kasih bintang 1 karena saya menerima kekerasan verbal dari pengemudi grab car listrik warna silver yang sedang transaksi di alfamart k876 rc veteran 2 jam 14 09
528,Pengguna Google,5,2026-08-15 14:39:39,grab pay saya kenapa ga bisa order pake ovo ya tolong pencerahan nya dong
529,Pengguna Google,5,2026-08-15 13:53:47,titik koordinat penjemputan selalu tidak tepat mohon di akuratkan biar pemesan tidak bingung menunggu jemputan
530,Pengguna Google,5,2026-08-15 12:35:21,oke aku sangat puas dengan drever ini ramah sekali drevernya
531,Pengguna Google,1,2026-08-15 12:02:56,akun gw di tangguhkan tiba tiba aneh
532,Pengguna Google,3,2026-08-15 11:53:35,saat pesan gofood lama untuk penerimaan nya lemot sya tnya ke penjual memang bru masuk pdhl sya order dri jam 11 30 tpi bisa masuk ke penjual jam 12 lbih apakah sinyl sya rasa bagus signal di sni ngga berkendala tpi kata penjual memang lama masuk nya klo dri grab wlpn minta prioritas pun penerima annya lemot dri aplikasi nya sndiri dan di cansel tidak bisa pdhl blm di terima resto pesannya aneh maaf mohon di perbaiki
533,Pengguna Google,3,2026-08-15 11:34:05,grab makin kesini kok makin susah ya sinyal bagus2 aja tapi ga mau ke load di beberapa tempat
534,Pengguna Google,1,2026-08-15 09:21:07,grab food krn double order jd orderan telat mulu sering makanan jdi ga fresh lagi dan kenapa saat driver terima order kita tidak bisa lihat map posisi driver dimana hanya keterangan driver sedang menuju resto customer tidak bisa memantau posisi driver rasanya pengen gue kasih minus ini aplikasi customer ga dikasih akses buat bisa cancel orderan harusnya kasih akses dg syarat tertentu ksh pilihan resto tutup atau apa gtu kan kasian drivernya
535,Pengguna Google,1,2026-08-14 22:07:17,ga bisa mengubah arah tujuan padahal seri apps yg lama bisa
536,Pengguna Google,5,2026-08-14 21:29:30,huruf terlalu kecil bahkam jika font sistem sdh diperbesar susahnya mencari alamat tujuan yang tepat karena lokasi tidak lengkap
537,Pengguna Google,1,2026-08-14 20:44:59,turunin kurang bagus versi yang baru
538,Pengguna Google,3,2026-08-14 19:20:38,suka ngeblank sendiri tiba2 gak bisa di buka awal2 kirain hp ku yg eror tapi buka aplikasi satunya trnyata bisa kecewa sih
539,Pengguna Google,3,2026-08-14 18:31:38,ga jelas udah lama dapat driver nya
540,Pengguna Google,2,2026-08-14 17:48:48,kiki apriyanto grabfood bh 3583 au honda revo fit 110 sangat tidak baik dan sopan driver tersebut
542,Pengguna Google,1,2026-08-14 16:20:35,1 kali jalan 2 kali debet mantap
543,Pengguna Google,2,2026-08-14 15:14:17,tidak bisa membatalkan pesanan saat sudah menunggu lama mendapat driver
544,Pengguna Google,1,2026-08-14 14:51:25,gajelas untuk penggunaan paylatter nya baru di pake 1x belanja tiba2 saldo langsung 0 rupiah rugi dong gua baru 1x belanja udh kena biaya bulanan
545,Pengguna Google,1,2026-08-14 14:40:24,login nya lama hampir 10 menit gw nunggu padahal lagi buru buru
546,Pengguna Google,5,2026-08-14 14:00:41,mempermudah aktifitas kita di saat yang telat pokoke jos jis biaya juga terjangkau terus tebar kebaikan kawan semoga jaya selalu grabb indonesia terimakasih hadirmu solusi kesulitan kami
547,Pengguna Google,4,2026-08-14 13:30:34,bagus aplikasinya tapi yg paling ngeselin tuh lagi buru2 kejar waktu pas buka aplikasi di suruh update aplikasi mana ngga ada pilihan nanti saja sinyal lagi jelek update butuh waktu 15 menit
548,Pengguna Google,1,2026-08-14 12:50:12,apa apaan pas buka suruh update giliran sudah update apl nggk bisa dibuka punya kerjaan lain kali nggk nunggu apl nya error jgn sering update lah
549,Pengguna Google,5,2026-08-14 12:42:36,saya kasih bintang 5 karna ini sangat saya butuhkan sehari hari grab adalah aplikasi yang sangat membantu untuk berbagai kebutuhan sehari hari dengan layanan transportasi pesan makanan pengiriman barang dan berbagai layanan lainnya semuanya bisa dilakukan dengan praktis dalam satu aplikasi tampilannya mudah digunakan dan proses pemesanannya juga cukup sederhana aplikasi yang cocok untuk membantu aktivitas sehari hari menjadi lebih nyaman dan efisien
550,Pengguna Google,1,2026-08-14 12:24:39,pesen makan malah driver muter2 dulu nganter pesanan yg lain di gabung samma pesanan org laiin
551,Pengguna Google,1,2026-08-14 10:10:30,kenapa harus foto identitas kita si pas mau pesen gw jadi telat monyett
552,Pengguna Google,1,2026-08-14 07:51:13,tidak tersedia di berbagai daerah hanya perkotaan besar saja
553,Pengguna Google,5,2026-08-14 07:32:41,karna mereka ramah dan tepat waktu
554,Pengguna Google,1,2026-08-14 07:24:45,klo cancel tu cancel aja gak usah konfirmasi alasan kelamaan nunggu driver akhirnya kirim barang sendiri eh pembatalan butuh konfirmasi udah 3 x kayak gitu nombok lah lagian klo lama jangan dicariin terus nunggu setengah jam langsung auto cancel aja napa sih
555,Pengguna Google,5,2026-08-14 06:08:26,tetap murah ya jangan jadi mahal
556,Pengguna Google,5,2026-08-14 05:51:36,secara keseluruhan baik hanya gps perlu update berkala
557,Pengguna Google,5,2026-08-13 21:37:59,membuat berkendaraan lebih nyaman dan aman praktis
558,Pengguna Google,2,2026-08-13 21:19:02,aplikasi makin buruk terlalu banyak gimmik udah nunggu driver lama gk ada yg respon skalinya udah dekat malah cancel udah terlalu sering begini aplikasi ini kalau dulu grab the best skrg apa an
559,Pengguna Google,5,2026-08-13 21:10:29,setelah saya mengabdi 35 thn dan ada pengurangan saya thn 2018 bergabung dengan grab driver istri meninggal tidak aktif selama 4 thn sekarang ingin aktif kembali tolonglah
560,Pengguna Google,5,2026-08-13 20:41:42,sangat membantu saya dalam kehidupan sehari hari
561,Pengguna Google,1,2026-08-13 19:29:39,grab gah bisa menemukan lokasi saya
562,Pengguna Google,3,2026-08-13 19:25:55,aneh apa aneh ya mau pesen grabfood beli katsu biasanya pengantaran hemat dapet dibawah 5k sekarang jadi naik drastis hemat nya tp berubah rubah hargany kyk sekarang pengantaran hemat 8k nanti tiba tiba jadi 2k jujur sangt meresahkan
563,Pengguna Google,1,2026-08-13 19:11:36,aplikasi idiot buat driver sama penumpang berkelahi terus potongan driver besar sekali harga pun murah apk gak jela
564,Pengguna Google,5,2026-08-13 17:11:42,gua kasih bintang 5 biar di baca min ko driver2 sekarang graab car suka minta di lebihin sesuai potongan harga padahal di aplikasinya harga udah tercantum dan gak tau kalo ada promo atau apalah saya gak tau jadi si driver nya selalu minta di lebihin sesuai potongan berarti gak sesuai harga di aplikasinya dong jadi harus gantiin arah pulang karena dia nya kosong gak espek banget grab sekrang
565,Pengguna Google,5,2026-08-13 16:42:24,minn tolong buat pembayaran via barcode di benerin atau tambah waktunya karena saya pesen udah bayar dua kali tapi di apk grab nya belum ke terima karena waktu barcode yang ganti tiba2 dan akhirnya saya bayar tiga kali
566,Pengguna Google,5,2026-08-13 16:09:31,sangat membantu perjalanan dan mempermudah segala urusan
567,Pengguna Google,3,2026-08-13 14:47:27,tolong pusat grab lebih memilih driver yang mementingkan keselamatan karena saya sempat dapat driver yang membawa motir nya ngebut dan suka menyalip terus pas saya dapat dia lagi ya saya batalkan eh pas sampe dia malah marah marah dan meminta uang bayaran padahal saya sudah batalkan dan tidak menaiki kendaraannya
568,Pengguna Google,4,2026-08-13 13:32:32,andai bisa di gun akan tanpa paket data
569,Pengguna Google,5,2026-08-13 12:52:03,pelayanan nya bagus driver nya ramah semuanya di banding apk sebelah udah berkali kali dapet driver yg ga enak
570,Pengguna Google,2,2026-08-13 12:27:47,aplikasinya kadang hilang berhenti sendiri pas orderan sdh mau diantarkan
571,Pengguna Google,3,2026-08-13 12:25:25,tolong ya grab gausah ada double order segala kenapa sih ya yg udah lapar excited buat makan jadi ga excited lagi karna udah nunggu lama makanya astaghfirullah
572,Pengguna Google,1,2026-08-13 12:15:28,saya lapar saya pesan makanan tapi tidak ada respon mengenai ini saya lapor kemana pusat bantuan saya lapor 3x 4x tidak ada respon saya mau uang saya kembali saya punya bukti kalo makanan saya tidak layak makan ayolah
573,Pengguna Google,1,2026-08-13 12:07:01,adain lagi hematnya biar murah kaya dulu
574,Pengguna Google,1,2026-08-13 12:00:58,grab sekarang nominal harga nya ga bulet bagi saya yang nota nya di laporin ke bagian keuangan jadi malah nombok karna di nominal aplikasi sama kembalian dari driver ga sesuai
575,Pengguna Google,1,2026-08-13 11:53:20,update app lama masa update doang 88mb dpt pengemudi sll jauh pdhl tdk pakai mode hemat
576,Pengguna Google,5,2026-08-13 11:51:03,naik emang jos jis gk lemot gk ribet dan yg penting ongkosnya terjangkau murbang trmksih
577,Pengguna Google,5,2026-08-13 11:42:20,sungguh sangat membantu pada saat saya lagi magger bisa pesan grab food dan langsung sampai makanan nya
578,Pengguna Google,1,2026-08-13 11:32:40,gila grabexpress daerah bogor pada ribet pesenan same day gua gada yang nge pick up
579,Pengguna Google,1,2026-08-13 10:54:38,belum juga nyampe udah di turunin gimna ini
580,Pengguna Google,5,2026-08-13 10:52:05,sangat membantu dengan adanya aplikasi ini
581,Pengguna Google,1,2026-08-13 10:12:59,promo pengguna baru pelit banget ga kaya dulu kecewa
582,Pengguna Google,5,2026-08-13 08:44:33,praktis untuk memesan makanan dari berbagai restoran pilihan merchant cukup banyak dan proses pemesanan sampai pengantaran relatif mudah dipantau
583,Pengguna Google,3,2026-08-13 08:35:28,saran ada pilihan untuk melalui tol atau tidak melalui tol
584,Pengguna Google,5,2026-08-13 05:44:41,sy sebagai perantau yang belum ada kendaraan dan gak tau jalan grab sangat sangat membantu
585,Pengguna Google,3,2026-08-13 05:43:01,ini buat aga lama ya ke sekolah niatnya pagi pagi ternyata gaada driver yang mau ngambil orderan itu ujung ujungnya jdi berangkat siang
586,Pengguna Google,1,2026-08-13 01:39:13,saya order grab plus tapi yang datang taxi bb trus males saya naik bb saya sudah anti pati sama bb niat ganti grab masih aja dapat bb juga ini gmn sih pihak grab asal aja
587,Pengguna Google,1,2026-08-12 23:43:44,sangat tidak jelas kenapa akun saya diblokir padahal mah saya tidak punya masalah dengan aplikasi ini
588,Pengguna Google,1,2026-08-12 23:26:06,gajelas aplikasi nya masa gabisa update
589,Pengguna Google,1,2026-08-12 21:34:48,sekarang semua jadi sangat mahan dr grab food atau grab transportasi mending pakai jasa ojek biasa saja lebih murah yang penting punya no wa ojek ojek offline sekarang sudah sangat bersahabat ongkos nya bisa bersaing dgn ojol yang ongkos nya lebih mahal sekarang ini
590,Pengguna Google,3,2026-08-12 19:40:43,tolong seleksi lagi drivernya saya baru dpt driver yg ga sopan driver yg minta uang tambahan driver yg marah marah bentak bentak dan berkata kasar
591,Pengguna Google,5,2026-08-12 19:15:32,grab food nya memuaskan banget banyak kasih promo makanan nya harga nya juga masih feksibel gak yang pricy
592,Pengguna Google,1,2026-08-12 19:01:23,sistemnya suka kenapa sih grab ini saya pernah bayar keduaan gaada dikembaliin driver ojol juga kadang gak masuk ke ovonya suka aneh ini grab ada aja masalah sistemnya jadi males pake grab beneran dah beberapa kali lapor masalah juga gaada tanggapan error terus
593,Pengguna Google,3,2026-08-12 19:00:32,mahal beda 20 k sama gojek
594,Pengguna Google,1,2026-08-12 18:36:09,pesanan selalu ditolak tidak bisa meminta bantuan
595,Pengguna Google,3,2026-08-12 18:34:13,lemot setiap mau menggunakan harus keluar aplikasi dulu terus masuk lagi baru bisa di gunakan
596,Pengguna Google,1,2026-08-12 17:57:06,parah banget grab bike ongkos sekarang jarak 2 km sampai 15 ribu gila lo ndro
597,Pengguna Google,5,2026-08-12 16:49:21,kenapa gak bisa login ya katanya suruh nunggu dulu kode verifikasi yg dikirim via sms tp gak masuk2 smsnya
598,Pengguna Google,1,2026-08-12 16:36:02,jelek banget ni aplikasi mending gojek mau ngensel orderan aja lama bet
599,Pengguna Google,2,2026-08-12 14:40:49,enggak ada pengumuman harga grab ride selain hemat naik kalo tau enggak ada voucher grab ride lebih baik enggak ku lanjut langganan airtime mungkin enggak ku pakai malah ada vouchernya please yang penting voucher grab ride grab food grab mart dan grab mobil yang harus kasih voucher yang lain mending diskon
600,Pengguna Google,1,2026-08-12 14:30:52,apk apaan nih setiap pembayaran gagal dengan alesan perangkat tidak kompitible klo tidak mendukung kenapa apk bisa di download udah terlanjur topup di superbank lu tuh yg upgrade apk nya
601,Pengguna Google,5,2026-08-12 13:12:42,membantu bgt buat saya yg bolak balik ke rs selama pake grab pelayanan nya ok semua
602,Pengguna Google,5,2026-08-12 12:05:32,draiver sangat sopan dan kereta bersih
603,Pengguna Google,1,2026-08-12 09:57:52,di update woy aplikasinya dari jaman dulu kok tdk akurat sama skali titik penjemputan ini 2026 sudah mau habis kok masalah titik tidak akurat masih ada aja
604,Pengguna Google,5,2026-08-12 09:51:04,baik cara menjalan kendaraan nya
605,Pengguna Google,5,2026-08-12 09:01:12,sangat membantu dan memudahkan banyak orang
606,Pengguna Google,2,2026-08-12 08:48:41,untuk order makanan sangat tidak memuaskan masih bagus shopepay
607,Pengguna Google,1,2026-08-12 07:51:27,aplikasi bobrok ujan ujan naik mobilpun gk ada yg mau ambil order
608,Pengguna Google,1,2026-08-12 00:44:47,aplikasi gajelas mau grab food udah isi saldo ke superbank malah ngga update update saldo di aplikasi grab food nya ngac
609,Pengguna Google,5,2026-08-12 00:41:22,halo grab tolong mode hemat d atas jm 10 malam d adain lagi customer berkurang drastis jm 10 bubar2an nya mall2 cs entah pada kemana
610,Pengguna Google,5,2026-08-11 23:18:35,akhir akhir ini kalo mesen grab waktu pulang malem ga ada lagi grabbike hemat nya hilang atau ga ada lagi sedihh padahal lumayan buat ongkos transportasi saya tolongg dong gra balik in lagii grabbike hemat waktu malem har masaa ilan tetap kasi bintang lima dee
611,Pengguna Google,1,2026-08-11 22:27:08,penumpang bayar mahal tapi upah bersih yg diterima mitra driver sangat kecil potongannya gila konsumen byr 40 400 driver terima nya 28 400 penumpang byrnya 18 driver terima nya 10 400 orderan 10 400 jarak jemputnya gak ngotak 4 5km belum lagi lagi jarak pengantaran 2km an upah bersih yg diterima cuman 10 400
612,Pengguna Google,1,2026-08-11 21:36:54,iklannya benerin noh maksa bgt buat masuk apknya
613,Pengguna Google,1,2026-08-11 18:12:26,saya menggunakan app ni udh lama dan sering cmn sya kecewa sama oknum grabfood pada saat sya ngasih arahan supaya dia tidak jauh muter anter makanan sama sya malah bahasa dia kurang enak dan langsung ngebatalin jjr kecewa akun sya malah berlangganan untuk grab tiap bulan jgn sampai slah satu oknum yg gk da otak app grab jd jlek nama oknum dedy g plat b 5770 trp honda vario mohon di beri paham lg tentang komunikasi yg baik terima kasih
614,Pengguna Google,5,2026-08-11 18:12:13,drivernya tahu kalan tanpa map cepat tepat
615,Pengguna Google,1,2026-08-11 16:40:07,untuk motor gk bisa qris lagi harus tunai yg bisa qris cuma mobil wkwkwk by by grab
616,Pengguna Google,5,2026-08-11 16:00:09,sangat membantu tranfortasi khusus nya yg si perkampungan grab sekarang udh masuk ke pelosok perkampung
617,Pengguna Google,3,2026-08-11 15:43:45,kebanyakan menu ketika di gunakan kelamaan loading
618,Pengguna Google,4,2026-08-11 14:47:52,driver seringkali membatalkan tanpa sebab padahal kita sdh menunggu lama
619,Pengguna Google,5,2026-08-11 14:01:14,ailafyu grab atas promo2 nya humz seneng betulan no fek fek ailafyu me suka sei ayam makasih sei ayam makasih grab makasih langganan 9k buat 2 minggu ailafyu grab
620,Pengguna Google,1,2026-08-11 13:04:19,jelk ga usah di downloadd pelayanan lama
621,Pengguna Google,5,2026-08-11 13:01:52,pelayanan cs lama terutama cs surabaya tiap orang 1 jam lebih menunggu mhn pimoinan grab melihat dan sidak ke lapangan keluhan driver jangan hanya laporan bawahan saja
622,Pengguna Google,5,2026-08-11 12:07:20,sgt membantu pelayanan sgt memuaskan trkh
623,Pengguna Google,5,2026-08-11 11:14:26,aplikasi yang sangat bagus dan berguna
624,Pengguna Google,1,2026-08-11 10:46:34,tolong di perbesar tanda x pada iklan anda jika anda ingin di hargai
625,Pengguna Google,5,2026-08-11 10:14:32,sangat membantu pokonya its the best kemana pun bisa sangat mudah
626,Pengguna Google,4,2026-08-11 10:03:16,grab makanan bagus semoga tersedia grab mobil lebih banyak lagi mksih
627,Pengguna Google,1,2026-08-11 09:00:07,makin hari makin jelek ni aplikasi saya pengguna ojol setiap hari dan setiap hari pula grab makin jelek ngelag parah alamat tujuan tidak muncul padahal kuota ada jaringan lancar tapi ntah knp grab sangat ngelag heran
628,Pengguna Google,4,2026-08-11 07:38:24,untuk saat ni masih yg terbaik
629,Pengguna Google,2,2026-08-11 07:12:36,ini kenapa sih aplikasinya minta diupdate terus tapi pas di update ga bisa
630,Pengguna Google,5,2026-08-11 06:59:01,tau jalan dan enak di ajak komunikasi
631,Pengguna Google,2,2026-08-11 06:26:06,setiap saya pesan driver untuk ke sekolah saya sering terlambat katena saat pesan dan menunggu ternyata drivernya tidak berjalan sama sekali sampai nilai saya berkurang dan kena tata tertib sekolah
632,Pengguna Google,5,2026-08-11 06:08:41,ini aplikasi fungsi banget di gw
633,Pengguna Google,2,2026-08-11 05:51:20,ya ampun baru aja ngalamin bukan pemakai tiap hari tapi tiap minggu mesti pakai buat pp pembaruan sulit padahal sinyal bagus nunggu 30 menit gak bisa2 ganti apps lainnya dulu harusnya waktu pembaruan ada pilihan upadate sama nanti aja jadi pas urgent kayak tadi gak tergesa gesa dan gak bikin panik gak bisa di buat urgent sih harus di perbaiki lagi bos
634,Pengguna Google,5,2026-08-11 04:50:44,suka banget deh pakai apk grab soalnya kalok ga punya kendaraan tinggal pesen ojek pakai apk grab dh mantepp bangtt
635,Pengguna Google,5,2026-08-11 02:58:04,terimakasih kepada brab sangat membantu saya
636,Pengguna Google,1,2026-08-10 23:36:02,blg nyampe nya 00 37 tepat waktu eh gak taunya di ganti jadi 00 48 tlol
637,Pengguna Google,4,2026-08-10 23:04:44,plis ya adain fitur tawar sama bisa pilih orang g kya tadi anjir pliss yaa adain fitur itu
638,Pengguna Google,5,2026-08-10 22:15:54,tema diaplikasi apa gak bisa diubah jadi ke tema background gelap di mata sakit lama penglihatan kabur kalau background nya putih
639,Pengguna Google,1,2026-08-10 22:09:29,sayang ketika menggunakan voucher promo dan beli produk tidak bisa dibatalkan oleh pengguna maupun system padahal melebihi 24 jam tapi tertulis dalam proses
640,Pengguna Google,1,2026-08-10 20:06:33,order makanan bisanya datang 3 kali order cuma sekali
641,Pengguna Google,1,2026-08-10 19:38:49,saya order makanan dari jam 19 10 cakap jam 19 50 sampai ni dah jam 20 38 belum sampai lagi perut pun dah sakit nahan lapar
642,Pengguna Google,1,2026-08-10 19:27:43,parah ini aplikasi hapus grab hemat kasian driver nya udah mah potongan 8 bhong ga bener ini investor asing
643,Pengguna Google,4,2026-08-10 19:21:12,apk yg sangat membantu utk setiap kebutuhan yg menggunakan ny
644,Pengguna Google,5,2026-08-10 18:32:25,saran harga makanan nya jangan mahal mahal masa naik nya samle 5k apa ga bincos
645,Pengguna Google,1,2026-08-10 18:14:28,tolong kalau bisa sebelum di acc jadi supir tes kejiwaannya gimana ceritanay supir bisa kekerasan sama penumpang tolong dijadikan concern kalian
646,Pengguna Google,5,2026-08-10 17:16:24,perjalanan cepat tapi bikin penumpang tenang
647,Pengguna Google,1,2026-08-10 15:47:08,ko bisa sih grab memperkerjakan orang yang songong sampe bilang kostemer dongo ini kan sama ajh mempengaruhi yang bnr bnr kerja sama yang asal asalan kasian tuh yang bnr nyari jadi kena imbas nya nanti jadi sepi ni grab tolong di tindak
648,Pengguna Google,3,2026-08-10 14:41:48,ok tapi harga suka naik tinggi bangett hello grab management kenapa harga jadi tinggi sangat ni saya customer setia grab susah kalau harga double dari biasanya
649,Pengguna Google,3,2026-08-10 14:14:52,pembayaran mengapa hrs via ovo saja tanpa pilihan lain
650,Pengguna Google,5,2026-08-10 13:42:50,sangat baik bpk grabnya dan ramah
651,Pengguna Google,5,2026-08-10 13:34:13,menurut saya sebagai pelajar apk ini sngt membantu sekali bahkan sudah seperti pacarr kandung saya
652,Pengguna Google,5,2026-08-10 13:33:54,alhamdulillah dpt drivernya baik dn ramah
653,Pengguna Google,2,2026-08-10 12:11:54,bisa ga sih tambahin fitur penggantian ongkos kirim ditengah pemesanan saya awalnya pake hemat tpi ternyata dapet drivernya se lelet itu lama bgt nah bisa ga sih tambahin fitur ganti ongkos kirim dari hemat ke standar prioritas langsung
654,Pengguna Google,5,2026-08-10 11:51:18,keep it up makes it easier and such great service
655,Pengguna Google,5,2026-08-10 11:46:51,drivernya nya baik sopan gak jutek tau jalan dan penjemputan sama pengantaran sesuai titik
656,Pengguna Google,5,2026-08-10 11:26:54,terima ksih orang nya jadi ramah2
657,Pengguna Google,5,2026-08-10 11:06:19,kasihan dengan drivernya pindah saja ke gojek lebih manusiawi
658,Pengguna Google,1,2026-08-10 10:07:43,pesan grabfood notifikasinya sudah terkirim tapi makannya hilang lagi kata tetangga dia liat di bawa drivernya lagi alhasil uang lenyap makanan lenyap ngeri ah skrg
659,Pengguna Google,1,2026-08-10 08:54:57,harga mahal ga ngotak masih mending gojek atau indrever
660,Pengguna Google,1,2026-08-10 03:06:47,sangat buruk sistem nya nomor saya sudah terdaptar bertahun tahun gmail saya lupa malah tidak bisa login lagi apa tidak cukup pakai no hp yg sudah terdaptar bertahun tahun apa tidak bisa login tampa gmail apa tidak ada layanan lain buat apa nomor nya kalau tidak bisa login cuma pajangan doang
661,Pengguna Google,1,2026-08-09 22:19:54,pesan grabfood udah jarang ada promo ya malahan kaya udah nggak pernah harus langganan dulu mahal pake g food sekarang
662,Pengguna Google,1,2026-08-09 22:13:35,saya pesen yg prioritas selalu lambat pesanan saya setidak nya kasih kompensensi kek sejam lebih hampir 2 jam saya nunggu yang harus nya datang cuma 30 menit jujur ini kurang wort it buat perioritas pesanan
663,Pengguna Google,5,2026-08-09 20:55:40,thanks sudah siap antar kemana aja
664,Pengguna Google,5,2026-08-09 20:47:34,sangat puas dengan grab car supirnya ramah dan membantu barang barang bawaan kami terima kasih
665,Pengguna Google,2,2026-08-09 19:50:51,apk apaan ni sinyal stabil live tiktok yang lumayan berat aj no delay no lemot buka ni apk malah masalah jaringan hedeh payah
666,Pengguna Google,3,2026-08-09 18:15:38,apk grab skg kenapa ya lemot padahal sinyal full sering banngat untuk buka apk loading lama tolong ya perbaikan nya saya pengguna setia grab bagian it tolong kerja
667,Pengguna Google,2,2026-08-09 18:10:35,tarif cukup bersaing tapi stiap order skrg slalu lamban seringnya aplikasi tdk menemukan posisi saya pdhl bertahun2 rute saya tdk brubah itu2 aja ngorder food jg lbh lama nunggu aplikasinya jalan ktimbang ngordernya giliran iklan aja gercep kadang saking agresifnya muncul sampai ganggu proses saat mau klik pesan atau bayar ilang ngulang lg loading lg seringkali harus restart hp dl baru akhirnya aplikasi bisa mikir duh gregetan pdhl saya tipe yg setia pake aplikasi
668,Pengguna Google,1,2026-08-09 17:10:04,aplikasi yang bisanya cuma merugikan mitranya saja dengan program yang mereka buat tarif gda kenaikan yang naik mala potongannya
669,Pengguna Google,5,2026-08-09 16:51:45,terima kasih perjalanan lebih menyenangkan dgn bapak sopirnya yg baik ramah dan mau membantu mengangkut kursi roda
670,Pengguna Google,1,2026-08-09 16:43:26,graab sekarang mahalnya jadi tidak suka pakai graab
671,Pengguna Google,1,2026-08-09 15:46:36,pengen pesen makan tapi aplikasinya loading terus padahal pas buka aplikasi yang lain lancar lancar aja
672,Pengguna Google,5,2026-08-09 15:05:00,driver sopan dan etika
673,Pengguna Google,1,2026-08-09 15:00:53,makin kesini makin mahall masa skrng jarak deket jdi 20rb biasanya 10rb bnr kecewa
674,Pengguna Google,5,2026-08-09 14:23:53,alhamdulillah grab sangat memudahkan saya saat bepergian terima kasih grab
675,Pengguna Google,1,2026-08-09 13:45:53,lambat aplikasinya gk sinkron dengan map ngawur loading terlalu lama pantas dikasi bintang 1
676,Pengguna Google,1,2026-08-09 13:02:40,barang saya tertinggal seminggu tidak ada solusi sudah menghubungi driver kata driver sudah diantar ke kantor saat ke kantor masih jam kerja tapi tidak bisa dilayani karena katanya pic barang tertinggal sedang keluar ada event kantor grab manado terbaekk dalam mengecewakan customer
677,Pengguna Google,5,2026-08-09 12:46:16,min akhir akhir ini kok aplikasi grab ngelag banget padahal jaringan juga lancar
678,Pengguna Google,1,2026-08-09 11:09:17,grab di kota ternate ini tarifnya terlalu murah makanya driver grab car tidak mau hidupin ac alasannya kota ternate ini harga bbm mahal belum juga setoran mobil yang di sewa juga mahal udah gitu jalannya banyak tanjakan lagi kami sebagai penumpang juga merasa tarif grab di ternate terlalu kecil kasihan juga sama driver belum juga provinsi maluku utara ini biaya hidup mahal tolong naikkan tarif agar kami dan driver sama nyaman
679,Pengguna Google,1,2026-08-09 11:07:36,apk gbs dipake diskonnya selalu eror tanpa sebab dan apk nya sering bug pas pesen makanan gbs cash padahal disitu ga ada deskripsi kalo resto nya gabisa pake cash
680,Pengguna Google,5,2026-08-09 10:17:32,memudahkan untuk perjalanan ke mana saja
681,Pengguna Google,3,2026-08-09 07:49:12,ini tu aplikasinya bener lelet banget driver nya lama bikin saya telat
682,Pengguna Google,5,2026-08-09 07:47:46,grab sekarang makin ok aja
683,Pengguna Google,5,2026-08-09 07:22:59,ko aplikasinya seminggu sekali harus di update
685,Pengguna Google,5,2026-08-09 00:08:29,enak dan nikmat dari segala hal dan pelayanan
687,Pengguna Google,2,2026-08-08 19:59:35,baru pertama kali pakai sudah salah pengantaran
688,Pengguna Google,1,2026-08-08 19:55:27,lah diskon saya hilang baru h juga di update aneh
689,Pengguna Google,4,2026-08-08 19:53:45,aplikasi nya bagus promo banyak harga juga miring cuman driver nya kerja sesuai mood saya lagi hamil masa drivernya ngebut ada kucing mau di tabrak sampe rem mendadak untung gak jatuh setiap ada mobil atau apapun pasti diselip galiat macet belokan atau polisi tidur semua diterabas padahal saya bayar bukan naik dengan cuma cumaa lain kalii kalau mau rekrut driver atitude nmr 1 yaa
690,Pengguna Google,1,2026-08-08 19:06:19,kenapa ada tarif promo tapi tidak bisa dipakai padahal available tolong perbaiki bug nya
691,Pengguna Google,1,2026-08-08 18:44:09,driver sering tidak membaca note mungkin bisa dievaluasi soal sistemnya karena saya sering kali jadi konfirmasi beberapa kali ke driver padahal saya sudah kasih note pada kolom note catatan jujur saya cukup kecewa padahal sudah langganan sama grab
692,Pengguna Google,2,2026-08-08 17:41:12,min kan barusan aku pulang dri mall nah pas sampe tujuan nya salah trs orng grab ini malah salahin saya dia blng saya salah titik padahal suda benar dia nya salahin saya saya rugi 5 k min saya tau 5k bukan gede tapi berharga buat saya yg awalnya saya cmn bayar 10k malah 15k hadeh tolong min di bales ga jauh padahal
693,Pengguna Google,5,2026-08-08 17:20:48,terbaik di fasilitas ongkir dan vouchernya thx very much
694,Pengguna Google,5,2026-08-08 16:34:20,iklan nya kok dimana mana lagi main ml tiba tiba iklan skroll tiktok iklan kan malesin bgt gausah tampilin iklan mulu napa guna gak ganggu iya
695,Pengguna Google,5,2026-08-08 16:15:17,saran tambahin fitur dimana pengguna dapat membuat rute sendiri karena bisa buat saya jalan jalan keliling kota
696,Pengguna Google,5,2026-08-08 16:07:43,tolong jangan kasih saya motor vario terus kalo yang big soal agak kurang nyaman trimakasih
697,Pengguna Google,5,2026-08-08 15:24:31,tolong lah grab sampaikan sama semua driver terutama grab food kalau makanan jangan diletakkan di kaki pijakan motor masa makanan ditaruh di area kaki saya udah beberapa kali begini masa nga punya otak jadi orang hadeh
698,Pengguna Google,1,2026-08-08 15:16:59,kenapa tidak bisa berlangganan unlimited pas buka menu selalu kembali
699,Pengguna Google,5,2026-08-08 14:32:57,suasana nya sejuk petugas nya ramah
700,Pengguna Google,1,2026-08-08 12:13:46,kebijakan driver melakukan pengantaran lebih dari 1 itu kurang tepat karena waktu tunggu dan makanan yg sampai jadi kurang bisa dinikmati awalnya saya tidak mempermasalahkan itu karena kota saya kecil tapi pada saat saya pergi ke kota yang besar ternyata bisa sampai 1 jam untuk pengantarannya saja belum termasuk dari orderan masuk ke resto dan resto menyiapkan orderan padahal itu pakai yang biasa bukan yang hemat
701,Pengguna Google,4,2026-08-08 11:53:31,pesanan sudah terhubung kadang ada driver yg batal menjemput karena pesanan paket hemat
702,Pengguna Google,5,2026-08-08 11:33:47,pelayan bagus tepat waktu dan ramah
703,Pengguna Google,5,2026-08-08 11:27:51,sangat membantu diperjalanan makin gampang dan respon cepat titik penjemputan sangat akurat tidak jauh trimakasih aplikasi grab tetap jaga pelayanan mitranya bagus semua
704,Pengguna Google,5,2026-08-08 11:12:36,meskipun bayar tunai tetap dilayani dengan baik terimakasih atas kerja samanya
705,Pengguna Google,3,2026-08-08 10:54:21,aplikasi sering bgt minta di update trs driver sering gak ada kepastian
706,Pengguna Google,1,2026-08-08 10:50:01,beda peta tujuan dari google maps dan peta dari grab pernah salah jalan untung drivernya mau membantu perbaiki navigasi petamu grab
707,Pengguna Google,5,2026-08-08 10:40:42,sudah tidak pake lama mau kemana mana semenjak ada grab
708,Pengguna Google,4,2026-08-08 10:17:13,aplikasi grabnow tidak bisa di gunakan dan sangat susah untuk di akses dan tidak tersedia dia semua tempat stategis seperti lobby hotel apartemen mall rs dan tempat penting lainnya
709,Pengguna Google,1,2026-08-08 09:00:57,tolong naikkan tarif dan hilangkan grab hemat di kota ternate karena harga pertamax liter rp 16 650 sedangkan potongan aplikasi 20 akhirnya driver gak mau hidupin ac karena harga bbm mahal tarif murah potongan aplikasi besar ternate biaya hidup besar jadi kasihan sama driver setiap bulan harus hutang setoran kendaraan
710,Pengguna Google,5,2026-08-08 08:43:05,saya sering menggunakan fasilitas perjalanan dengan grab bike dimanapun berada sangat membantu perjalanan kami tanpa takut tak bisa pulang
711,Pengguna Google,2,2026-08-08 08:32:38,pengantaran lama grabfood salah satu apk yg ongkir makanan nya mahal bgt dripda toko sebelah si oren lebih mahal ongkir dripada harga makanan nya sendiri pdhl jarak ga terlalu jauh saya pesen lontong 12k ongkir 14k dan biaya layanan lain gelo
712,Pengguna Google,1,2026-08-08 07:45:36,bugnya parah banget 1 kalau pesan grab food saat klik pesan harus diklik berkali kali 2 setelah input pin superbank layar loading lama sekali entah orderan berhasil atau tidak
713,Pengguna Google,5,2026-08-08 07:27:53,sangat memuaskan pesanan dikirim dengan baik
714,Pengguna Google,1,2026-08-07 23:26:38,makanannya mahal mahal tambah dengan ongkirnya juga mahal
715,Pengguna Google,5,2026-08-07 23:11:38,saya suka aplikasi ini sangat bagus
716,Pengguna Google,1,2026-08-07 22:05:17,grab lebih berpihak ke pengemudi dalam kasus pesanan saya dari bandara ke rumah pertama pengemudi melalui tim lapangannya meminta dibatalkan tapi tidak ada solusi dari pengemudi dan tim lapangannya hanya disuruh pesan ulang lalu pesanan kedua diwaktu yg sama di batalkan sepihak oleh pengemudi tim lapangannya pun cuma memberikan solusi pesan ulang saja lagi kapok pakai grab mau nyaman malah kami sekeluarga diperlakukan semena area kejadian bandara sultan thaha jambi
717,Pengguna Google,1,2026-08-07 19:58:47,banyak ketidak jelasannya uang tidak masuk padahal sudah di antarkan
718,Pengguna Google,1,2026-08-07 19:25:59,deserve one star even none jelekbanget
719,Pengguna Google,1,2026-08-07 19:06:30,susah banget dapat driver malah jauh semua lagi harga tinggi
720,Pengguna Google,5,2026-08-07 17:32:39,trimksih byk buat kami penyandang netra masnya ramah dan baik sukses selalu am n
721,Pengguna Google,1,2026-08-07 15:17:38,susah dapet driver padhal driver sekitar resto banya sekali daoet deiver muter muterduluu
722,Pengguna Google,3,2026-08-07 15:05:02,tolong grab ada toko nakal tiap dibeli sengaja gak terima trus tokonya dittup padahal ttupnya msi jam 7 mlm awalnya gw kira emng beneran sibuk eh ternyata besok nya gw coba ternyata dittup lgi trus bsok gw coba lgi dittup lgi stelah gw order langsung dittup tolong ditindak itu warungnya nama warungnya bakso meteor
723,Pengguna Google,3,2026-08-07 14:45:40,setiap update lama terus udah tau urgent mau pesen grab lam
724,Pengguna Google,1,2026-08-07 14:26:42,jujur bapak grab di bali khusus nya di denpasar bbrpa bapak grab sangat kasar saya sakit muntah di tlp katanya kan bisa ngetik logika deh please orang muntah di suruh megang hp sungguh ga logika bgt bapa nya jujur aku kecewa jangan mentang saya cewek saya ga berani
725,Pengguna Google,1,2026-08-07 14:23:40,bgs tpi ongkirnya mahal bgt anj mna lama bgt lgi rider nya kck
726,Pengguna Google,5,2026-08-07 12:56:11,suka kesel kalau tiba tiba di cancel sma driver tapi untuk pelayanan dan apk nya ma baguss
727,Pengguna Google,1,2026-08-07 12:41:57,aplikasi jelek masa bisa tiba2 berubah lokasi belum lagi tiba2 berubah resto
728,Pengguna Google,5,2026-08-07 12:18:34,ya bawa motornya bagus tidak unggal unggalan dan ramah
729,Pengguna Google,5,2026-08-07 11:35:42,dengan aplikasi ini perjalanan jadi semakin mudah diakses semoga selalu menjaga kenyamanan pelanggannya
730,Pengguna Google,1,2026-08-07 10:50:54,percuma ada ojek online klo gak bisa nganterin ke yang daerah 1 jam sebaiknya di tutup saja apk ojol grab
731,Pengguna Google,1,2026-08-07 09:26:21,limit ovo paylater cuma sekali pakai hilang padahal dilunasin full mana apk mesti diupdate mulu
732,Pengguna Google,3,2026-08-07 09:25:15,titik penjemputan nya sering tidak tepat dengan tempat pemanggilan
733,Pengguna Google,1,2026-08-07 07:06:01,kalau bikin aplikasi yg bermutu apa kita kirim tidak ada orang foto gak ada orang nya pelanggaran dikit fikit pelanggaran lama lama bangkrut soopy lama lama kami sebagai driver keberatan dikit dikit pelanggaran
734,Pengguna Google,1,2026-08-07 06:32:08,map macet gak jalan jadi gabisa pantau
735,Pengguna Google,1,2026-08-07 06:15:22,titik jemput nya berubah ubah malah jd lebih jauh
736,Pengguna Google,2,2026-08-07 05:04:38,sekarang banyak yg tekuk harga ongkos nya min jam 5 pagi aja normal nya 37rb blak an minta 50rb mana sopirnya digrab ada di ojol sebelah ada
737,Pengguna Google,1,2026-08-07 00:51:04,apk tolol di buka malah nyetak
738,Pengguna Google,1,2026-08-07 00:05:24,baru bangat tadi dapet driver kurang ramah kalo ngomong sama pelanggan minimal lebih sopan saya pesan bayar bukan numpang tolong lebih selektif pilih driver
739,Pengguna Google,1,2026-08-07 00:05:07,sudah langganan paket hemat eh malah gak bisa dipakai di jam jam tertentu khsususnya malam hari pengalaman ini dimulai sejak awal agustus sudah komplain juga kemana mana ke cs tapi tetap tidak memuaskan kalau cancel langganan pun uangnya gak kembali
740,Pengguna Google,1,2026-08-06 23:26:36,sebelumnya saya pakai grab ada opsi bike hemat kenapa sekarang ga ada budget gw jadi keluar 2x lipat gara2 fitur bike hematnya ilang mending gw uninstall dan pake aplikasi sebelah
741,Pengguna Google,3,2026-08-06 22:52:09,kembalikan grab hemat saya saya tiap hari kerja kesana kemari pake grab hemat ini diatas jam 10 mlem udh ga bisa grab hemat terus saya juga sudah berlangganan grab ultimate tapi ga bisa juga haduh kok jadi gini si grab saya sgt kecewa
742,Pengguna Google,2,2026-08-06 22:45:36,kenapa sekarang klok malam gak ada fitur grab hematnya padahal blom malam bgt padahal rutenya juga deket tpi tarifnya mahal bngt biasanya klok mlm saya pesan grab msih ada grab hemat nya skrng udh gak ada sebagai anak rantau yg belum ada kendaraan ini jdi malah memberatkan krna tarif nya skrng mahal
743,Pengguna Google,5,2026-08-06 22:40:42,wih keren banget aku suka aplikasi ini
744,Pengguna Google,5,2026-08-06 21:03:48,garcep tengkciu maaf mas sya td gak bsa lewat ditimur rmh sya sdh diolok2 dan digibah haruse td smpean ditanyai org gausah dijawap
745,Pengguna Google,5,2026-08-06 20:55:33,sangat membantu mempermudah untuk kita yg tdk punya kendaraan sendiri mau kemana mana
746,Pengguna Google,1,2026-08-06 19:39:42,mohon maaf ni admin grab tadi ketemu sama mitranya yg hobby marah marah disuruh nunggu semenit dua menit malah marah marah dichat terus dicancel minta tolong diproses yaa
747,Pengguna Google,1,2026-08-06 19:23:16,sudah login gak ada menu order makanan atau pesan ojol sudah uninstall dan install lagi tampilan home masih sama malah ada menu pinjaman hadiah dll yg gak guna
748,Pengguna Google,1,2026-08-06 18:02:11,tlong yg balas jangan ai masalah g teratasi pakai sdm utk bales biar komunikasi gmpmg jgn cuma maaf maaf aja
749,Pengguna Google,1,2026-08-06 16:58:50,sudah lama jadi pengguna grab tapi akhirnya saya harus memutuskan tidak pakai grab lagi berapa kali perlakuan mitra grabnya tidak mengenakan ditambah lagi kadang ada tambahan biaya diluar aplikasi sampe pembayaran yang sulit pihak aplikator setelah banyaknya komplain dan mitra driver yg kurang attitude tapi tidak betbenah juga
750,Pengguna Google,5,2026-08-06 15:55:37,banyak diskon yg sangat besar di bulan tertentu grabcar 6rb buat 3km gokil murah thanks bngt apk yg sangat membantu
751,Pengguna Google,1,2026-08-06 15:51:34,aplikasi ini enggak berguna sangat tidak kompatibel dengan talkback aplikasi ini tidak bisa digunakan oleh tunanetra pengguna google talkback
752,Pengguna Google,2,2026-08-06 15:32:41,tiba tiba lemot tanpa alasan jelas
753,Pengguna Google,1,2026-08-06 15:31:29,ojek sama grabfoodnya oke tapi layanan kirim barangnya nggak banget ya pesen grab send dari jam 7 pagi jadwal pick up barang jam 12 15 jam 15 baru dihubungi kurir minta shareloc pas dihubungi kurir bilang kalau barang diambil sore agak malam karena kantornya ada di kota sebelah dan pesanan baru masuk ke dia jam 15 sore
754,Pengguna Google,1,2026-08-06 15:05:36,aplikasi jelek maps tidak akurat tolong di sinkronkan dengan google maps agar mempermudah mencari alamat
755,Pengguna Google,5,2026-08-06 15:02:50,memudahkan dalam perjalanan saat ada perlu
756,Pengguna Google,3,2026-08-06 14:45:37,umm saya tidak bisa pesen gojek untuk pergi padahal ini sabgat urgent dan disuruh untuk update dulu akhiran nya saya telat
757,Pengguna Google,5,2026-08-06 14:23:27,responsif nya cepat dan memudah kan saya melakukan apa pun di grab ini terima kasih kk
758,Pengguna Google,5,2026-08-06 14:10:44,mantap ga pake ribet di aplikasinya
759,Pengguna Google,1,2026-08-06 12:58:12,fitur bagikan lokasi masih nyasar jauh
760,Pengguna Google,1,2026-08-06 12:55:10,halo kenapa ya setiap mau pesen selalu ada bug seperti opsi motor atau mobil hilang tombol pesan itu kadang putih padahal sinyal bagus loh terus di tambah ada driver yg bilang nunggu 4 sampai 3 menit dateng dateng malah 15 menit nyusahin tau ga
761,Pengguna Google,1,2026-08-06 12:18:17,tolong setiap pesan grab jangan nambah kontak org terdekat
762,Pengguna Google,5,2026-08-06 12:15:40,baguss plss bsa di dowloas unruk brngkt pkl
763,Pengguna Google,1,2026-08-06 12:04:04,beli makan dibawah 30k pemesanan kecil kena biaya cok udah lah pindah ke aplikasi sebelah aja
764,Pengguna Google,2,2026-08-06 11:50:21,gua pesan pengantaran expres driver yang datang malah lansia yang lelet expres darimana
765,Pengguna Google,5,2026-08-06 11:37:21,membantu sekali soalnya sekarang jarang ada angkutan umum
766,Pengguna Google,5,2026-08-06 11:24:11,banyak promo nya love u makasi
767,Pengguna Google,5,2026-08-06 10:34:46,a convenient app that makes transportation food delivery and daily services simple and accessible
768,Pengguna Google,1,2026-08-06 10:22:44,heran aplikasi sekelas grab kok bisa dark mode aja tidak tersedia
769,Pengguna Google,1,2026-08-06 10:00:21,aplikasi ojol paling bengis rakus dan tidak memanusiakan manusia
770,Pengguna Google,5,2026-08-06 10:00:01,saya selaku driver grab sangat merasa dirugikan akan penumpang gendut yg berat badannya ga karuan tolonglah buat penumpang yg beratnya ga karuan itu anda selain gendut bisa membuat driver kecelakaan dan rugi besar kalo dibawa motor geal geol dan menyebabkan kecelakaan kalo di tolak peforma turun pikir pikir lah kalo mesen pake yg grab xl turunin sifat egois anda untuk tetap lanjut pesan di grabbike hemat dan menerima motor yg 110 cc jadi tolong pihak grab tambahkan isian data berat bdn
771,Pengguna Google,1,2026-08-06 07:48:40,woy nggak bisa di buka aplikasi nya urgent malah error kocak
772,Pengguna Google,5,2026-08-06 06:34:20,mengapa ga bisah order ke grab
773,Pengguna Google,1,2026-08-06 05:16:38,makin ksni makin pada se enak nya driver driver grab
774,Pengguna Google,5,2026-08-06 01:56:06,i greatly appreciate the various standout features developed by grab that facilitate mobility and meet daily needs ranging from quick transportation options like grabbike and grabcar grabfood delivery services and grabexpress parcel delivery to the latest ai driven innovations such as smart assistants and personalized travel experiences
775,Pengguna Google,1,2026-08-06 00:56:42,enggak bisa di pencet aplikasih grab nya kurang bagus aplikasih grab nya
776,Pengguna Google,5,2026-08-06 00:01:25,tolong orderan nya jangan di anyepin paman
777,Pengguna Google,5,2026-08-05 21:54:58,klau ada greb plg krj mlm ckup aman
778,Pengguna Google,1,2026-08-05 21:37:53,baru aja sya beli kuota di grab sya liat nih wah lagi ada yg murah yaudah sya top up ovo kuota 16gb rp 40rb ehh tataunya yg masuk cuma 6gb nasional 2gb nya 5g ini mah namanya bohong nipu
779,Pengguna Google,1,2026-08-05 21:04:19,bikin voucher ga ikhlas bgt ya blum di pake malah gabisa di pake co koca
780,Pengguna Google,5,2026-08-05 20:37:54,ad grab bgus kalo mager bsa mesan mkanan lewat grab sngat bermanfaat
781,Pengguna Google,5,2026-08-05 20:34:26,gokil walaupun jarak jauh dengan harga 9 ribu tetep pada mau
782,Pengguna Google,1,2026-08-05 20:08:52,ojol skrg aneh pada ga punya attribute apa gmna dah aneh kerja pada ga pake attribute
783,Pengguna Google,5,2026-08-05 20:05:30,aplikasinya bagus cocok untuk kebutuhan dan lainnya saran saya ada yang kurang dari aplikasi grab ini yaitu pada mapsnya yang kurang lengkap karena keletakan nama nama tempat secara lengkap dan juga harus di kembangkan pada fitur maps mungkin bisa di perbaiki perbarui lebih lengkap seperti google maps agar lebih detail nama nama tempat yang ada
784,Pengguna Google,1,2026-08-05 19:25:47,iklannya ganggu bangett bisa ga sih ga usah iklan mulu kaya aplikasi shopee aja udah ga lewat heran deh setiap buka aplikasi lain selalu ada iklan grab
785,Pengguna Google,1,2026-08-05 19:12:30,paylater tidak pernah terlambat belum jatuh tempo dibayar malah diblokir
786,Pengguna Google,3,2026-08-05 18:42:48,saya kasih bintang 3 krn saya jarang naik tp pelayananya bagus dan familiar
787,Pengguna Google,1,2026-08-05 15:42:33,aplikasi brengsek lemotnya minta ampun developernya gak kerja
788,Pengguna Google,1,2026-08-05 14:33:47,sangat kecewa saya order dengan harga diskon tapi driver mobil nego untuk minta harga normal
789,Pengguna Google,1,2026-08-05 13:03:27,brand brengsek masang iklan di lahan orang ga izin
790,Pengguna Google,1,2026-08-05 12:36:41,pacar saya di bonceng terus cowo
791,Pengguna Google,2,2026-08-05 12:22:50,tolong dong grab udah 2026 masa fitur chat cust dengan resto di grab food gak ada masa mesti nunggu resto ngechat kita dulu baru bisa minta request tambahan atau nanyain keadaan sesimpel makanannya udah dibikin apa belum dan satu lagi kenapa grab nih dibandingkan aplikasi sebelah lebih lelet masalah waktu ibarat orang kelaperan jd kenyang karena kelamaan nunggu
792,Pengguna Google,5,2026-08-05 10:18:32,aplikasi antar jemput dan food delivery dengan harga bersaing
793,Pengguna Google,5,2026-08-05 09:58:42,alah bangs bangat grab buat akun baru pas mau buka malah logout mau login lagi ada pop up akun di tangguhkan kan kebijakan plenger bangat nih aplikasi grab
794,Pengguna Google,5,2026-08-05 06:53:01,aplikasi dan layanan yang sangat membantu mobilitas pelanggan selama ini dapat pengemudi yang baik semoga grab terus berbenah menjadi semakin baik
795,Pengguna Google,1,2026-08-05 06:44:50,mohon perbaiki navigasinya rute pilihan tidak ada yg terdekat dan jauh semua selalu memutar padahal dahulu tidak seperti itu mohon menjadi perhatian
796,Pengguna Google,1,2026-08-05 04:47:57,biaya admin ga ngotak argo tidak sesuai perampokan secara alus sih ini
797,Pengguna Google,1,2026-08-05 01:16:53,buruk sering di cancel oleh driver nya tolong driver nya di blokir akunnya kalau sering main cancel
798,Pengguna Google,5,2026-08-04 23:58:21,pas banget buat transportasi buat kesekolah kerja atau kemanapun itu jauh lebih mudah pake ini atau juga bisa buat yg mau beli makanan minuman dlln semua tersedia disini pokonyaa mantepp deh
799,Pengguna Google,3,2026-08-04 22:11:00,kenapa sistem bike hematnya ilang dah
800,Pengguna Google,5,2026-08-04 21:07:30,grab sangat membantu untuk kita biyaya nya terjangkau di kantong
801,Pengguna Google,5,2026-08-04 21:07:05,driver ramah mobil bersih dan wangi
802,Pengguna Google,1,2026-08-04 20:41:55,jelek udh di update balik lagi minta update ngabisin kuota
803,Pengguna Google,2,2026-08-04 20:02:26,harga makanan sdh mahal ada biyaya platfrom yg di bebankan ke costumer bener2 mahal cuman grabdriver yg sdh dpt potongan 10 tapi di foodnya masih 20 25 sekarang beli makanan ada biyaya platform sungguh lintah darat di era apa2 mahal ini aplikasi jg ikut mahal padahal keuntungannya sdh banyak dari yg downlod doang buka aplikasi dari biyaya pihak resto dan driver tp masih di minta biyaya platform uangnya di pake buat iklan gede2an tp biyaya platforn di bebankan ke costumer miris
804,Pengguna Google,5,2026-08-04 19:51:39,saya lebih simpel dan tidak repot setelah ada grab
805,Pengguna Google,1,2026-08-04 19:51:10,pada nggk mau ambil pesanan di lebak bulus
806,Pengguna Google,5,2026-08-04 19:41:48,kami pemula pas ad orderan ga ad notif jdi bingung gmn lg aktf kn
807,Pengguna Google,2,2026-08-04 19:09:43,minta tolong di perbaiki sistemnya terkait pembayaran tunai kenapa driver selalu menolak tunai kalo memang seperti itu terus jangan aja isi metode pembayaran tunai
808,Pengguna Google,3,2026-08-04 19:01:32,sekarang grab ga ada fitur pilih pengemudi terdekat pilih kendaraan dan pilih tarif langsung di arahkan ke driver terkadang posisi driver terlalu jauh dengan posisi jemput
809,Pengguna Google,5,2026-08-04 18:47:56,knp sih harus di update truss
810,Pengguna Google,1,2026-08-04 17:05:40,untuk sistemnya gajelas makanan saya sudah jadi 20 menitan tapi dari aplikasi bilang kalau masih di proses trus setelah makanan jadi driver baru menuju restoran belum lagi ke lokasi tujuan ini bukan tentang driver ini tentang sistemnya
811,Pengguna Google,5,2026-08-04 17:02:24,perjalanan barusan cukup memuaskan dan tepat waktu sampai ditujuan
812,Pengguna Google,5,2026-08-04 16:27:24,sangat baik sangat ramah sya sangat puas
813,Pengguna Google,5,2026-08-04 16:20:19,terima kasih kakak kurir tamvan
814,Pengguna Google,2,2026-08-04 14:58:47,susah dapet driver maunya argo gede mulu drivernya pdahal gw ga pernah kasi ongkos sesuai aplikasi pasti gw lebihin ongkosnya paling kecil goceng tipsnya blm apa2 driver minta censel banyak alesan mental oncom drivernya
815,Pengguna Google,1,2026-08-04 14:55:02,hallo saya dari salah satu penumpang grab bener bener kecewa dan saya udah lama pake aplikasi ini tapi baru baru ini aku hampir mati di buat salah satu pengemudi grab tangan saya sebelah kiri gak bisa di gerak gerakkan sampe sekarang dan pinggang saya luka kaki juga tolong ya pihak grab bilangin sama semua karyawan pengemudi grab sekali lagi minta tolong kalau bawa penumpang hati hati tolong kereta nya di cek lagi sebelum di gunakan itu aja dari saya tolong di baca ya
816,Pengguna Google,4,2026-08-04 14:14:04,tarif grab sekarang mahal dan kode promo kadang tidak berfungsi
817,Pengguna Google,1,2026-08-04 13:53:13,kalok bisa tidak ngasik bintang saya tidak akan memberikan bintang pelayanan 0 butuh bantuan tidak ada penyelesaian mintak bantuan cuma buang waktu saja
818,Pengguna Google,5,2026-08-04 13:36:19,aplikasi ini bagus sangat membatu ada keperluan
819,Pengguna Google,1,2026-08-04 13:19:42,luat nian ai dah grabexpress lamo nian nak ngambek barang ditolak tulah mentang mentang ongkir 4 besyukur la pulo ai uong lah lapar mak ini lah sejam aku nunggu disini grabexpress burik tp grabfood oke
820,Pengguna Google,5,2026-08-04 13:13:53,suka sekali karena ketepatan waktu terima kasih
821,Pengguna Google,3,2026-08-04 11:49:06,kok grab semakin hari semakin naik yah tarifnya
822,Pengguna Google,1,2026-08-04 11:40:32,sangat buruk saya pakai grab di thailand dengan payment debut card permata pemesanan batal tapi tagihan 1 756 baht tetap dibebankan dan tidak pernah ada pengembalian dari grab dari 23 mei 2026
823,Pengguna Google,5,2026-08-04 11:29:25,terima kasih driver gesit cepat nyaman aman
824,Pengguna Google,5,2026-08-04 10:24:12,aplikasinya sangan membantu kalian harus download
825,Pengguna Google,5,2026-08-04 10:23:35,pengemudi lebih bnyk jdi lebih cpt dapat
826,Pengguna Google,5,2026-08-04 10:06:21,memudah kan segala urusan harga terjangkau mantap
827,Pengguna Google,5,2026-08-04 09:46:06,alhamdulillah nyaman bersih drivernya sopan dan baik
828,Pengguna Google,5,2026-08-04 09:10:51,sangat puas dengan layanan nya membuat saya lebih mudah dalam beraktifitas
829,Pengguna Google,5,2026-08-04 08:57:52,sangat membantu untuk kebutuhan saya terimakasih
830,Pengguna Google,5,2026-08-04 08:25:50,lain kali tolong bungkusan yang ada air nya jangan di satukan dengan tempe
831,Pengguna Google,5,2026-08-04 07:08:27,terima kasih sudah diantar sampai tujuan dengan baik
832,Pengguna Google,1,2026-08-04 06:07:17,parah grab bike udh berhari2 ga ada yg nyangkut dan klo nyangkut udh mau dkt rmh tetiba d cancel pdhl udh mempet dan udh bnyk yg nolak mentang2 dana pelajar butuh duit tp maunya gede grabcar jg sama pake xl plus tp kursi belakang d lipat alasanya macetlah ada barang lah mending ga usah xl plus parah skrg driver2 udh ga mau jarak deket nanti klo udh sepi penumpang ngeluh lg dan 1 ojol kdng udh mendekati lokasi suka membatali sepihak hrsnya di kenakan sanksi
833,Pengguna Google,5,2026-08-04 05:49:15,grab memudahkan perjalanan saya terima kasih grab kalo bisa saya harap grab bisa dipesan untuk 2 perjalanan sekaligus apalagi anak saya ke sekolah bersamaan biar tidak menunggu yang satu tiba baru dipesan lg soalnya sekolah mereka berbeda
834,Pengguna Google,1,2026-08-04 04:45:28,aplikasi ojol aneh dari apk sebelah massa pahe aja munculnya jam 5 pagi dibatasi mau order juga harus di jam 5 pagi
835,Pengguna Google,1,2026-08-04 04:45:25,sistem makin bobrok layanan hemat di malam hari adain lagi tolol costumer lama lama pada pindah ke provider lain
836,Pengguna Google,1,2026-08-04 04:28:41,perlu diperhatikan dan diperbaiki lagi untuk sistem operasi nya terutama penjemputan sudah sangat lama menunggu
837,Pengguna Google,1,2026-08-04 00:49:11,grabfood pengantaran prioritas dihapus aja gak guna pesen pengantaran prioritas tetep terlambat lama mending yang pengantaran lama aja skalian
838,Pengguna Google,1,2026-08-04 00:17:49,pesen nasi goreng 1 jam 10menit mati duluan yg ada klo pake grabb
839,Pengguna Google,5,2026-08-03 23:19:31,tuhan pencipta alam semesta aja masih punya hati nurani nya masa ciptaannya ga ada manusiawinya sama mitranya
840,Pengguna Google,4,2026-08-03 22:06:51,alamat dan map tidak sesuai dengan titik map google rumah 36 kok jadi 13 no rumah 36 jadi 18 alamat rumah tidak sesuai
841,Pengguna Google,5,2026-08-03 21:58:20,sangat membantu disaat saat penting kita
842,Pengguna Google,3,2026-08-03 21:45:06,tolong dong makin mahal ongkir haruse makin cepet saya pilih standar ongkir ttp la seperti ongkir hemat
843,Pengguna Google,1,2026-08-03 20:34:17,gw mau ke depok dri jelambar dicancel mlu ma driver dikira mau prank
844,Pengguna Google,5,2026-08-03 20:31:38,mudah2an dimudahkan segala urusan dan dilancarkan rejekinya ya mbah aminn
845,Pengguna Google,5,2026-08-03 20:25:29,baik dalam berkendaraan ramah untuk masyarakat grab nya
846,Pengguna Google,3,2026-08-03 19:44:24,tengil bgt ketemu ojol ngomong nya pas pasan di jln pas belokan sy lg belok dia lurus di
847,Pengguna Google,1,2026-08-03 19:43:44,pesen nya lama kalau pagi jadi telat berangkat sekolah sesampai nya di sekolah saya di hukum guru dan kena sanksi
848,Pengguna Google,1,2026-08-03 18:59:41,udh lama datang gak bisa dibatalin lagi
849,Pengguna Google,1,2026-08-03 18:34:03,aplikasi penjajah mengambil untung dari driver yang terpaksa menerima bayaran murah seperti kerja rodi jaman penjajahan
850,Pengguna Google,1,2026-08-03 17:52:29,lemot banget beberapa kali mau pesen makanan selalu gak bisaa teruss eror terus aplikasi nyaa bikin emosi teruss penjualan nyaa adu mulai kalo ada potongan harga dikit ajaa langsung di cancel hadehh sekalian jangan kasih promo dong
851,Pengguna Google,4,2026-08-03 17:12:21,kenapa si grab ini susah bgt carinya padahal dipusat kota plus para driver itu suka gak mau ambil kalau ada yg penumpang yg pake promo
852,Pengguna Google,2,2026-08-03 16:31:27,kalau pakai hemat sulit dapat driver kalau dapat terkadang jauh padahal ada yang stanby d sekitar saya
853,Pengguna Google,1,2026-08-03 16:30:10,banyak banget driver yang nge acc tpi ga gerak klo ga niat ga usah di acc
854,Pengguna Google,1,2026-08-03 15:41:46,iklannya ganggu banget jujur ditungguin sampe selesai tapi iklannya gak ilang2 dan gak bisa di skip pencet silang sekalinya muncul di aplikasi lain harus keluar aplikasi dulu biar iklan kalian ilang entah nge bug atau gimana tapi cuma iklan grab doang yang begitu
855,Pengguna Google,1,2026-08-03 15:16:30,takut pakai grab sekarang drivernya berani memaki omongannya kasar tidak ada sop driver tidak ramah tidak bisa komplain sekarang jadi takut naik grab tidak aman
856,Pengguna Google,5,2026-08-03 15:06:24,sayang sekali driver tidak dapat berbicara dalam bahasa inggris
857,Pengguna Google,1,2026-08-03 14:21:39,i jkom rli i t mulai hari makin
858,Pengguna Google,3,2026-08-03 13:36:05,kecewa sih masa gw beli digrab titik nya gak jelas lokasi namanya udah bener tapi kenapa titiknya salah yang bikin grab nya marah yang kena malah gw padahal aplikasi nya aja ngebug bikin gw emosi setiap beli lewat grab karena ribut mulu sama grab nya mohon diperbaiki maaf jika ada kesalahan kata
859,Pengguna Google,5,2026-08-03 12:37:09,tolong adain batalkan pesanan kalau merchant tutup karna dari customer nggak bisa membatalkan kalo driver membatalkan juga nanti dapat driver baru lagi padahal saldo ovo sudah ditahan sebaiknya merchant juga didisiplinkan lagi soal jam buka dan tutupnya terima kasih
860,Pengguna Google,1,2026-08-03 11:59:28,aplikasi grab sangat buruk dan tolong diperbaiki dan disampaikan kepada tim manajemen terkait kendala serius ini bahwa aplikasinya lemot loading terus dan ini bisa menyebabkan kerugian miliaran rupiah kepada developer apps sebab orang yang tadinya semangat belanja jadi ilfeel hilang minat karena kelamaan nunggu saya hampir saja batal beli minuman dan mohon ditanggapi serius keluhan saya agar bisa sampai kepada tim manajemen sebab perusahaan yang rugi bukan saya
861,Pengguna Google,1,2026-08-03 11:24:18,perjalanan pembayaran via qris saldo saya sudah kepotong tetapi tidak masuk di pengemudi jadi pembayaran 2x ke pengemudi tolong di perbaiki terkait pembayaran nya
864,Pengguna Google,1,2026-08-03 07:54:10,tidak transparan metode pembayarannya harusnya uang yang dibayarkan penumpang di potong 8 bukan ditambahin embel biaya platform dan asuransi yang dibeli penumpang
865,Pengguna Google,5,2026-08-03 07:42:16,terbaik dan tepat waktu terimakasih grab
866,Pengguna Google,5,2026-08-03 07:27:03,sangat membantu lebih hemat dari mobil siaga desa
867,Pengguna Google,5,2026-08-03 06:23:11,cukup pantas jika sy bri bintang 5 karnaa apk ini sangat2 membantu
868,Pengguna Google,2,2026-08-03 06:14:12,selalu update ulang pas di update gak bisa bikin jengkel aja tolong kalau update ulang gak usah banyak penyimpanan yg di ambil lah udah hapus aplikasi yang lain tetap di suruh update ulang
869,Pengguna Google,1,2026-08-03 04:48:48,binggung ovo suka kepotong tiba2 dan skrng grab hemat gak ada kemarin2 ada gimana ya ini grab mau uninstall tapi masih ada sisa saldo ovo disini
870,Pengguna Google,1,2026-08-03 04:45:03,gajelas udah beli langganan grab hemat tapi gaada grab fitur hematnya
871,Pengguna Google,1,2026-08-03 04:08:48,pengn langganan ama driver kt si driver kgk mau oflain grb now aja tahu2 akun saya di tanggukan pdhl 7anya lnggnan ama ojol tangga sendiri berhubung tmpt nya di perdesaan biar bisa sat set berhubung sy mls gnti no wa buat daptar lgi jdi nya otw pinda ke aplikasi sebela
872,Pengguna Google,1,2026-08-03 01:50:13,sumpah greb sangat ribet sekali harus masukkan indentitas pribadi kaya yang mau minjem duit aja padahal saya kan mau naek ojek harus masukkan semua indentitas pribadi diribet banget sumpah sudi lagi deh download aplikasi greb ini harus foto selfi segala lagi kaya yang mau pinjem duit aja
873,Pengguna Google,2,2026-08-03 00:37:30,sebagai anak kost yg belum punya kendaraan sendiri saya sangat kecewa dengan nominal tarif skrng dan dengan jarak yg masih sama dari harga 10rb tiba melonjak ke 18rb sebenarnya faktor nya apa min bisa berubah drastis gitu kalo gini terus saya bakal beralih aplikasi
874,Pengguna Google,5,2026-08-02 23:42:23,i have been using grab for quite some time and overall i am satisfied with the service the app is easy to use and booking a ride or ordering food only takes a few minutes also most of the drivers i have met are friendly and professional and the service is usually reliable the various payment options including cash and digital payments make transactions more convenient
875,Pengguna Google,5,2026-08-02 23:20:12,harga murah byk promo apalagi klo pake grabunlimited
876,Pengguna Google,3,2026-08-02 22:14:17,grab hematnya knapa dibatesin skrg ya
877,Pengguna Google,5,2026-08-02 21:20:29,ada kendala aga susah ya klo sudah jm 9 mlm
878,Pengguna Google,1,2026-08-02 19:50:52,kepada manajemen ada baiknya the rule of the games terkait order dievaluasi saya setiap order food drivernya selalu dapat double order hal ini menyebabkan pengantaran menjadi sangat lama dan kualitas layanan yang diberikan tidak sesuai harapan thanks
879,Pengguna Google,5,2026-08-02 19:06:05,untuk kalian para konsumen grab yg saya ga hormati tolong lah klau driver uda minta tolong cancel apa susah nya sih cancel toh tdk merugikan kalian hidup jgn terlalu serius dan jgn terlalu bodoh lah smart dikit dan berbaik hati lah sesama manusia jgn zolim
880,Pengguna Google,5,2026-08-02 19:00:30,my favorite super app whether it s ordering food getting around or sending packages everything is quick and easy it s super convenient and i often get discounts too
881,Pengguna Google,1,2026-08-02 18:38:31,pengemudinya ga ramah di chat ngomongnya ga enak sudah di depan mata malah dibatalin sudah beberapa kali d batalin gara2 pakai grab hemat padahal jangan lihat dari harganya pelanggan juga punya pikiran pasti d lebihin terus grab ya lagi pasang harga hemat murah banget jd saya mengalami hal yang tidak mengenakan saya bener2 kesal tidak mau lagi pesan d grab
882,Pengguna Google,3,2026-08-02 17:32:40,maaf saya kasih rate 3 saya sudah berkali2 kecewa karena utk penjual bisa sepihak membatalkan pesanan saya sudah lapar sekali dan saya sudah menunggu sampai setengah jam lebih tapi tiba2 di batalkan tanpa pemberitahuan
883,Pengguna Google,5,2026-08-02 16:56:16,waktu motor lagi trouble app pertama yang ku buka buat perjalanan
884,Pengguna Google,5,2026-08-02 16:44:25,makanan nya enak2 ramah di kantong pula dann yg terpenting kakak2 yg ngelayanin bes terbai
885,Pengguna Google,1,2026-08-02 15:47:01,tidak ada menu download e receipt versi lama bisa minta struk via chat yg sekarang menu chat untuk minta struk pun tidak ada
886,Pengguna Google,1,2026-08-02 15:44:15,makin hari makin buruk bgt ini apk setiap mau order grab bike error trus bikin emosi sekalipun di update versi terbaru masih error aja ngabisin kuota buat update tolong dong perbaiki udah nyaman pke apk ini tp kadang error bikin males nunggu
887,Pengguna Google,1,2026-08-02 15:22:25,promo paylater tinggi tiba tiba ada tagihan rp 45k rp 45 setiap penggunaan perbulan kan kayak sama aja
888,Pengguna Google,5,2026-08-02 15:12:52,praktis ekonomis tepat waktu dan ramah serta membantu
889,Pengguna Google,2,2026-08-02 14:35:44,sangat kecewa dengan sistem titik jemput grab saya sudah berulang kali mencoba mengubah titik jemput ke lokasi saya atau titik terdekat tetapi aplikasi tetap mengunci lokasi yang disarankan dan itu jauh saya antisipasi memberi catatan dan menjelaskan ke driver bahwa kesalahan aplikasi yang tidak bisa di ubah terdekat pesanan akhirnya saya batalkan karena jarak terlalu jauh driver tidak bisa pick up dan sempat terjadi perdebatan masalah ini malah menimbulkan salah paham antara cs driver
890,Pengguna Google,1,2026-08-02 12:59:23,grab food lama sekali ga kayak shopee food
891,Pengguna Google,1,2026-08-02 12:28:28,ngasih driver jauh jauh mulu elah cape banget
892,Pengguna Google,1,2026-08-02 12:24:31,lelet map tiba tiba ilang gw uninstal ganti gojek
893,Pengguna Google,5,2026-08-02 12:05:54,cepet dan murah dari pada ojol yg lain
894,Pengguna Google,4,2026-08-02 11:41:48,kalau bisa ya kk opsi pembayaran nya bisa di tambah pakai aplikasi dana soalnya ngak semua orang pakai ovo saran aja sih
895,Pengguna Google,5,2026-08-02 11:36:43,pengalaman pakai grab selalu memuaskan estimasi waktu pengiriman akurat tampilan aplikasinya simpel dan gampang dipakai diskon promonya melimpah driver nya juga selalu sopan dan ramah pertahankan apa yang sudah bagus dan semoga bisa jadi lebih baik lagi kedepannya terimakasih grab
896,Pengguna Google,1,2026-08-02 11:14:17,mahal lama terus gojek nya ngebut ngebut an
897,Pengguna Google,3,2026-08-02 09:51:14,kadang driver nya salah alamat padahal sudah ku tulis dengan lengkap dan update apk ini sangat lambat membuat ku harus menunggu untuk memesan makanan
898,Pengguna Google,4,2026-08-02 09:09:55,aplikasi bagus mohon ditambahkan fitur 1 gps navigasi atau tampilan kendaraan di peta 2 tambahkan pembayaran atau hubungkan di gopay tks
899,Pengguna Google,1,2026-08-02 07:34:43,alamat rumah gua ga bisa pake grab bike
900,Pengguna Google,4,2026-08-02 07:19:37,diskon persenan nya tinggiin donk yg minimal beli banyak nya
902,Pengguna Google,1,2026-08-02 06:47:06,lambat sekali cari driver kayak gak niat
903,Pengguna Google,1,2026-08-02 06:25:44,aplikasi busuk ngapain ada pilihan tarif kalo sudah pilih tarif pindah ke tarif lain pemaksaan
904,Pengguna Google,5,2026-08-02 06:17:19,pertama kali nyari driver pake grab harganya lebih hemat drivernya sopan dan helpful mobilnya bersih nyaman cara bawa mobilnya juga aman gak ngebut
905,Pengguna Google,1,2026-08-02 04:48:47,tolong ya untuk drivernya kalau gak di lokasi disidak saya bingung ini 3x mesen tapi driver gak ada gerak sama sekali kalau memang gak mau ambil karna harga diskon ya cancel aja
906,Pengguna Google,5,2026-08-02 04:47:10,berani dan saya senang sampai tujuan trimakasi bg walaupun jalannya gelap
907,Pengguna Google,1,2026-08-02 02:13:34,parah sekarang ongkos grab bike fantastis kenaikan nya byk penumpang mengeluh soal kenaikan tarif ongkos
908,Pengguna Google,5,2026-08-02 01:25:54,perjalanan nyaman dan driver ramah baik sabar terima kasih
909,Pengguna Google,5,2026-08-02 00:09:05,aplikasinya keren banget saya sangat suka
910,Pengguna Google,5,2026-08-01 23:27:42,pengalaman saya menggunakan grab sejauh ini cukup lancar ini adalah versi aplikasi utama yang lebih ringan dan saya suka bagaimana aplikasi ini menggunakan lebih sedikit data dan berfungsi dengan baik
911,Pengguna Google,5,2026-08-01 22:50:27,grab provides excellent transportation and food delivery services the app is easy to use and the service is reliable
912,Pengguna Google,1,2026-08-01 22:13:48,udah gada grab hemat pulang kerja jam 10 malem nih wkwkkwkwkwkw digeber 15 yang tadinya sekilo bisa 7500 doangan bye by
913,Pengguna Google,5,2026-08-01 21:04:24,kembali ke bintang lima karena sudah ada solusi dalam konfirmasi pemesanan
914,Pengguna Google,5,2026-08-01 19:35:19,sangat baik sekali terima kasih grab
915,Pengguna Google,3,2026-08-01 19:01:59,sok sok ngasih peringatan lain kali bayar pake qris padahal pas pake belanja lewat grabmart bagian metode pembayarannya yg qris ga bisa di klik tulisannya metode ini tidak didukung pre
917,Pengguna Google,5,2026-08-01 18:51:10,aplikasi bagus dengan lowongan pekerjaan na
918,Pengguna Google,2,2026-08-01 18:06:01,bagaimana sih aplikasinya ini kenapa pengemudi makin jaug dari titik jemput malah biarin aj nnti kita yang batalkan dari aplikasi kita yg kena denda padahal driver yg makin melenceng dari titik jemput dan gak ada kabar
919,Pengguna Google,2,2026-08-01 17:36:22,driver nya yang ada disini selalu cari alasan selalu gak mau jemput
920,Pengguna Google,1,2026-08-01 17:21:33,eh kanciang kalo driver lu ga mau ambil karena alesan ga nerima qris tapi butuh cash gausah ada lu buat sistem itu gua telat setengah jam perkara di cancel sama driver lu lu bayangin 4 driver nolak gua status gw pelanggan bintang 5 selalu ngasih tip lebih buat driver ga banyak mau taat aturan sistem gajelas
921,Pengguna Google,2,2026-08-01 17:13:24,loading lama disuruh update terus bug sangat mengganggu
922,Pengguna Google,5,2026-08-01 15:05:09,tepat waktu pengantar ramah dan sopan
923,Pengguna Google,1,2026-08-01 12:03:36,mohon jgan korupsi uang tips dri pelanggan
924,Pengguna Google,1,2026-08-01 11:31:52,aplikasi paling tolol dan driver gak ramah jemput aja salah2 dikasih tahu ngelonjak
925,Pengguna Google,1,2026-08-01 10:29:28,pengantaran dibatalkan oleh driver tdk dikabari chat apapun tb2 d cancel tp saya dicarge dgn status selesai pengantaran dan d charge saldo ovo nya 96rb dijemput aja kagak min min minta tolong ya diperbaiki layanannya
926,Pengguna Google,3,2026-08-01 09:54:51,login susah dan kode tidak terkirim ke wa atau sms
927,Pengguna Google,1,2026-08-01 09:32:31,driver semena mena suka maksa ngasih tip klu bayar tunai pake uang lebih sisanya g mau dikembalikan
928,Pengguna Google,1,2026-08-01 07:42:20,aplikasi dipake di dua hp yang berbeda koneksi internet bagus tapi keterangan di layar semuanya null null mau batalkan susah begitu dibatalkan dan pake hp lain tiba2 datang drivernya di depan rumah jadi 2 hape nyangkut ke driver semua
929,Pengguna Google,5,2026-08-01 07:41:32,so far aplikasi ini sgt membantuku sehari2
930,Pengguna Google,1,2026-08-01 04:29:25,parah sih gua pake pahe udah bayar dan semuanya karena rumah gua jauh pastinya harus pagi pagi sekitar jam setengah lima udh harus jalan tapi apa gua masih aja harus bayar 15 pas mesen grab penipu banget akhirnya gua biarin aja hangus itu paket berenti gua pake grab pindah ke maxim penipu penipu gua butuh kan pagi untuk berangkat kerja tp si pahe grab ga ada fungsinya dasar penipu
931,Pengguna Google,1,2026-08-01 03:00:02,driver pada males mending gojek maxim aja
932,Pengguna Google,1,2026-08-01 02:45:25,untuk di terminal besar seperti bekasi grab masih suka berkerja sama dengan oknum di terminal sehingga menyulitkan penguna castoumer harap di berantas dan di tertibkan
934,Pengguna Google,1,2026-08-01 00:52:58,harga yg tdk masuk akal di grabfood
935,Pengguna Google,1,2026-07-31 23:43:21,sekarang kalo malam gaada bike hemat padahal udah jadi prioritas setiap hari bolak balik kerja kacawkocak
937,Pengguna Google,5,2026-07-31 21:04:19,setiap saat dipakai sama sekali belum pernah isi
938,Pengguna Google,2,2026-07-31 15:43:03,2025 2026 only for phone 256 verdict uninstall from other devices to save spaces
939,Pengguna Google,5,2026-07-31 15:13:44,gps lumayan akurat dalam menganalisis alamat tujuan mengapa saya sebut lumayan karena menurut saya perlu ditingkatkan lagi pada akurasi lokasi alamat tujuan aplikasi contoh kurang akurat dalam analisis lokasi alamat tujuan alamat tujuan saya kampung tua tanjung buntung rt 02 rw 01 no 62 kelurahan tanjung buntung kecamatan bengkong tapi saya di antar ke kampung amin tanjung buntung rt 02 rw 01 no 62 inikan bukti bahwa analisis lokasi alamat tujuan aplikasi tidak akurat
940,Pengguna Google,1,2026-07-31 13:08:27,pengantaran lam malah muter ke rute yg jau makanan jadi dingin
941,Pengguna Google,1,2026-07-31 11:22:25,makin lama makin mahal padahl langganan parah bgt mahal ny gada diskon lag lama lama males pake grab
942,Pengguna Google,5,2026-07-31 11:07:02,selalu ada jalan ramah dikantong terbaik
943,Pengguna Google,5,2026-07-31 10:58:24,mantap juga drivernya super baik dan sabar sehat selalu buat ibunya
944,Pengguna Google,5,2026-07-31 10:15:40,kurirnya ramah diantar sampai ke kamar padahal lagi sakit salut buat kurirnya
945,Pengguna Google,5,2026-07-31 08:18:25,pagi ini sy mendapat pengalaman aneh tdk tahu pasti siapa yg salah seperti biasa sy pesan gojek ke tempat kerja pesanan diterima dg kendaraan motor listrik luctrum no pol svp maaf gk sempat mengingatnya dr titik jemput kami berangkat dan tiba tujuan dg selamat anehnya saat akan kasih bintang gk muncul riwayat motor td malah ada pesanan baru yg sdg menunggu sy buka chat utk klarifikasi dan menyelesaikannya baik baik bhkn jk hrs membayarnya tp malah kata2 cacian yg sy dapat trmksh
946,Pengguna Google,3,2026-07-31 07:01:05,mohon perbaiki notifikasi tentang promosi pembelian makanan atau lainnya dalam sehari saya bisa mendapatkan lebih dari 10 notifikasi notifikasi ini juga sudah saya terima hampir seminggu menurut saya ini sangat menggangu berbeda jika memang sedang menggunakan aplikasi muncul notifikasi dalam bentuk pemberitahuan mohon di tindak lanjuti terimakasih
947,Pengguna Google,1,2026-07-31 06:12:30,tiap pagi lama ah bikin telat
948,Pengguna Google,4,2026-07-31 04:49:25,opat hlawenya bicoz pengguna barupan ok
949,Pengguna Google,1,2026-07-31 01:43:39,masa nunggu grab food sampai 2 jam dsitu paling lama tertulis 1 jam gajelas ini apk
950,Pengguna Google,1,2026-07-30 23:57:57,maksudnya apa jam set 11 malam grab hemat di ilangin mulu
951,Pengguna Google,5,2026-07-30 23:42:49,tarif ekonomis dan mudah mendapatkan driver
952,Pengguna Google,2,2026-07-30 22:57:12,payment method nya bermasalah terus dan yang nyusahin nya 2 payment method yg paling utama yang tidak bekerja tolong dibenerin dong ngambil tax besar bgt giliran kaya gini ga bener kerja
953,Pengguna Google,5,2026-07-30 21:46:58,terimakasih bgt grabb sangat membantu krn grabb drivernya sangat bisa di percaya
954,Pengguna Google,5,2026-07-30 21:46:22,the best ramah sekali dalam mobil nya bersih wangi
955,Pengguna Google,1,2026-07-30 18:45:53,knapa lambat skali saya pesan greb mobill
956,Pengguna Google,5,2026-07-30 18:18:12,udah buka aplikasinya sekunder tapi susah sih aku
957,Pengguna Google,3,2026-07-30 18:07:14,mohon maaf saya di belikan makanan oleh ibu saya ibu saya sedang berkerja ibu saya menggunakan aplikasi grab untuk memesan makanan untuk saya namun saya menunggu sekitar 2 jam lebih an dari jam 15 00 sampai jam 17 45 pas grab nya datang kenapa saya di marahin ya sama driver nya padahal dia yang telat dan itu membuat saya trauma kerana saya masih kecil aplikasi nya bagus dan nyaman untuk di pakai tetapi saya masih trauma untuk itu kerana itu saya tidak pernah menggunakan aplikasi ini lagi
958,Pengguna Google,4,2026-07-30 18:01:23,saat ini cukup baik sangat membantu
959,Pengguna Google,1,2026-07-30 17:47:34,yg bikin kesel itu saat buru2 aplikasi minta di update
960,Pengguna Google,1,2026-07-30 17:36:20,tolong adakan opsi untuk pembatalan pesanan makanan atau setidaknya kita bisa chat restony kenapa hanya resto yg bisa chat ke pembeli tapi tidak bisa sebaliknya saran aja sih kalau kita pesan makanan dan waktu yg seharusnya tidak sesuai atau bertambah lama tolong tambahin pilihan pembatalannya memang kadang iya kasihan yg jualan udah buatin tapi kalau udah kelamaan kan makanan kita belom dibuat juga dan kasihan yg beli juga kelaparan
961,Pengguna Google,2,2026-07-30 17:34:49,sangat terbantu di saat waktu yg sempit
962,Pengguna Google,5,2026-07-30 17:16:31,grab serba bisa dalam segala kekurangan
963,Pengguna Google,5,2026-07-30 15:27:35,salut dengan semua driver ojol saya pengguna ojol merasa terbantu sekali dengan adanya ojol saat pergi atau pulang ngajar diantar ojol saat menyebrang jalan pun ojol juga yang membantu saya saat menyebrang sehat selalu untuk semua driver ojol
964,Pengguna Google,1,2026-07-30 14:19:18,terlalu bertele tele urgent pesan grab harus foto selvi segala mempersulit itu namanya
965,Pengguna Google,5,2026-07-30 09:43:03,sangat puas sekali dengan menggunakan jasa grab ini pelanggan puas dan supirnya sangat ramah sekali baik dan sopan santun
966,Pengguna Google,1,2026-07-30 09:42:46,tolong ya khusus grab food klo waktu nya 30menit ya 30menit jangan di tambahin lg dan koreksi jga warung yg tidak jelas asal usul nya
967,Pengguna Google,1,2026-07-30 08:42:22,kenapa akun grab saya gak bisa pesen motor dan makanan ya udah 5x saya download uninstall masih ajaa tolongla manajemen gimana solusinya
968,Pengguna Google,1,2026-07-30 07:59:16,tolong di benahi saya 2 kali di tipu driver saya belom sampe tujuan udah di selesaikan oleh driver
969,Pengguna Google,1,2026-07-30 06:48:42,saya pengguna royal grab dari tahun 2019 akhir2 ini saya banyak naik grab bike yang tidak sesuau dengan jenis motor saya pesan xl yang datang motor matic kecil saya pesan buru2 estimasi 10 menit sampai titik penjemputan alhasil sampai 30menit lebih grab lebih banyak diem di map padahal di sini tidak ada kemacetan menyebabkan bokingan travel yang saya pesan hangus tolong di perbaiki untuk lebih baik lagi
970,Pengguna Google,1,2026-07-30 04:18:48,grab sekarang kok di aplikasi penumpang gak ada grab hemat
971,Pengguna Google,1,2026-07-30 02:38:32,astaghfirullah udh 2x hari ini kena fiktif dalam waktu berdekatan dan pas di cari di getcontact namanya grab tpi komenannya itu byk makian orderan fiktif nih gw rasa dri pihak grab sengaja ngasih orderan fiktif begini soalnya dari nama getcontactnya aja grab nyesel gw maen grab jujur udh orderan sepi alamat selalu gk sesuai tau gitu gw ikutin saran tmn gw maen gojek walaupun daftarnya gk gampang krna ada batas pendaftaran tpi bisa bayar calo
972,Pengguna Google,1,2026-07-29 23:59:03,driver menyelesaikan pesanan padahal saya belum naik komplen ke cs tidak ada penyelesaian
973,Pengguna Google,1,2026-07-29 21:52:53,kecewa sekali beberapa kali saya naik ojol grab berbeda motor nya saya cari cari ternyata beda motor hal ini membuat saya terlambat dalam bekerja terutama ketika saya turun di stasiun
974,Pengguna Google,5,2026-07-29 21:01:17,aplikasinya bagus kalau ad orderan fiktif cepat di prosesnya
975,Pengguna Google,1,2026-07-29 20:58:02,lo lagi knapa dah grab setiap gw mau order error mulu aplikasi l
976,Pengguna Google,1,2026-07-29 20:52:39,driver lama kalo jemput banyak tingkah
977,Pengguna Google,1,2026-07-29 19:55:56,saya order grab plus kenapa masuknya ke bluebird saya tidak merasa order bluebird kenapa di paksa untuk naik taksi tolong sistemnya di perbaiki dapat mobil sesuai yang dipesan saya tidak ingin naik taksi ingin naik mobil pribadi plus
978,Pengguna Google,5,2026-07-29 19:55:24,bagus cepat sangat puas pelayanan nya murah tetap trjangkaw dreper nya ramah sll hti dgn penumpang aku puas dgn aplikasi greb
979,Pengguna Google,3,2026-07-29 19:32:22,terlalu ribet pakai verifikasi wajah setiap transaksi tidak manusiawi
980,Pengguna Google,1,2026-07-29 18:43:23,iklan nya nyampah bgt sering eror lola dan nge lag bgt padahal sering di perbarui
981,Pengguna Google,5,2026-07-29 18:21:02,app nya sanggat ngebantu dan drivernya bisa diajak nego kalo lokasi yg kita tuju tidak sesuai salah pesan lokasi
982,Pengguna Google,2,2026-07-29 18:04:41,barcode qris nya suka eror dan ga muncul jadi ribet kalo ga megang uang cash
983,Pengguna Google,3,2026-07-29 17:30:59,ini gimana ya dulu titik saya sudah pas bgtu order selalu driver tidak kesusahan sampai tujuan sekarang slalu rute penjemputannya di tembok gedung sebelah pdhl titik gps yg dipake sama masa iya saya harus nembus tembok biar ketemu sama drivernya
984,Pengguna Google,5,2026-07-29 17:00:16,kalau bisa ditambahkan untuk nota selesai pemesanan bisa berupa pdf ataupun foto
985,Pengguna Google,5,2026-07-29 15:55:31,alhamdulillah drivernya sopan dan jalannya hati2
986,Pengguna Google,2,2026-07-29 15:18:54,di perbarui kok malah makin mahal mana ngk ada promo katanya pakai hemat tpi ndk ada hemat nya udh gitu singgah di beberapa titik nmbh trus biasanya asal masih searah ya segitu aja eh ini skrng nambah trus niat hati pakai fitur nambah titik untuk hargai driver tpi ongkos nya ngk kira nambah titik naiknya 5an boncos la apalgi klo lbh dri satu mana singgahnya kita cuma bentar aja
987,Pengguna Google,1,2026-07-29 15:17:17,tolong sidak no hp driver yang sudah tidak aktif dan tidak bisa di hubungin oderan saya tidak kunjung diambil menggunakan layanan delivery dari grab di aplikasi kfcku bahkan oderan saya didiamkan dan driver melewati titik pengambilan seharusnya untuk mengambil oderan yang lain saya mencoba menghubungi driver untuk mengcancel oderan saya tetapi apa baik no wa maupun no hp tidak bisa di hubungin aplikasi meminta saya agar mudah dihubungi tetapi bagaimana dengan driver anda
988,Pengguna Google,1,2026-07-29 14:40:25,penumpang hharus lebiih di edukasi lgi sooal grab bike xl banyak yg terjadi di lapangan penumpang besar gemuk naik nya grab bike hemat kasian drivernya motor nya bisa rusak
989,Pengguna Google,5,2026-07-29 14:35:30,abang nya ramah trmksh sdh di antar sampai tmpat tujuan dgn aman
990,Pengguna Google,4,2026-07-29 14:01:13,membantu untuk memesan dan bisa memilih mobil grab tapi mohon permudah pemesanannya jangan dibatalkan terus oleh sistem dan tolong jangan mahal mahal ongkosnya karena keuangan saya terbatas
991,Pengguna Google,5,2026-07-29 13:50:44,saya driver 2018 sampai sekarang masih fokus dengan grab karna ini satu satunya pekerjaan saya terimakasih pt grab indonesia
992,Pengguna Google,5,2026-07-29 13:33:38,driver ramah kendaraan sehat diantar sampai depan rumah
993,Pengguna Google,1,2026-07-29 13:29:44,maps nya sering ngaco bukan sekali 2 kali maps nya sering error banget dah kacau kedepan nya maps nya perbaharui lagi deh
994,Pengguna Google,5,2026-07-29 12:47:16,aplikasi yang sangat baik dalam segala fiturnya
995,Pengguna Google,5,2026-07-29 12:07:26,aplikasi serba guna dan paling mudah
996,Pengguna Google,5,2026-07-29 11:21:46,sangat membantu saya bepergian tolong tingkatkan pelayanan nya diversifikasi harus ramah
997,Pengguna Google,1,2026-07-29 09:07:54,saldo slalu hilang setiap top up parah banget padahal baru isi besok nya langsung hilang wah wah para sangat kecewa
998,Pengguna Google,5,2026-07-29 06:48:37,sangat membantu untuk yg tidak punya motor
999,Pengguna Google,1,2026-07-29 04:55:49,kok tarifnya makin naik biasanya 10 rb 10 menit kaget bget naik langsung 20 rb
1001,Pengguna Google,2,2026-07-28 22:07:00,voucher diskonnya gaada semua kenapa dihilangkan dulu banyak banget padahal sampe beralih ke apk lain
1002,Pengguna Google,5,2026-07-28 21:55:04,mudah berpergian tapi klau boleh harganya 50 klau kau perjalanan sekitar 500 m
1003,Pengguna Google,1,2026-07-28 21:05:21,alamat banyak yg fiktif tim mapping ga up to date
1004,Pengguna Google,3,2026-07-28 20:57:16,lebih suka grab yang versi dulu bisa milih mau pake kendaraan yang mana sama banyak promo nya
1005,Pengguna Google,1,2026-07-28 19:46:19,kualitas customer service jelek saya terima barang yg keesokan harinya kadaluarsa tapi saya complain setelah lewat 24 jam cs ibra tidak membantu sama sekali dan hanya menginfokan peraturan grab seller yg salah tidak mendapatkan konsekuensi sama sekali bye grab sudah uninstall
1006,Pengguna Google,4,2026-07-28 19:17:57,mohon maaf setiap mau buka apk grab nya tuh bug lama banget itu kenapa yah kak semoga bisa kaya dulu lagi biar mempermudah pemesanan terimakasih
1007,Pengguna Google,1,2026-07-28 18:00:14,besok bagusin aplikasi mu ini nak jelek x payah aku mau makan
1008,Pengguna Google,1,2026-07-28 16:56:24,woy grab tolong dong yg bener dikit di aplikasi belum sampai ke titik tpi ternyata pengemudi udh sampai ke tujuan jadi yg terlihat d aplikasi pengemudi diem d tmpt padahal sudah sampai lokasi
1009,Pengguna Google,1,2026-07-28 16:48:10,tolong driver grabfood nya yang problematik di pecat lah masa kurang 20 rupiah dipermasalahkan dan selalu ngomong gak punya kembalian mana minta bintang 5 padahal dianya aja problematik
1010,Pengguna Google,1,2026-07-28 16:05:33,aplikasi anjingg ovo gabisa buat bayar qris dari apk grab gaada pilihan untuk tarik ovo
1011,Pengguna Google,5,2026-07-28 16:05:00,ih kok udah ga 7rb lagii ini jujur sangat membantu untuk anak kuliahan seperti ak
1012,Pengguna Google,1,2026-07-28 15:32:49,selalu dpet yg pke motor jadul di apk dinamain pke nmax pas dateng jadi supra
1013,Pengguna Google,5,2026-07-28 15:28:11,grab provides convenient transportation and food delivery services the app is easy to use and the drivers are usually friendly and professional
1014,Pengguna Google,1,2026-07-28 13:49:41,kecewa pakai grab saya order grabfood makanan belum saya terima tapi orderan sudah diselesaikan sama driver sangat tidak jujur saya komplain berkali2 tapi yang nerima keluhan ai mau komplain susah padahal saya bayar untuk layanan antar cepat
1015,Pengguna Google,1,2026-07-28 13:06:32,kenapa sistem pembayaran qris harus langsung ke qris driver dan metode pembayaran lainnya harus ke wallet menyusahkan tidak bisa memesankan penjemputan anak di luar kota harusnya tinggal kerjasama dengan bank atau opsi pembayaran dengan mobile banking lebih memudahkan pemesan untuk membayar contohlah gojek yang sistem pembayarannya sangat fleksibel mau qris tinggal scan ataupun va bank dan mobile banking dan pemilihan tujuan yang menggunakan alamat plus di google map tidak berfungsi
1016,Pengguna Google,3,2026-07-28 13:05:45,sebenernya saya suka dengan grab cuma kadang suka kesel kalo atribut suka tidak lengkap kadang masker tidak ada selalau seperti itu
1017,Pengguna Google,1,2026-07-28 09:24:06,udah top up disuperbank yang di grab ga nambah saldonya
1018,Pengguna Google,5,2026-07-28 08:58:05,bagus dan cukup mudah bagi para yg ga tahu jalan dan tempat yg di tuju
1019,Pengguna Google,2,2026-07-28 08:09:03,selalu ngeleg dan metode pembayaran nya ga pernah keluar ampe muak saya nunggu kenapa kaya gitu bikin males aja oh iya saya juga udah hapus chache saya juga udah hapus data aplikasi tp tetep metode pembayaran nya ga pernah keluar menghambat sama tolong saya tadi mau pakai grab bike hemat tapi tiba tiba hilang ntah kenapa tolong jangan seperti itu lagi karna nilai plus dari aplikasi ini adalah grab hemat kalo untuk pindah ke grab biasa cukup mahal terimakasih semoga tidak seperti itu lagi
1020,Pengguna Google,1,2026-07-28 08:07:15,kenapa ya grab daerah kapuas ini susah banget klo sudah tengah malam jadi mau pesen makan harus nunggu besok pagi hadehh
1021,Pengguna Google,1,2026-07-28 06:56:34,tolong ditindak driver yang ga jalan itu dong saya yang harusnya datang tepat waktu jadi terlambat karena drivernya ga jalan
1022,Pengguna Google,1,2026-07-28 02:06:06,apk gaje mau pesen makanan gak bisa
1023,Pengguna Google,3,2026-07-28 00:20:09,kenapa ongkir bisa sampai 70 rb sedangkan yang di order 35 rb
1024,Pengguna Google,5,2026-07-27 22:57:01,sangat membantu ke pergian kemana mana trimakasih grabb mohon iklannya jngn di munculin y mengganggu saat berpesan grab
1025,Pengguna Google,1,2026-07-27 20:42:30,kok grab kayak gini belum apa2 langsung terinput belum 5 detik pesanan ngg bisa d batalkan
1026,Pengguna Google,1,2026-07-27 20:40:48,saya sangat kecewa pelayanan grab karena pesan grab car dengan jarak dekat gak ada yg nerima dengan alasan harga dibawah 50rb padahal diaplikasi banyak driver posisi digrab terminal bungurasih surabaya malah ada driver yg minta tarif diatas ketentuan harga aplikasi terpaksa pesan dipalikasi maxim dan langsung diterima walau ongkos cuma 25rb dan sangat lebih murah ketimbang grab selamat tinggal grab wes mau lagi pake grab sangat tidak manusiawi karena pesan pas waktu bawan anak istri
1027,Pengguna Google,5,2026-07-27 20:13:54,driver ramah respon cepat terbaik si mamang eta love sekebon poko na mah
1028,Pengguna Google,1,2026-07-27 18:50:30,banyak yg mjnta offle dn harga lebih mahal kadang ada yg tb tb cancel pdhl dh d mobil dan bayar minta lebih
1030,Pengguna Google,5,2026-07-27 18:28:48,bagus banget aplikasinya cuman masih ada kekeliruan titik tujuan yg kurang tepat mudah mudahan bisa cepat diperbaiki
1031,Pengguna Google,1,2026-07-27 18:20:41,promo nya susah di klik males
1032,Pengguna Google,5,2026-07-27 17:35:42,selalu ada promo nya terima kasih grab
1033,Pengguna Google,1,2026-07-27 17:21:24,saya tinggal di prkanbaru dan driver disini semua pada manja dan lelet pantas udah banyak beralih ke gocar atau maxime udah nunggu lama perkiraan sampai ditik penjemputan sekitar 1 menit lagi malah dibatalin driver tanpa konfirmasi terlebih dahulu udah sering saya menemukan driver model begini tolong diperbaiki kualitasnya
1034,Pengguna Google,1,2026-07-27 15:28:59,mau pesen bike malah banyak iklan yang keluar malah kepencet pesen makan tolol bgt aplikasi gak jelas sudah jelas ada bbrp layanan knp harus dikasih iklan lagi hujan ya gt pesen bike susah dapet jauh2 tolol bgt
1035,Pengguna Google,3,2026-07-27 13:59:57,kalian buat titik alamatnya salah pdhal alamatnya uda sesuai map jd saya harus bayar ongkir lg driver nya bisa kembalikan 50ribu itu k saya
1036,Pengguna Google,1,2026-07-27 08:57:18,makin lama makin jelek aja nih algoritma pencarian drivernya selalu dapet yg jauh mending apk sebelah
1037,Pengguna Google,5,2026-07-27 08:22:07,membantu perjalan disaat tidak ada kendaraan
1038,Pengguna Google,1,2026-07-27 08:10:10,sangat mengecewakan dari sisi aplikasi dan driver
1039,Pengguna Google,1,2026-07-27 05:24:10,apa apaan yg 7 rb susah nyarinya giliran yang 20 rb baru pencet langsung dapet seolah olah nyuruh kita beli yang mahal mending gojek daripd grab setiap hari loh kaya gini
1040,Pengguna Google,3,2026-07-27 03:29:37,aku lagi hamil mesen dari jam 1 ke jam 3 di cancel mulu padahal katanya sudah otw ya allah gini banget aku kalau bisa jalan udah jalan tapi apala daya aku lagi hamil gabole jalan malem niat mesen biar enak malah di bikin nunggu semoga anakku ga kenapa napa
1041,Pengguna Google,1,2026-07-27 02:43:13,pantes kaya gua beli gacoan harga ga sampe 20rb tapi harus bayar 3x lipat dari harga awal total pesenan ga sampe 50rb tapi ongkirnya udah 40rb gila si aplikasi yg awalnya pengiriman standar mulai dari 10rb skrng udah 20rb gila gila setres si
1042,Pengguna Google,2,2026-07-26 21:02:34,tolong untuk driver grabfoodny ditingkatkan kembali dikarenakan saya order makanan tetapi selama 4 jam driver masih tidak ditemukan dan malah ada driver yang sudah menerima orderan tersebut tapi dicancel tanpa memberikan alasan padahal saya menggunakan metode pembayaran ovo
1043,Pengguna Google,5,2026-07-26 20:48:15,bagus saya suka pake aplikasi grab untuk sekolah pelayanan nya bagus the best deh aplikasi grab
1044,Pengguna Google,5,2026-07-26 20:34:14,untung ada greb jadi aku bisa makan malam karena di sini enggak ada warung
1045,Pengguna Google,1,2026-07-26 20:27:50,bodoh gabisa batalin pesanan gua salah metode pembayaran mau batalin buat pesan ulang gabisa mau pesan lewat layanan lain tapi gatau pesenan yang di grab di proses apa nggak gaada kepastian gabisa bayar gabisa batalin juga buat ganti metode pembayaran aneh emang tutup aja grab
1046,Pengguna Google,5,2026-07-26 20:07:00,grab murah banget menjadi transportasi ku ketika pulang sekolah
1047,Pengguna Google,2,2026-07-26 18:04:55,tolonglah di bikin pembayaran qris jadi kami dei perantauan enak beliin istri yang di kampung halaman
1048,Pengguna Google,5,2026-07-26 17:44:20,opsi hemat kadang beda beda kyknya didaerah ku dibilang bisa sejam atau 2 jam tiba tiba grab dateng 30 menit kemudian susah nebaknya suatu hal yg bagus tapi kurang gitu
1049,Pengguna Google,1,2026-07-26 17:08:25,grab di download gak bisa terus
1050,Pengguna Google,1,2026-07-26 17:06:58,grab lagi kenapa sih selalu error padahal kuota aku masih banyak tapi kenapa pas buka aplikasinya ga bisa
1051,Pengguna Google,5,2026-07-26 17:04:26,bagus tapi ada kurang nya di tempat saya tidak tersedia grab car di aplikasi minta bantu di aktifkan grab car wilayah kecamatan rejoso pasuruan
1052,Pengguna Google,5,2026-07-26 15:48:09,ak gk tau mau jelasin apa soalnya bru download tpi ak kasi bintang 5 deh biar grabnya senang
1053,Pengguna Google,1,2026-07-26 15:34:36,awal bagus hari ini buruk harga tipu dari rp46 mosok pembayaran dihitung rp55 ngapokin
1054,Pengguna Google,5,2026-07-26 15:10:30,sukaa banget sama aplikasi grab inii membantu bangett
1055,Pengguna Google,5,2026-07-26 14:27:39,sangat baik dan sangat membantu untuk kebutuhan sehari hari
1056,Pengguna Google,5,2026-07-26 14:07:25,saya ksih bintang 5 diantarx pas depan rumah lagi pdahal rumahku msuk setapak ada belokan sampai dtujuan tepat waktu
1057,Pengguna Google,5,2026-07-26 14:02:14,gak perlu repot repot mempermudah perjalanan kita sehari hari
1058,Pengguna Google,1,2026-07-26 13:11:47,pengalaman pertama dan terakhir memakai grab sungguh sangat mengecewakan driver asal cancel orderan bikin rugi waktu tolong para driver dikondisikan agar tidak asal cancel orderan
1059,Pengguna Google,1,2026-07-26 13:10:00,jaminan pesanan prioritas tidak berguna pdahal ada harga kirim yg berbeda gada bedanya sama yg biasa dengan harga yg lebih murah sangat merugikan waktu uang
1060,Pengguna Google,1,2026-07-26 12:02:25,aplikasi tolol driver pada gak mau ngambil mentang mentang argo 10k kalo gitu mending gak usah di terima orderannya
1061,Pengguna Google,5,2026-07-26 11:53:09,sangat dibutuhkan apa lg yg jauh dr kendaraan umum
1062,Pengguna Google,5,2026-07-26 11:52:42,rasanya sedap penghantaran cepat abang grabnya ramah
1063,Pengguna Google,1,2026-07-26 09:35:58,apk gajelas mau beli token giliran mau bayar malah gabisa disuruh pilih metode pembayaran tapi disitunya gada pilihan metode nya tolol apa gimana minta dibayarin tambah dipersulit gajelas nih apk
1064,Pengguna Google,1,2026-07-26 07:51:38,selalu dikasih driver yg gajelas ngulur waktuu saya buat saya telat setiap hari nya yg bener kerja nya udh makan pajak gede masih aja kinerja nya jelek perbaikin sistemnya
1065,Pengguna Google,2,2026-07-26 07:07:32,kecewa beebrapa komplainan sya tidak ditanggapi gk kayk dulu
1066,Pengguna Google,1,2026-07-26 05:49:05,aplikasi aneh udah di tambahkan metode pembayaran yg lain malah ngga bisa
1067,Pengguna Google,5,2026-07-26 03:53:37,gojeknya baik deh smoga tambah lancar rejekinya
1068,Pengguna Google,1,2026-07-26 02:21:24,hanya daerah tertentu yang ada drivernya
1069,Pengguna Google,5,2026-07-26 00:52:34,hidup mnjadi mudah dan lancar dgn adanya aplikasi grab
1070,Pengguna Google,1,2026-07-26 00:08:27,sangat buruk sistem nya saya scroll grabfood tp tiba pesan makanan nya ini masih oke lah mungkin tangan saya basah tp yg bikin kesel tuh di cancel pesanan nya tidak bisa sama sekali
1071,Pengguna Google,5,2026-07-25 23:44:18,sangat mudah di gunakan dan sangat membantu
1072,Pengguna Google,1,2026-07-25 22:40:29,tolong aplikasinya dibenerin padahal jaringan lancar abis pake aplikasi lain bisa tapi giliran mesen grab malah ga ada jaringan gitu terus orang mau buru buru dihambat hapus aja aplikasinya
1073,Pengguna Google,5,2026-07-25 21:43:05,bakalan sering pake apk ini sii soalnya bnyk vochr
1074,Pengguna Google,5,2026-07-25 21:05:50,sangat membantu untuk perjalanan dan ekonomis
1075,Pengguna Google,2,2026-07-25 21:05:17,pengantaran nya lama makanan yg harusnya masih panas harus kirim ke yg cust yg lainya juga jadi sampai di tempat dingin sering terlambat pengantaran kita pesan di toko a driver jalan nya dari toko b yg jaraknya malah lebih jauh dr toko yg kita beli
1076,Pengguna Google,5,2026-07-25 20:48:09,makanan nya sangat ena apalagi nasi goreng konglow nya be
1077,Pengguna Google,1,2026-07-25 20:37:44,ongkir nya mahala padahal warunya dekat qris dan tunai kadang gak berfungsi
1078,Pengguna Google,5,2026-07-25 20:22:02,selalu jadi yg tercepat dalam pelayanan
1079,Pengguna Google,5,2026-07-25 19:30:13,sejauh ini okeh sih masih bagus pelayananya saat masih diindon sampai saya dimalaysia
1080,Pengguna Google,5,2026-07-25 17:21:49,wah mantap ya aplikasinya pengen login malah minta pin pas pengen ganti pin malah ada kendala lagi terus muter gk selesai keren ya aplikasinya
1082,Pengguna Google,5,2026-07-25 15:47:10,sangat cocok digunakan sopan santun
1083,Pengguna Google,1,2026-07-25 13:46:29,bintang 1 untuk grab atas nama muhamad syahril grab yang dibanda aceh g ada sabar nya
1084,Pengguna Google,1,2026-07-25 13:09:20,kalo bikin nofit kira kira dong setiap menit setiap detik ada terus
1085,Pengguna Google,5,2026-07-25 12:17:22,kasih pembayaran qris dong biar engga inian
1086,Pengguna Google,1,2026-07-25 11:45:58,aplikasi yg paling lemot dan selalu nge hang kalau di buka kdua shopee cuma 2 apk ini yg bikin kesel
1087,Pengguna Google,1,2026-07-25 11:41:05,tampilan ui nya kurang enak dipandang sama untuk mengatur titik jemput beda sama apa yang diketik
1088,Pengguna Google,5,2026-07-25 11:40:43,boleh lah lumayan dan bagus juga
1089,Pengguna Google,5,2026-07-25 11:36:36,layanan pesan antar yang memadai dan antar jemput yang bagus dapat melihat posisi lokasi taxi dimana dan bisa pesan makanan kesukaan anda
1090,Pengguna Google,2,2026-07-25 05:29:42,grab sekarang jika memesan lama sekali hampir set jam sendiri saya memesan dari jam 5 sampe set 6 tidak ada balasan sama sekali
1091,Pengguna Google,1,2026-07-25 03:34:32,aplikasi yang sangat merugikan driver online harga tidak manusiawi bbm naik harga antar murah tidak manusiawi sama sekali apalagi pengguna nya mau nya di hargai tapi tidak bisa menghargai driver bisa nya komplain tapi tidak mikir hanya memikirkan kepentingan pribadi nya sendiri tidak perlu ada taksi online di dunia karena sangat tidak manusiawi dalam komisi ke driver
1092,Pengguna Google,1,2026-07-25 03:33:40,gajelas skrg banyak driver aneh kalau gamau ambil ya lgsg cancel udh ditungguin lama tiba2 lgsg cancel gaada omongan
1093,Pengguna Google,5,2026-07-25 00:07:58,sepertinya setiap melakukan pesanan pada aplikasi saya wajib memberikan informasi detail request dan sejenisnya kepada driver dan merchant melalui kolom catatan berdasarkan pengalaman menggunakan aplikasi ini jika kita memberikan informasi ringkas dan jelas akurasi pesanan tersebut sesuai dengan yang kita perlukan minta apabila ada tersedia semoga aja aplikasi ini menawarkan promo yang menarik dan tidak melakukan uninstall aplikasi ini karena kecewa
1094,Pengguna Google,5,2026-07-24 22:10:11,trima kasih supirnya sangat baik dan ramah
1095,Pengguna Google,5,2026-07-24 20:23:54,grab is a reliable app for transportation food delivery and package delivery it provides convenient services that make daily activities easier
1096,Pengguna Google,1,2026-07-24 20:16:44,tolong kembalikan tarifnya seperti biasanya kemaren kemaren perasaan masih 16 500 sekarang jadi 18 ribu itupun tidak ada pemberitahuan sama sekali mohon konsisten dengan tarif dong jangan se enak nya naikin tarif
1097,Pengguna Google,1,2026-07-24 20:11:20,gara gara update jdine kurirnya dobel resto gitu nungguin lama bg
1098,Pengguna Google,2,2026-07-24 20:08:42,sekarang makin kesini grbmart ny jd mah
1099,Pengguna Google,5,2026-07-24 19:53:28,sangat bagus untuk bepergian yang tidak bisa mengendarai alat transportasi umum
1100,Pengguna Google,2,2026-07-24 19:45:15,kok makin kesini grab makin lemot yaa buka apk nyaa lamaa bgt trs pas mau klik harga juga lama padahal udh di update
1101,Pengguna Google,5,2026-07-24 19:05:29,grab sangat membantu keperluan sehari hari
1102,Pengguna Google,5,2026-07-24 17:31:15,grab harus bisa mlakukn pembaruan armada setdknya 10 15 th sekali
1103,Pengguna Google,2,2026-07-24 14:59:17,masa ongkir nya lebih mahal dari makanan nya gimana sih
1104,Pengguna Google,1,2026-07-24 12:39:24,admin grab tolong dong yang non halal di beri tanda pada tokok nya bukannya kami tdk membaca tpi tidak semua orang menyempatkan untuk membaca udah banyak yang salah oesan dsn bahkan ada yang sudha makan sebagian bahkana sampai habis
1105,Pengguna Google,4,2026-07-24 12:36:46,permisi buat admin grab boleh gak sih klu peratura ya gk ngerugiin konsumen sekarang para driver terima pesanan tapi gk jalan2 klu gk mau narik penumpang batalin aja kan bisa ada kali kita nunggu ampe setengah jam bukan 1 atau 2 drive aja buanyak tau kita tu pesen karna butuh di chat gk direspon ditelfon sama aja karna klu kita yg batalin tu nunggunya jadi lama klu pesan lagi iya klu sekali kalau 2 kali kan kita yg repot
1106,Pengguna Google,1,2026-07-24 11:27:00,tolong di fix saya ada voucher tp gk bisa dipake
1107,Pengguna Google,5,2026-07-24 10:23:43,terimakasih ya gojek karena memudahkan kami orang tua mengupload foto anak kami lewat pesan chat nya karena saya sering memesankan gojek dari rumah kalau dulu tidak bisa buka dari galeri jadi bingung memberi tahu drivernya wajah anak saya sekarang sangat memudahkan drivernya untuk mencari anak kami di sekolah karena fitur yang tersedia terimakasih bnyak bantuan nya semakin cinta dengan gojek
1108,Pengguna Google,1,2026-07-24 10:12:29,sudah beberapa kali grab food pengiriman order sslu kurang solusi yang ditawarkan grab hanya mengganti uang via voucher sangat tidak adil sebagai konsumen karena sya bayar mahal2 ongkir yg tertera tp barang tidak lengkap harusnya anda menggratiskan ongkir dan mengembalikan saldo kasih tau yg lain tentang kezaliman ini
1109,Pengguna Google,1,2026-07-24 09:48:26,apk gajelas udh ada otomatis tutup layanan tpi ini masih kebuka
1110,Pengguna Google,4,2026-07-24 09:44:38,grab minta di update mulu hu
1111,Pengguna Google,4,2026-07-24 09:39:24,rada ribet bagi lansia dan disabling
1112,Pengguna Google,5,2026-07-24 09:09:45,mengapa sekarang tidak ada pilihan mpemvayaean tunai di apl grab saya
1113,Pengguna Google,1,2026-07-24 07:48:41,lebih baik 1 order 1 driver biar cepat pesanan sampai apk jangan terlalu rakus dan memperbudak driver
1114,Pengguna Google,5,2026-07-24 07:16:30,dengan adanya aplikasi grab kita yang lokasi aga jauhh dari jalan raya terbantukan
1115,Pengguna Google,1,2026-07-24 07:04:12,dah langganan grab unlimited dri 2022 pas subuh dah kepotong otomatis langganan dah lah ya emng mekanisme gitu tpi voucher grabike ny gk ada percuma langganan w klo d hapus klo bgini mending pindah ke maxim atau gojek beda ny lumayan klo d itung sebulan bisa hemat ongkos 1 minggu
1116,Pengguna Google,1,2026-07-24 06:06:27,pada niat kerja ga sih gw udah nunggu 15 menit gaada yg jalan udah ganti pengemudi 7x kurang lebih masih aja diem di tempat kalo emang masih mau dirumah kerja nya nanti aja gw pagi pagi buru buru jangan kebiasaan lelet ini udah berkali kali
1117,Pengguna Google,2,2026-07-24 05:17:17,gw kasih bintang dua karena iklannya kenapa tanda x nya ga berfungsi sekali tekan masuk ke aplikasinya mohon di perbaiki tanda x nya
1118,Pengguna Google,5,2026-07-24 01:35:42,cepat ramah ramah driver nya argo nya murah juga
1119,Pengguna Google,2,2026-07-24 01:09:18,pesanan food di batalin resto tapi refund uang ke superbank belum masuk sudah lebih 48 jam
1120,Pengguna Google,1,2026-07-23 23:05:31,hampir semua pengemudi grab kena ditipu oleh pemasaran grab hemat grab sendiri menjanjikan kepada driver jika ikut layanan berbayar atau grab hemat driver di janjikan pendapatan optimal tapi 90 drivernya tidak mendapatkan janji tersebut layanan grab hemat fungsinya hanya memperkaya aplikasi atau aplikator
1121,Pengguna Google,5,2026-07-23 22:27:44,woww keren makin bayak promo aku suk sekalii
1122,Pengguna Google,5,2026-07-23 21:42:00,sangat memudahkan urusan harian tempahan kenderaan dan penghantaran makanan cepat mudah dan pemandu kebanyakannya mesra
1123,Pengguna Google,5,2026-07-23 20:14:24,grab solusi disaat anda membutuhkan sesuatu
1124,Pengguna Google,5,2026-07-23 19:52:48,alhamdulillah pengantaran cepat dan kurir juga amanah dan ramah sangat
1125,Pengguna Google,5,2026-07-23 17:32:06,aplikasinya bagus dan bisa pesan online makanan dan antar jemput tetapi saya harap ingin kompatibel versi tabletnya agar saya bisa pesan kalau misalnya hpnya ketinggalan atau lainnya
1126,Pengguna Google,1,2026-07-23 16:04:54,jelek jaringan bagus tapi ttp loading
1127,Pengguna Google,2,2026-07-23 15:15:01,bikinin sistem cancel dari pembeli ini pesen makan ternyata tokonya tutup cuma gabisa dincancel kalo gini kasian drivernya dong mana tokonya gabisa dihubungin
1128,Pengguna Google,1,2026-07-23 12:51:29,grab gajelas kocak maps nya selalu ngaco dan awur awuran harganya oke sih cuman kenapa maps nya gajelas nungguin driver nganter makanan sampe 30nmenit karena dia nyasar dan mapsnya ngaco
1129,Pengguna Google,1,2026-07-23 11:28:49,maling berkedok aplikator bnyak potongan yg tidak ada dasar hukumnya
1130,Pengguna Google,1,2026-07-23 10:31:18,selamat pagi kepada admin grab saya selaku pelanggan tetap ojol minta tolong jangan kebanyakan promo mulu kasihan sama mitra driver aplikasi yang lain yang mencari rezeki gara kebanyakan promo mulu sihh iya mohon info lebih lanjut terima kasih
1131,Pengguna Google,1,2026-07-23 10:28:46,tolong dong aplikator stop berhenti nerima pendaftaran driver baru sekarang makin banyak driver nya ga sebanding dengan orderan nya jgn mw untung nya doang jualan jaket sama helm tapi pikirin driver yg dah lama
1132,Pengguna Google,1,2026-07-23 10:15:07,aplikasi jadi berat banyak makan ruang hp
1133,Pengguna Google,1,2026-07-23 09:36:51,aplikasi apa ini b masih banyak driver yang tidak sesuai plak dd dan driver yang berbeda di aplikasi driver
1134,Pengguna Google,5,2026-07-23 06:16:42,saya ingin mencari salah satu driver gimna yah
1135,Pengguna Google,1,2026-07-23 06:07:50,tolong dong grab setiap blok perumahan dibuat di aplikasi terkhusus perumahan bumi indah proklamasi kalangsari karawang saya kmaren bawa anak kecil krna diblok belakang belum ada di grab saya diturunkan dititik padahal kita minta tolong antarin ke belakang cuma beberapa gang lagi anak saya pas diturunin nangis kejer dan di grab nya acuh tak acuh gak punya hati sama sekali
1136,Pengguna Google,5,2026-07-23 03:32:52,aku punya banyak kenangan di sini
1137,Pengguna Google,1,2026-07-23 01:00:36,sistem nya ampas driver nya ga niat kerja otomatis terima orderan tapi ga diambil2 ganti2 driver setelah diambil makanan sudah dingin karena kelamaan astaga keburu kelewat lapar ketinggalan jauh sama oren kacau
1138,Pengguna Google,1,2026-07-22 20:21:37,notif notif lu brisik banget gak penting banget promo2 lu cukup murahin aja costnya gak perlu brisik bikin notif bikin males instal aja
1139,Pengguna Google,1,2026-07-22 19:53:59,jarang2 kali mau kasih org bintang segini tpi sistem nya perlu diperbaiki customer sudah bayar prioritas dan gak pakai promo tapi malah sama aja dengan yang biasa buang buang waktu dan duit
1140,Pengguna Google,5,2026-07-22 18:55:35,grab is incredibly convenient for transportation and food delivery the app is reliable and the drivers are generally professional and friendly
1141,Pengguna Google,1,2026-07-22 18:11:24,kasih bintang 1 biar di baca bbrpa x pesen grab xl yg dateng honda beat bayar lebih tapi dapet kendaraan yg biasa di aplikasi honda cbr datangnya beat 2015
1142,Pengguna Google,5,2026-07-22 18:10:24,emang aplikasi grab ini terbaik dari semua aplikasi go jek lain nya cuma grab apa lg semnakak ada fitur diskon nya bikin makin nyaman belanja nya
1143,Pengguna Google,1,2026-07-22 14:59:26,grab kalo ga niat ovo pay later jgn dikaseh limit sekalian udh dikaseh tiba tiba di nol in padahal ga pernah telat khan bodoh namanya
1144,Pengguna Google,5,2026-07-22 14:41:53,aku baru mengunakan greb enak cepat dan aman juga
1145,Pengguna Google,1,2026-07-22 13:55:12,aku kenapa ya ga pernah selalu dpt cowo yang ganteng y
1146,Pengguna Google,1,2026-07-22 13:51:16,aplikasi tukang begal orderan yg diprioritas malah mobil vendor lu bisa hebat gara individu bukan vendor buat penumpang pindah ke maxim aja potongan lebih kecil buat drivernya cuman 8
1147,Pengguna Google,1,2026-07-22 12:37:25,saya mau cepat malah suruh verivikasi wajah segala mana verivikasi susah bukan mempermudah malah mempersulit ini mah
1148,Pengguna Google,5,2026-07-22 11:12:33,enak banget menggunakan aplikasi ini dan sangat sangat membantu klw lagi mager buat kluar
1149,Pengguna Google,5,2026-07-22 10:41:33,saya turut perihatin atas ketidak nyaman driver grabcar khususnya yang mendapat orderan grabcar standar harganya bisa lebih murah di bandingkan grab bike pasti banyak beban yang harus di pukul pengemudi saya rasa wajar saya selalu di tolak dengan alasan argo sangat tidak pantas untuk driver grabcar ditambah potongan biaya platform asuransi dll mungkin itu sangat menyakitkan untuk driver g saran saya mending dihapus potongan poposi dan fitur pilihan car standar dan hemat nya
1150,Pengguna Google,5,2026-07-22 10:20:40,alhamdulillah selama sy menggunakan grab aman2 sj lancar dan amanah
1151,Pengguna Google,5,2026-07-22 10:13:53,waww pertama kali saya menggunakan udah sangat memuaskan
1152,Pengguna Google,5,2026-07-22 09:48:44,sangat sangat baik drivee ini tha ts very very goof
1153,Pengguna Google,3,2026-07-22 07:36:50,aplikasinya sangat membantu hanya saja para driver untuk bisa lebih bertanggung jawab pada konsumen ketika saya pesan sarapan di aplikasi tetap berjalan tapi pesanan tidak kunjung datang driver di chat ga balas di tlp ga di angkat sy berharap driver seperti ini harap di beri sangsi karna merusak citra aplikasi dan merugikan konsumen
1155,Pengguna Google,3,2026-07-22 06:01:16,kenapa ya akhir ini alamat saya jadi ga akurat di grab masa bisa titik alamat saya didaerah jawa oadahals aya di sulawesi loh jadi bingung liat grab ini
1156,Pengguna Google,3,2026-07-22 05:07:41,knp sih suka bgt nyariin grab yg lokasinya jauh dri rumah
1157,Pengguna Google,1,2026-07-22 01:04:18,aku pesen minuman mencetnya tanda 3 kali berartikan aku pesen 3 minuman yang sejeniskan tapi kok pas dateng cuman 1 dan pas aku pencet riwayat pembelian emang bener kembali jadi 1 doang minumannya padahal aku udah pencet tanda 3 kali ini udah berlangsung beberapa kali min di pesananku apa apknya error atau gimana mesen ulang terus cuman gegara ini apalagi ongkirnya ga sedikit
1158,Pengguna Google,5,2026-07-22 00:20:47,mohon untuk solusi pergantian nomor telepon bagaimana
1159,Pengguna Google,5,2026-07-21 19:51:35,semoga bermanfaat buat kita semua nya
1160,Pengguna Google,1,2026-07-21 19:50:13,kecewa bngt yg jemput motor beda udh gtu driver kt2 kasar cukup tau aja
1161,Pengguna Google,5,2026-07-21 19:25:22,sangat puas gercep dan ramah mantap
1162,Pengguna Google,1,2026-07-21 19:20:42,driver nya manja ribet di maps ada driver dekat malah di kasih ke yang jauh padahal driver dekat banyak ada 4 6 orang malah di kasih ke yang jauh harus nunggu 8 10 menit kadang mana driver nya manja bngt lagi
1163,Pengguna Google,1,2026-07-21 18:54:08,kasihan jarak jauh tapi harga tidak sesuai indrive dapat murah kasihan juga saya pesan jarak jauh tapi ongkirnya murah ke indrive nya tolong pihak grab pengurus setiap daerah coba di perbaiki jarak sama harganya jangan mau menang sendri
1164,Pengguna Google,1,2026-07-21 17:40:19,min tips nya dong gimana supaya tdk lag saat sudah mendapatkan kendaraan baru saja kejadian di saya dan teman saya tadi sore tdk maju kendaraan nya saya sedang buru dan dlm keadaan cape saya cancel aja ternyata simang grab nya sudah dekat dgn lokasi saya tapi diapk tdk maju dia marah ke saya kenapa dibatalin dan ngatalin saya tolol sangat tidak sopan sekali bukan padahal saya dan teman saya sudah minta maap dan ingin melanjutkan ketitik tujuan melalui si mang tsb tapi beliau tdk mau
1165,Pengguna Google,1,2026-07-21 17:25:00,gak jelas pesenan ditunda terus sampe 3 jam
1166,Pengguna Google,1,2026-07-21 17:24:50,terimakasih banyak penghapusan diskon grab bike di langganan unlimited
1167,Pengguna Google,5,2026-07-21 17:19:27,memudahkan sy kemana mana ketika sy ke kota tanpa kendaraan pribadi
1168,Pengguna Google,5,2026-07-21 17:06:13,gwendeng emang nyari driver aja 1 jam dah pingsan duluan yang order beda kalau oren langsung dapat driver
1169,Pengguna Google,2,2026-07-21 17:01:52,grab susah nyari driver instan express skg lebih sering pake lalamove cepet dapet drivernye
1170,Pengguna Google,4,2026-07-21 15:21:02,ini minta update terus tapi pas di update lama terus uninstall pas instal lagi lama minta ampun
1171,Pengguna Google,1,2026-07-21 13:52:38,udh jadi langganan grabunlimitted gak ada sama sekali diskon atau manfaatnya gak kek dulu
1172,Pengguna Google,5,2026-07-21 12:43:53,nyaman tenang pengemudinya bikin nyaman penimpang
1173,Pengguna Google,1,2026-07-21 12:43:00,banyakin diskon nya masa harus langganan grab dulu baru dikasih diskon saya pesan makan atau lainnya juga ga setiap hari juga kok
1174,Pengguna Google,4,2026-07-21 12:28:21,berharap di riwayat aktivitas bisa tersedia prin kuitansi pemesanan atau muncul kuitansi pemesanan yang bisa langsung share bukti kuitansi pemesananya jelas nama pemesannya dari mana kemana waktu berapa nilai peaanannya lebih mudah dan praktis
1175,Pengguna Google,3,2026-07-21 12:20:56,jujur kecewa bgt aku langganan grab hampir tiap hari gofood smpe grab car bike tap sekarang langganan per 2 minggu ga ngaruh lagi buat diskonn grab bike pemerasan jir langganan prem aktif tp bayar tetep normal bhkan vouche makanan juga sekarang dikit bgt ga kaya di tiap resto hampir bisa aktif skrg ngga juga skrg gabisa milih driver aku sebagai kaum pendek kalo dapet driver motor gede tuh kesusahan banget makin ga respect ni apk
1176,Pengguna Google,3,2026-07-21 12:12:25,kenapa ya makin lama aplikasinya makin lemot sudah upgrade sudah bolak balik klik signal masih aja muter2 kebiasaan bgt lg dipake malah gk jelas signal aplikasinya pdhal di aplikasi lain gk ada masalah signal
1177,Pengguna Google,4,2026-07-21 10:37:12,saya kasih bintang 4 karena saya tidak percaya dengan pengiriman cepat ini
1178,Pengguna Google,5,2026-07-21 10:12:18,ada grab hemat sangat membantu saya jadi ongkosnya tidak terlalau mahal
1179,Pengguna Google,5,2026-07-21 09:47:11,aplikasi grab memang murah dan sangat membantu saya sekali aplikasi grab
1180,Pengguna Google,3,2026-07-21 09:29:31,iklannya di hilangkan dong tiap order selalu muncul iklan
1181,Pengguna Google,2,2026-07-21 09:08:18,memang lebih murah tapi ketika saya sudah mendapatkan driver dan belum sempat chtt driver bahkan liat plat driver nya pun belum aplikasi tibatiba keluar dan blank drivernya sudah menunggu dan ketika ketemu malah marah marahin saya menyebalkan saya malah di omelin driver tolong ya untuk segera di benahi
1182,Pengguna Google,3,2026-07-21 07:51:11,saran mending gausah ada promo sekalian percuma saya pesan grab karna ada promo driver nya minta uang tambahan 10rb setara diskon promonya itu tp pihak driver tidak mau jalan kalo belum di setujui yang tambahan 10rb
1183,Pengguna Google,5,2026-07-21 02:27:40,saya sangat puas atas layanan grab yang sangat cepat menanggapi masalah yang saya alami masalah saya terselesaikan dengan mudah terima kasih grab
1184,Pengguna Google,1,2026-07-21 01:47:06,ulasan saya berubah saldo ovo saya dibobol melalui aplikasi ini dan tidak ada refund tidak disarankan
1185,Pengguna Google,5,2026-07-21 00:19:46,sangat membantu ketika tidak ada kendaraan pribadi
1186,Pengguna Google,5,2026-07-20 23:55:02,sangat praktis menggunakan apk ini jdi mudah untuk bepergian
1187,Pengguna Google,1,2026-07-20 23:26:15,kecewa sudah tarik titik tapi selalu bergeser sehingga driver sulit menemukan lokasi
1188,Pengguna Google,5,2026-07-20 21:40:50,berguna sekali untuk pesan makanan kekantor atau pun sekolah hrga nya murah
1189,Pengguna Google,5,2026-07-20 20:29:21,semua yang terbaik cepat tanggap top
1190,Pengguna Google,2,2026-07-20 20:06:25,pas saya buka aplikasinya berwana putih layarnya itu kenapa ya mohon di periksa saya pas malam lagi laper pengen nge grab eh malah error ga jadi makan akhirnya mohon di perbaiki ya
1191,Pengguna Google,5,2026-07-20 20:04:40,fungsional banget pesen ojek makin simple
1192,Pengguna Google,1,2026-07-20 19:27:46,cari alamat tapi ga bisaa
1193,Pengguna Google,3,2026-07-20 19:03:26,um sebenarnya aplikasi ini bagus dan memudahkan banget buat kemana mana apalagi kalau mesen yang naik motor karena juga lebih cepat sampainya dan pastinya lebih murah karena ada promo hematnya tapi kalau buat yang mobil itu tuh susah banget carinya and also biasa ada aja driver yang suka sengaja ngecancel biar yang ruginya di kita karena mereka tau triknya sendiri terus kalau dicancel dari drivernya juga bisa aja harganya naik di kita tapi overall nih aplikasi udah oke sih ya
1194,Pengguna Google,1,2026-07-20 18:40:01,najis mau bayar lewat ovo aja susahnya minta ampun
1195,Pengguna Google,5,2026-07-20 18:36:33,tolong buat agar bisa order grab ride lagi walaupun yg pertama belum sampai karena anak saya kembar dan sering terlambat sekolah krn harus nunggu kembqrannya sampai tujuan agar bisa order kembali jangan kasih saran beli hp dua yaa itu sih saya udah tahu
1196,Pengguna Google,1,2026-07-20 14:52:39,kenapa akun gw d bekuin dah padahal gw g ngapa ngapain ye
1197,Pengguna Google,5,2026-07-20 14:52:17,mant pp segalanya jadi mudah
1198,Pengguna Google,1,2026-07-20 13:57:39,grab sial saya menukarkan poin edge saya dengan grab gift hanya berlaku di satu lini grab transport saja padahal saya menggunakan grab seringnya hanya grabfood saja tolong setidaknya sebelum deal reedem grabgift beri tahu dulu akan ini dan nyatanya tidak sama sekali kemudian saya terlanjur menukarnya yang saya dapatkan hanya grabgift yang transportnya saja ini masalah anda dengan microsoft edge
1199,Pengguna Google,5,2026-07-20 13:31:30,cepat dan selamat sampai rumah terimakasih
1200,Pengguna Google,1,2026-07-20 12:56:24,apk tlol gw udah akses lokasi mlh gk bisa pesen gw lagi butuh banget padahal perluas lokasinya lah hahdeh kampungan
1201,Pengguna Google,5,2026-07-20 12:32:24,trima kasih grab udh mempermudah dalam perjalan ke tempat tujuan terutama tempat kerja
1202,Pengguna Google,1,2026-07-20 12:13:10,percuma pembayaran lancar tapi ujung2 nya limit ditutup mending gak usah bayar sekalian
1203,Pengguna Google,5,2026-07-20 11:30:25,sangat membatu sekali dalam ke adaan bagaimana pun
1204,Pengguna Google,5,2026-07-20 10:52:10,grab sudah jadi aplikasi terpercaya untuk memesan kendaraan makanan atau mengirim barang
1205,Pengguna Google,5,2026-07-20 08:01:13,adanya apk ini sangat membantu saya dikala mau pepergian
1206,Pengguna Google,4,2026-07-20 06:56:21,driver di daerah sy padahal banyak ttpi ketika sy ingin berangkat sekolah dgn menggunakan grab hemat yg 7 justru tidak ada yg nerima pas sy ubah ke 13 lgsg di terima mending mah sesuai sama waktu yg di tetapkan ini ngga jadinya sring terlambat kalau pake grab hadeuhh yang lainnya overall bagus cuma di bagian driver nya aja yg bad perbaiki lg dong driver nya kalau sdh di perbaiki sy bakalan ubh ke bintang 5
1207,Pengguna Google,1,2026-07-20 06:54:39,saya pake grab hemat ya supaya hemat karena saya masi anak sekolahan tpi kenapa pengendara nya jadi cuek ke saya saya bilang terimakasih tidak di respon kalau seperti itu mending gausah di adain grab hemat aja
1208,Pengguna Google,5,2026-07-20 05:53:09,
1210,Pengguna Google,1,2026-07-20 05:19:52,teruk dah grab ni sekarang dah tak macam dulu sekarang driver dia orang ni suka sangat sidai customer dah tunggu smpai 15 menit last last tak pickup lepastu tunggu kita cancle sebab dia tak nak kena cas rm 3 barua betul yang pasal bayar rm 3 tu ok lagi yang paling menyampah dah tak nak ambil mulut pun bisu tak boleh nak cakap tak boleh pickup yg kita ni sebok juga tunggu tunngul kayu baik guna bolt atau in driver pemandu pun ok dan staedy tak macam driver grab pemandu cam barua
1211,Pengguna Google,4,2026-07-20 00:41:53,dengan grab mempermudah akses transportasi delivery cepat tanpa ribet terimakasih grab
1212,Pengguna Google,5,2026-07-19 23:24:25,delivery service take away ok respon nasi goreng cepat delivery grapnya mantap ontime
1213,Pengguna Google,1,2026-07-19 22:03:34,gak jelas sekarang mau daftar aja ribet
1214,Pengguna Google,5,2026-07-19 21:32:21,asli ga nyesel kalo lagi mager keluara tinggal pilih dan pesen tunggu bentar sampe
1215,Pengguna Google,1,2026-07-19 21:14:55,mau gimana lagi setiap pagi2 pesen grab ke sekolah ga dapet2 grab nya dan saya suka telat sekolah karna mesen grab terlalu lama
1216,Pengguna Google,5,2026-07-19 21:14:53,halo grab thankyou ya dana aku kembali setelah di tipu merchant tukang roti bakar sedih banget pesen food datengnya ga lengkap lagi laper2nya lagi tp ya aku juga agak sus curiga sama drivernya ga pake jaket grab gatau ya curiga aja apalagi sama merchant nya dateng2 itu food ga lengkap kurang semuanya yang belum pake apk grab buruan download deh gara2 kejadian malam ini jadi bersyukur dan suka sama apk grab karna gercep nanggepin masalah sukses jaya selalu ya grab thankyou bange
1217,Pengguna Google,5,2026-07-19 20:46:09,tolong perbaiki customer pembayaran tunai sudah pesan langsung sudah sampai driver saya lupa pembayaran qris tolong perbaiki tunai pindah qris sebelum sampai drivernya
1218,Pengguna Google,1,2026-07-19 20:24:31,hadweh tiap mau daftar coba lagi terus kenapa jadi susah daftar begni sih bikin ksel aja tolong di perbaiki yah padahal jaringan saya bagus bagus aja tpi knpa pas mau masukin no coba lagi terus kacau ni ngecewain jadi saya susah dafta
1219,Pengguna Google,1,2026-07-19 20:23:39,keecewa bangett sama grab hati hatii kalian yang pakai grab saldonya bisa kepotong lebih besar dari yang seharusnya dan proses refund nya sangat amatt lamba kalo bisa kasih rate minus sihh
1220,Pengguna Google,5,2026-07-19 20:05:27,terimakasih orang baik semoga rizkimu ancar dan melimpah by jaga singh khan
1221,Pengguna Google,1,2026-07-19 19:54:24,udah bisa pesen makanan sekarang fitur grab more nya bermasalah perbaiki dulu
1222,Pengguna Google,1,2026-07-19 19:41:24,sekarang grab mobil balaraja tangerang banyak oknum asas manfaat minta tarif di luar anka yg di tentukan dengan alasan pulangnya gak bawa penumpang lagi
1223,Pengguna Google,1,2026-07-19 19:41:14,tolong aplikasinya dibuat ramah tunanetra contoh pada klik pesan itu ketika menggunakan pembaca layar tidak bisa diklik tetapi jika pembaca layarnya dimatikan bisa klik pesan tolong segera diperbaiki
1224,Pengguna Google,3,2026-07-19 18:17:42,pliss adain harga 5 lagi dong buat pelajar jadi lebih hemat
1225,Pengguna Google,3,2026-07-19 16:28:27,coba adakan fitur return to base atau semacamnya bagi driver ini sangat berguna apabila setelah mengantarkan penumpang ke luar daerah driver mengaktifkan fitur tsb algoritme mencocokan para calon penumpang dengan tujuan driver ke tempat asal
1226,Pengguna Google,1,2026-07-19 15:57:19,promo untuk makanan sekarang gak seperti dulu banyak promonya di tambah ada biaya pemesanan kecil
1227,Pengguna Google,3,2026-07-19 13:47:33,di aplikasi lain muak gue liat iklan lu mulu mana banyak yang maksa lagi gue udah mencet skip tiba tiba malah tetep ke apk nya
1228,Pengguna Google,1,2026-07-19 13:32:22,ada driver fiktif tdk di blacklist sama pihak grab
1229,Pengguna Google,5,2026-07-19 13:29:24,jujur udah nyaman pakai grab tapi kenapa yah dapat driver tiap bayar tunai selalu aja uang kembalian selalu gada bikin bingung kadang kalau gada saldo jadi duit kembalian saya selalu kurang lumayan klo kurang 5 10k gpp sih ini kadang gada samsek heran
1230,Pengguna Google,5,2026-07-19 13:04:30,suka bngt makannya di kasih bintang lima tapi kadang suka dapat yang bawanya kebut kebutan atau tiba tiba suka ngerem mendadak tapi gpp kok aku suka yang penting nyawa selamat aja udah lope lope deh buat aplikasi ini muah
1231,Pengguna Google,1,2026-07-19 13:03:12,titik antara customer dan driver tidak sinkron dan banyak titik diapp google maps tidak sama dgn yang disediakan grab bisa dievaluasi agar meminimalisir driver tersesat dan membuat pengantaran tertunda
1232,Pengguna Google,5,2026-07-19 11:23:48,terimakasih grab bnyak membantu mudahnya pemesanan perjalanan
1233,Pengguna Google,4,2026-07-19 11:16:52,kenapa sekarang grab mahal buat yg jualan kesana kesini pake grab untungnya abis buat grab tolong dong kaya bulan kemaren lagi jangan di mahalin
1234,Pengguna Google,3,2026-07-19 10:27:43,ada grab nya terlalu santai trkadang orang kan kejar waktu jarak terkadang 4 menit tapi kenapa dia gk bergerak sma sekali
1235,Pengguna Google,1,2026-07-19 10:24:19,jika driver report toko tutup harusnya orderan di cancel oleh sistem bukan di lempar ke driver lain membuang waktu driver dan pelanggan p a y a h
1236,Pengguna Google,5,2026-07-19 09:14:25,mobil bersih drivernya ramah dan nyaman
1237,Pengguna Google,5,2026-07-19 08:43:14,tolong kurir dikasih arahan agar tidak fotoin wajah penerima tanpa ijin tidak sopan sekali foto candid sesuka hati cukup tangan penerima saat serah terima pesanan dan depan rumah tq
1238,Pengguna Google,5,2026-07-19 02:19:56,uda pake 5 tahunan performa makin bagus kasih b5 dulu kalo ngaco tak kurangi
1239,Pengguna Google,1,2026-07-18 21:34:48,apa apaan dah ongkir di grab mahal bngt ngak ada diskon emang kikir harus di hapus ini grab aplikasi tl0l
1240,Pengguna Google,5,2026-07-18 21:03:17,sangat membantu ketika kita malas keluar rumah di krn kan bxak pekerjaan
1241,Pengguna Google,1,2026-07-18 19:30:27,2 minggu lalu anak sy mengalami kecelakaan saat menggunakan aplikasi grab di email sm pihak grab untuk claim asuransi krn biaya saat di rumah sakit bayar pribadi sdh di ksh link untuk claim tp gk ada yg berpungsi di chat wa gk ada reaksi kelanjutan sementara proses penyembuhan saat dirumah butuh waktu dan biaya jga musibah tdk ada yg mau tp setidaknya anak sy gk harus menanggung kerugian fisik dan materi saat menggunakan jasa aplikasi ini
1242,Pengguna Google,5,2026-07-18 18:48:38,ramah orang nya klu ramah kita senang heppy ngasi ongkos juga lebih senang
1243,Pengguna Google,5,2026-07-18 18:20:13,saya nyaman kalau setiap kali pesan grab pelayanannya luar biasa good
1244,Pengguna Google,1,2026-07-18 17:09:33,kurir nya kurang ramah dan tidak sopan 1
1245,Pengguna Google,1,2026-07-18 16:09:29,driver sering cancel udah tunggu lama di cancel
1246,Pengguna Google,1,2026-07-18 14:59:57,kurir kalian ngambil uang ke saya 2 kali saya pake qris masuk tapi dia dtng lagi ke saya marah bilang gak masuk hati hati pake qriss takut nya di salah gunakan oleh oknum yg mmng nyari kesempatan
1247,Pengguna Google,5,2026-07-18 13:23:08,kurirnya baik ramah dan nyaman untuk interaksi penyabar juga
1248,Pengguna Google,1,2026-07-18 12:59:27,cmn pesan makanqn 2 jam driver nolak swmua padahal jarak cmn 5 km
1249,Pengguna Google,1,2026-07-18 12:41:52,hade pesan mknn gua tggu udh stenga jam lebih gdtg2 pas cek ttup apk pdhl psan sblm itu hrusnya klo gabiaa batalkan sj lama ini nunggu krna gabisa2 dibatal dri sini
1250,Pengguna Google,5,2026-07-18 12:28:35,masy llah barakallahu fiik terima kasih banyak
1251,Pengguna Google,5,2026-07-18 11:46:14,banyak promo dan drivernya ramah ramah semua
1252,Pengguna Google,5,2026-07-18 11:42:26,udah 3 4x dapet driver yg selalu pick up double orderan jadi yang seharusnya pesanan saya sampe 11 45 jadi jam 12 00 bahkan lebih parahnya waktu itu pesan grabfood jam 5 sore harusnya estimasi sampe jam 6 kurang ini malah sampe mau isyaa pas liat motor drivernya udah penuh sama makanana ada pizza dan lain lain tolong dong yaa yg kaya gini di benahi lagii jangan sampe ngaretnya ngaret bgt dr estimasi apalgi kalo pesen kopi es krim bakal cepet leleh sama watering itu kopii terimakasih
1253,Pengguna Google,5,2026-07-18 11:29:04,disaat mls klr rmh urusan makanan ataupun bepergian grab solusi terbaik
1254,Pengguna Google,1,2026-07-18 09:57:17,lokasi nya berubah2 saya tiba tiba bisa lokasi nya ke singapore gilaran ubah lokasi ke semula malah lokasi nya tidak tersedia
1255,Pengguna Google,5,2026-07-18 09:52:29,grab is a highly useful application that provides transportation food delivery and various digital services in one platform the app is easy to use and offers a seamless booking experience drivers are generally professional and the real time tracking feature helps improve safety and convenience
1256,Pengguna Google,5,2026-07-18 09:50:57,alhamdulillah apk greb sangat membantu topbgt
1257,Pengguna Google,1,2026-07-18 08:42:47,aplikasi tertolol alamatnya masa ngga bisa berdasarkan lokasi gps real time nyasar mulu
1258,Pengguna Google,4,2026-07-18 08:13:44,tolong kurangi notif yang tidak penting seperti ajakan pakai grabfood atau grabpinjam sangat mengganggu minimal ada pengaturan untuk mematikan notif ini
1259,Pengguna Google,2,2026-07-18 07:22:09,grab pls stop spamming noti literally for every 3 minutes 3 minutes you get me the same notification and it stop only if i open that notif or i delete the app
1260,Pengguna Google,5,2026-07-18 07:10:47,lebih cepat mendapatkan pengemudi jarak sesuai dgn lokasi pengemudi
1261,Pengguna Google,4,2026-07-18 07:08:04,grab lebih hemat dan sudah langganan setiap hari mengantarkan untuk bekerja dan skolah anak tp kekurangannya kalo ada promo harganya promo bgt driver mobil ga ada yg mau terima
1262,Pengguna Google,5,2026-07-18 03:00:48,alhamdulillah grab pelayanannya bagus semoga semakin jaya dan sukses
1263,Pengguna Google,5,2026-07-17 23:47:41,salah satu aplikasi yang slalu aku pake
1264,Pengguna Google,5,2026-07-17 23:27:42,aplikasihnya bagus dan abang ojol nya juga ramah dan sopan dan abang grabcar nya juga ramah dan sopan dan mobil grabcar nya juga bersih dan aman sampai tujuan
1265,Pengguna Google,1,2026-07-17 23:00:59,grabfood lamanya keterlaluan terlalu memaksakan double order
1266,Pengguna Google,3,2026-07-17 21:07:30,mahal banget ongkir food nya buset
1267,Pengguna Google,1,2026-07-17 20:19:53,sistemnya jelek proses order foodnya ke resto dulu baru ke driver customer tidak diberikan kepastian di awal nanti sudah nunggu lama tiba kena cancel kalo endingnya cancel mending biarkan kami konfirmasi langsung dengan drivernya
1268,Pengguna Google,5,2026-07-17 19:59:37,sangat membantu bagi kita bukan warga lokal
1269,Pengguna Google,1,2026-07-17 17:24:53,tiap download harus verifikasi wajah dan susah padahal wajah tetap tidak berubah lagi buru malah nambah waktu mending blokir saja grab
1270,Pengguna Google,5,2026-07-17 17:09:18,alkamduli ah enak tepat waktu dan bersih dalam mobil
1271,Pengguna Google,3,2026-07-17 16:59:28,gajelas anjir mau masuk ribet banget minta foto selfi blum siap tau2 uda ke jepret sampai 3 kali ujung2 nya ga bisa di buka harus metode transfer pake ovo gabisa pake cash suruh ke pusat bantuan giliran ke pusat bantuan malah ga bisa2 nomer tlpnan ga ada notifikasi jadi gabisa masuk2 dongkol banget
1272,Pengguna Google,4,2026-07-17 16:55:48,alhamdulillah bisa login walaupun nggak bisa pakai gopay sayang sekali
1273,Pengguna Google,1,2026-07-17 16:20:01,jujur gue udh 2 pesen di grab tapi orangnya jutek bikin kesel gue udah nungguin sekitar 20 menit eh mamangnya cancel and ngatain gue di dm orngny gk sabaran jujur masih mending maxim krn pengemudinya asik dan dikendarai dgn nyaman gue instal ni apk krn fomo ternyata sungguh luar biasa jlk
1274,Pengguna Google,1,2026-07-17 16:16:48,kecewa banget sama grab padahal sebelumnya aman aman aja kenapa sekarang driver di jam 8 9 pagi bener gak ada kalaupun ada tiba tiba di cancel gimana coba kenapa kita tidak bisa kasih rating driver yg men cancel dan mereka tidak mau mengantarkan apakah karena terlalu murah menurut mereka padahal itu diskon hemat dari aplikasi walaupun tidak hemat hemat banget mengecewakan grab jika driver mengcancel sekali lagi saya pindah ke apk sebelah
1275,Pengguna Google,1,2026-07-17 15:42:14,gabisa di unduh padahal tulisannya dah terinstal tapi gaada
1276,Pengguna Google,1,2026-07-17 15:39:53,aplikasi gk jelas nyari mobil susah mending bubar aja grab indonesia
1277,Pengguna Google,1,2026-07-17 13:48:28,suka banget klo pesen grab car itu udh di suruh nunggu lama tiba tiba di cancel jelek bgt sumpah
1278,Pengguna Google,5,2026-07-17 13:43:26,adanya grab memudahkan kami yang sedang membutuhkan jasa pengantaran
1279,Pengguna Google,3,2026-07-17 13:36:39,bagus sih tp makin lama promo grab unlimited makin naik minimum ordernya huhuhu
1281,Pengguna Google,1,2026-07-17 12:56:25,tiba bangat mahal yang biasa grabbike hemat 15rb jadi naik ga kira padahal udah lama langganan udah ga ada bedanya grabbike dan grabbike hemat
1282,Pengguna Google,3,2026-07-17 10:03:46,kenapa beberapa restoran tidak muncul di app saya apa masalahnya
1283,Pengguna Google,5,2026-07-17 09:42:16,bagus dapat minuman gratis di skolah
1284,Pengguna Google,1,2026-07-17 08:58:49,jadi mahal harga nya argo 5 jadi ilang maaf ya bintang 1
1285,Pengguna Google,1,2026-07-17 07:45:01,lama lama grab gbs tegas nindak driver yg ketetany ga sesuai aplikasi
1286,Pengguna Google,1,2026-07-17 06:27:37,stres lagi darurat gw ini malah kaga bisa login akhir nya gw pindah ke sebelah langsung gada pending tuh lansung dapet driver
1287,Pengguna Google,5,2026-07-17 04:56:02,hi grab coba kamu adain aplikasi ini utk di kota sintang kalimantan barat
1288,Pengguna Google,1,2026-07-17 02:30:34,dulu apk grab selalu jadi andalan mulai dari transportasinya kirim barang sampai pesan makanan tapi sekarang grab byk ngeselin nya khususnya di transportasi driver nya byk yg bertingkah belum lagi pesan makanan order 1 pesanan tapi bayarnya jadi 2 pesanan ongkirnya mahal bgt ada voucher tapi ngk bisa di gunain belum lagi titik nya yg sllu salah padahal di kita map nya udh bener tapi driver jemputnya ntah kemana2 kita konsumen sllu di salah salahin
1289,Pengguna Google,5,2026-07-17 01:04:55,driver y rumble trus enak cerita dan tulus
1290,Pengguna Google,5,2026-07-16 23:34:40,grab
1291,Pengguna Google,1,2026-07-16 23:11:11,hp lagi di cas dan sendiri diruma tb ada driver nlpon mau anter pesenan cod dan pas di cek beneran aku yg mesen padahal buka grab aja engga dan seharian cuma buka tiktok dgn nominal harga yang tidak murah tolong lebih dinperhatikan untuk sistem pemesanan digrab sudah 2 kali seperti ini dan akhirnya aku apus karna meresahkan
1292,Pengguna Google,1,2026-07-16 22:55:02,tidak sesuai apa yang saya cari
1293,Pengguna Google,5,2026-07-16 22:24:36,aplikasi grab menurutku paling murah diantara semua aplikasi ojek online yang lain mudah juga digunakan
1294,Pengguna Google,5,2026-07-16 17:34:10,kenapa sekarang tidak bisa pilih jenis motor sedangkan orang pilih jenis motor sesuai keadaan fisik gimana kl yg kakinya tidak sempurna pengendara grab yg datang bawa motor n max naiknya jadi susah mohon dipertimbangkan kembali ke sistem semula yang bisa pilih jenis motor terima kasih sebelumnya
1295,Pengguna Google,1,2026-07-16 16:12:48,lama banget bukanya padahal jaringan bagus
1296,Pengguna Google,5,2026-07-16 16:09:23,sangat2 membantu masyarakat yang ketika mau ke rumah sakit tidak bingung harus nyewa mobil lagi
1297,Pengguna Google,1,2026-07-16 15:28:05,saya ngak suka dapat driver perempuan
1298,Pengguna Google,2,2026-07-16 15:02:41,biaya grabfoodnya jadi mahal ga ada promo biaya pesanan kecil saja dikenakan 5rb apa2an
1299,Pengguna Google,2,2026-07-16 14:50:54,sering banget nemu driver yang di profilnya cewek tapi pas dateng cowok jujur jadi kurang nyaman
1300,Pengguna Google,5,2026-07-16 14:31:11,aplikasi andalan banget selalu kupakai mulai dari grabcar belanja jastip express sampe grabfood hanya saja boleh dong untuk grabfood drivernya di breefing agar saat mengambil foto sebagai bukti pesanan udah diantar cukup foto makanannya aja karena sering driver nakal suka ambil foto diri si customer tanpa consent itu sangat mengganggu kenyamanan dan privasi aku udah capek banget ngasih tau drivernya satu per satu tolong banget ya pihak management grab makasih
1301,Pengguna Google,4,2026-07-16 12:30:30,pernah kepencet grab motor dengan harga yg tertera paling atas harga tertinggi
1302,Pengguna Google,5,2026-07-16 11:22:42,pokok nya ok bangat dan sangat bagus dan membantu
1303,Pengguna Google,5,2026-07-16 11:16:47,driver ramah memahami jalan yg macet
1304,Pengguna Google,5,2026-07-16 10:50:36,alhamdulilah sampe dengn selamat dan cepat nyampe
1305,Pengguna Google,1,2026-07-16 10:45:42,driver selalu minta uang lebih tidak sesuai tagihan yg ada di aplikasi
1306,Pengguna Google,5,2026-07-16 10:31:53,mending pilih grab car timbang ambulance di desa kalo harus ngasih supirnya okelah dengan bahasa uang rokok masih relatif namun alesankuncinya di bawa si itu di bawa kesana bensinnya blum di isilah
1307,Pengguna Google,1,2026-07-16 09:10:10,klo bisa kirim foto aku kirim ini ss dari driver
1308,Pengguna Google,5,2026-07-16 09:05:30,alhamdulillah sll cpat dan membuat orang dpat membantu yg baik
1309,Pengguna Google,2,2026-07-16 08:56:40,notifikasi yang sama dan tak berguna muncul terus
1310,Pengguna Google,5,2026-07-16 08:44:04,sangat bagus kalau dibuat berkerja dengan ini mudah dan praktis
1311,Pengguna Google,1,2026-07-16 08:37:54,tolong sesuaikan kembali mengenai titik lokasi saat ini banyak driver yg salah faham tentang lokasi yg diinginkan customer karna driver menjemput mengantar terlalu jauh tidak sesuai lokasi menjadikan nya orderan tersebut di cancel oleh customer
1312,Pengguna Google,5,2026-07-16 08:10:17,grab sangat membantu pelayanan cepat tepat
1313,Pengguna Google,1,2026-07-16 08:06:21,sekira driver gk bisa pake motor knp bisa jadi driver setiap pesan dapet nya driver yang gk bisa bawa motor jadi taruhan aja nyawa kita ini
1314,Pengguna Google,5,2026-07-16 08:01:02,bagu sih membantu banyak hal tapi kenapa semakin sering digunakan gofoodnya makin gaada promo sih
1315,Pengguna Google,1,2026-07-16 07:07:03,grab skrng bener sinting masa klau batalin orderan pas udh dapet driver tapi nunggu lama driver gak dateng trus mau batalin kena biaya pembatalan sebesar 3rb hello knp skrng peraturan nya begitu sih malah customer yg nanggung
1316,Pengguna Google,1,2026-07-16 06:44:44,saya sudah menggunakan grab bertahun tahun karena mmg saya sudah nyaman dan sudah banyak yg kenal dgn driver nya khusus nya grab motor krn setiap hari saya pake grab motor untuk sekolah tapi sekarang saya tidak bisa menggunakannya krn harus selfi dulu dan saya sudah komplain dan kasih masukan tapi sampai saat ini tidak ada tanggapan sama sekali dari grab jadi sekarang saya harus uninstal dan pindah ke gojek yang lebih nyaman tidak menyusahkan pengguna yang sudah tahunan menggunakan
1317,Pengguna Google,1,2026-07-16 06:33:53,sulit untuk mendapatkan driver di aplikasi ini
1318,Pengguna Google,1,2026-07-16 00:50:55,buruk gdk live fitur live chet untuk pengaduan prilaku mitra pengemudi soalnya banyak mitra pengemudi grab yg nerima orderan tpi gak gerak justru menjauh dri maps ditelpon gak diangkat dichet juga gak dibls udh nunggu berjam giliran dri fitur bantuan yg jwb cuma ai grab perusahaan besar masak gak bisa perkerjakan cs online 24jam 2 shift untuk pengaduan cusmtomer bantu like yg liat biar dibaca grab
1319,Pengguna Google,1,2026-07-15 22:36:32,minta tolong lah ya ke para driver nya klo gk niat jemput tinggal ngomong jangan sampe orang nungguin minta tolong di tindak ya driver dengan plat b 4913 uhb atas nama syamsul bachriyadi
1320,Pengguna Google,5,2026-07-15 21:40:07,gak tau pengen kasih bintang 5 aja ada keluahan paling turun bintangnya
1321,Pengguna Google,1,2026-07-15 20:50:01,untuk terakhir kali nya saya pesen di apk ini nunggu makanan se jam di ganti ganti mulu driver nya udh kelaparan orang nunggu
1322,Pengguna Google,5,2026-07-15 20:25:52,sangat membantu saran saya perbanyak metode pembayaran yang lain jangan hanya yang beraffiliasi saja
1323,Pengguna Google,3,2026-07-15 19:26:30,gabisa request di catatan pesanan tolong diperbaiki sy mau gak pedes mienya jd pedes gara gara aplikasi tidak menyediakan catatan dalam pesanan
1324,Pengguna Google,2,2026-07-15 18:38:30,aplikasi nya masi sering bug ntah bug atau kikir voucher diskon ilang gitu aja pdhal cuman ngerefresh
1325,Pengguna Google,1,2026-07-15 18:03:56,tolong di perbaiki dan si brifing buat semua driver yg suka ambil pesanan grab mart kalau ada orang nnya iti gausah bentak sama sama nyari duit kok sombong nya minta ampun
1326,Pengguna Google,1,2026-07-15 17:58:19,tolong di turunkan satgasnya masih banyak driver bandel beda orangnya di aplikasi dan beda plak motornya juga parah ini grab
1327,Pengguna Google,2,2026-07-15 17:26:31,tolong dong harganya turunin kaya semula yang buat anak sekolah sekarang kenapa naik
1328,Pengguna Google,3,2026-07-15 16:23:14,pli harga tarif jangan ada sen saldo 26 100 ditambah seribu 27 100 wh bulatkan saj harganya perak nya masih ada
1329,Pengguna Google,5,2026-07-15 16:21:24,mantap memudahkan berasa ingin aktif login lagi
1330,Pengguna Google,5,2026-07-15 15:56:59,bantuannya dan informasinya gercep gk kayak sebelah yg oren oren masalah gk kelar kelar makasih
1331,Pengguna Google,5,2026-07-15 14:35:54,sangat membantu klw pesan nya gampang
1332,Pengguna Google,1,2026-07-15 14:12:35,gua beli yang standar bike di aplikasi tulisan nya motor honda vario pas datang kok malah supra sih mana lagi telat trus gabisa di cancel lagi gimana sih ini
1333,Pengguna Google,5,2026-07-15 13:43:52,aplikasinya sangat bagus dan membatu di setiap aktivitasku
1334,Pengguna Google,5,2026-07-15 12:56:19,aplikasi ojek online yang membantu banget grab tuh bisa diakses dimana ajaa dan kapan aja mau jam berapapun dapet driver bisa order makanan juga
1336,Pengguna Google,1,2026-07-15 11:27:36,udh daftar online pas datang ke kantor pendaftaran tutup gajelas kali pendaftaran nya
1337,Pengguna Google,5,2026-07-15 11:09:06,terimakasih sudah mengantar perjalanan saya pengemudi berjalan dengan baik
1338,Pengguna Google,4,2026-07-15 11:03:03,apa hubungan antara ovo dan grab ko bisa ovo paylater
1339,Pengguna Google,1,2026-07-15 06:55:01,gajelas banget lama ini aplikasi bikin rugi
1340,Pengguna Google,3,2026-07-15 06:34:54,mapnya rusak di map drivernya tidak jalan padahal driverbya udah didepan rumah saya
1341,Pengguna Google,2,2026-07-15 06:28:22,tolong perhatiin rute rute yg kena ganjil genap dong kalo misal tgl ganjil dibikin otomatis mobil plat genap gak bisa ngambil orderan ke rute itu begitupun sebaliknya inimah udh bkn salah customer begitu customer cancel customer kena charge
1342,Pengguna Google,1,2026-07-15 05:25:33,tolong lh aplikasi grab ini konsisten para grab nya gk tau lokasi sama tiba tiba di batalkan sungguh kecewa
1343,Pengguna Google,1,2026-07-15 04:20:01,matokin harga drivernya mahal bgt di awal doang murah masa jarak 28 km tembus 100k
1344,Pengguna Google,5,2026-07-14 23:36:10,layanan penghantaran laku dan sangat ramah
1345,Pengguna Google,1,2026-07-14 22:51:55,saya ngga suka sama driver yang bernama bambang herlangga
1346,Pengguna Google,2,2026-07-14 19:21:36,aplikasi grab semakin kesini ongkir sangat mahal dari barang yang kita mau pesan
1347,Pengguna Google,5,2026-07-14 19:00:11,responnya cepat dan sesuai titik antar
1348,Pengguna Google,5,2026-07-14 16:51:55,proses pengajuan masalah orderan fiktif dan pengembalian dana sangat cepat di proses terima kasih grab
1349,Pengguna Google,1,2026-07-14 11:36:16,percuma ada diskon kalau harga pesanannya lebih mahal dari harga yang tertera mana diskonnya sedikit lagi
1350,Pengguna Google,5,2026-07-14 11:34:28,best the best poko na mah
1351,Pengguna Google,5,2026-07-14 10:04:58,excellent o iya min kasih fitur baru dong aku ga enak sama driver grabcar gara mobil dia gede tapi masuk ke jalan kecil fitur baru yang bisa pilih jenis mobil kecil gitu lho min dah gitu aja terimakasih ya min
1352,Pengguna Google,5,2026-07-14 09:52:05,lelet banget sekarang buka grab padahal bnyak ruang masih
1353,Pengguna Google,5,2026-07-14 08:44:32,sedikit masukan untuk pilihan motornya bisa kembali seperti dulu lagi jadi cust bisa pilih type motor yg mrka mau krn bagi cust yg bongsor itu sangat membantu agar tdk ada perselisihan dgn driver krn jujur grab ini jadi satu nya apl transportasi online yg saya percaya bgt krn bisa pilih type motor driver tapi setelah pilihan itu dihapus saya kecewa bgt dan jujur semenjak itu saya tdk pernah lg naik transportasi online lebih milih transportasi umum
1354,Pengguna Google,5,2026-07-14 07:25:13,udah lama banget pakai grab bike car semuanya oke tapi akhir akhir ini sering dapet driver grab car yang naikin harga tarif diluar aplikasinya sebenarnya selama negosiasi sebelum naik di chat misalnya aku pribadi gak masalah kalo itu masuk akal ini udah ditengah jalan tiba tiba minta di cancel terus minta ongkos dinaikin 3x lipat alesan macet padahal selama perjalanan lancar gak ketemu macet gak semua tapi udah 2x ketemu driver gitu karena terkesan maksa jadi kesel aja gitu
1355,Pengguna Google,1,2026-07-14 03:20:18,grab unlimited gaada pemberitahuan banget tiba tiba motong mana lagi kere
1356,Pengguna Google,5,2026-07-14 01:46:42,terimakasih banyak buat abang ojol y baik bgt sehat ya lancar terus rezeki y
1357,Pengguna Google,5,2026-07-14 01:20:08,siapapun yang ud bikin aplikasi ini terimaa kasii banya semenjak gada sepeda motor lagi kalo kerjaa ga susah apalagi pulang malam sekarang kemana ga perlu ngerepotin orangg krna ada grab lopyuu grabb
1358,Pengguna Google,1,2026-07-13 22:01:45,driver atas nama toni candra mobil sigra 1 0cc t1831 rg curang penipu kita ngorder 2 lokasi tahunya dia telepon minta offline dan batalin eeh udah jemput kita malah ngomongnya tidak enak karena pakaian dan kita pakai sendal jepit mobil dia nggak mau kotor mungkin dia anggap kami gembel yg mencoba untuk naik grab intinya kami tidak nyaman dan kesel karena kami bayar bukan ngemis cara tutur katanya ke cs juga tidak baik sangat buruk apalagi kami cewek sungguh miris mana sombong kalau bicara
1359,Pengguna Google,1,2026-07-13 21:47:49,kenapa setelah saya mendownload aplikasi ini hp saya sering bermasalah tolong di jawab dan entah kenapa saya juga sering mendapatkan driver yang suka berbicara kasar dan tidak sabar bahkan ada juga yang menghina
1360,Pengguna Google,1,2026-07-13 20:01:16,mana grib bike hemat 5rb nya ko di naikin
1361,Pengguna Google,3,2026-07-13 20:00:58,sepanjang 6 bulan berjalan di 2026 pemesanan grab selalu mendapatkan driver dengan jarak yang cukup jauh 5 menit dan sering nelakukan perhentian di tempat lain terlebih dahulu
1362,Pengguna Google,4,2026-07-13 19:09:54,sebagai pengguna pertama aplikasi ini sangatlah membantu
1363,Pengguna Google,5,2026-07-13 18:49:46,mantap gampang d gunakan dan mudah di mengerti
1364,Pengguna Google,1,2026-07-13 17:00:32,mohon maaf kak sy kecewa dgn grab sy mau tanya semalam sy pesan grab hemat kemudian saya di minta uang tambahan kak apakah itu di perboleh kan dengan alasan nambah kilometer dan sebelum nya sesuai harga saya ordernya baru kali ini di minta uang lg
1365,Pengguna Google,2,2026-07-13 13:28:55,terdapat banyak keluhan dari para pengguna aplikasi grab ini terutama tarif nya yang mahal titik jemput nya yang kejauhan aplikasi sering eror padahal kita sudah bayar full ke aplikasi tapi tetap saja banyak driver yang cancel atau minta di cancel begini ini permainan aplikasi seumpama kita bayar 21 rb untuk biaya sekali perjalanan tetapi tarif yang masuk ke aplikasi driver ngga segitu udah di potong duluan sama aplikasi yang di terima driver 12 rb atau 14 rb ini rill
1366,Pengguna Google,5,2026-07-13 13:24:16,sejauh ini gak pernah bermasalah dengan apk ini layanan selalu baik tidak ada perselisihan ketika tidak sengaja salah menempatkan titik mohon maaf sebesar besarnya untuk pengemudi yang pernah mendapatkan orderan dari saya dan titik nya salah lalu saya minta cancel semoga sehat selalu untuk pengemudi ramah
1367,Pengguna Google,5,2026-07-13 13:11:50,sangat membantu dalam perjalanan dalam kota
1368,Pengguna Google,1,2026-07-13 12:47:27,dapet drivernya jauh mulu kasih driver terdekat l
1369,Pengguna Google,1,2026-07-13 12:17:59,tidak ada notifikasi chat dan telepon yang masuk ke pengguna
1370,Pengguna Google,5,2026-07-13 11:25:21,cepat dan selalu tepat drivernya oke
1371,Pengguna Google,3,2026-07-13 11:10:39,kalo pesen makanan datengnya sejam sendiri keburu laper man hiks
1372,Pengguna Google,5,2026-07-13 10:35:28,smoga bisa bermanfaat buat sy dan org lain
1373,Pengguna Google,4,2026-07-13 10:30:57,alamat yang dituju kurang sesuai peta alur perjalanan
1374,Pengguna Google,3,2026-07-13 08:02:22,sebelum jam 8 pagi suka ngelag aneh
1375,Pengguna Google,1,2026-07-13 07:42:11,kecewa sama menu healty nya sdh obat nya mahal pengiriman nya lama ujung2 driver kirim ulang tapi minta tambahan ongkir payah dan menu penilainya juga g ada semua chat driver sdh saya kirim ke wa pengaduan entah di tindak lanjuti apa gak ayola di perbaiki payah terus estimasi sampai nya di juga harus ada di menu healty malah g ada itu malah kondisi darurat
1376,Pengguna Google,1,2026-07-12 23:57:16,saya memesan gofood namun dari kurir tidak ada yang ambil dan awalnya saya diberikan estimasi pengiriman sampai jam sekian setelah itu sudah waktunya malah pihak grab menambah waktu tunggu ini pengiriman prioritas loh mohon diperbaharui kebijakamnya ini mau nunggu makanannya kelamaan keburu ketiduran deh para
1377,Pengguna Google,5,2026-07-12 22:47:32,sangat membantu dalam menambah perekonomian saran jikalau bisa maps nya jangan membawa rute yg jauh utamakan rute terdekat terimakasih
1378,Pengguna Google,4,2026-07-12 22:16:11,coba deh sesekali sidak driver biar gak gak hanya ambil untung saja dari mitra tp perlu perhatian
1379,Pengguna Google,1,2026-07-12 22:00:08,ko saya klik ovo leter malah kluar ny apk grab sih
1380,Pengguna Google,1,2026-07-12 21:37:37,saya sudah beberapa kali dapat pesanan yang tidak jelas sudah saya bayar namun drivernya centang 1 dan tidak bisa dihubungi sama sekali saya sudah menunggu lama untuk makanan anak2 saya sudah saya komplen di pusat bantuan tpi tidak membantu sama sekali hal ini saya rasakan bukan cuma sekali duakali tolong ditindak lanjuti
1381,Pengguna Google,2,2026-07-12 21:37:15,untuk driver grab yg cewek sebelum jalan lihat dulu nama dan profil yg mesan karna gak mungkin driver cewek ngebonceng cowok
1382,Pengguna Google,1,2026-07-12 21:20:35,driver nya pada ga mau kalo ga ada tips
1383,Pengguna Google,1,2026-07-12 21:06:27,sering kali terjadi di aplikasi nya harga nya sudah di tentukan tapi driver nya malah minta ongkos tambahan emang ga bisa ya nyari pegawai yang bisa di percaya pokok nya kurang bagus lah pegawai nya banyak yang licik masa gua dari 76 rebu jadi 130 ribu udah gitu pas di kasih uang 150 eh kembalian nya ga di kembaliin mau marah tapi driver nya langsung buru buru kabur dalem hati cuma bisa pasrah aja sumpah ga ikhlas pokok nya kaya rampok berkedok ojol
1384,Pengguna Google,1,2026-07-12 20:09:08,titiknya gak ada yang bener map grab ngawuu
1385,Pengguna Google,1,2026-07-12 19:38:12,tmbol cancel selalu hilang tlong perbaiki
1386,Pengguna Google,1,2026-07-12 19:12:01,aq x thu knp grab skrg cam nih ye dah 6x order semua driver cancel panggil tunggu 30 mnit tp time sudah lagi 4 mnit semua hilang cm tuh je
1387,Pengguna Google,1,2026-07-12 18:55:18,sangat mengecewakan saya sudah menunggu makanan sangat lama karena tidak ada satu pun driver yang mengambil pesanan yang lebih parah pesanan juga tidak bisa dibatalkan jadi saya hanya dipaksa menunggu tanpa kepastian saya sudah menghubungi customer service tetapi responsnya sangat lama dan bantuan yang diberikan sama sekali tidak menyelesaikan masalah jawabannya hanya berputar putar tanpa ada solusi yang jelas
1388,Pengguna Google,1,2026-07-12 18:47:09,beli makana ga dpet driver makanan sering terlambat ga rekomen
1389,Pengguna Google,1,2026-07-12 18:23:28,harga makanan bisa 2x 3x lipat dengan harga asli makanan ongkir mahal
1390,Pengguna Google,1,2026-07-12 18:09:16,asu gak iso d buka ws update aplikasi apa se ini sulit bner
1391,Pengguna Google,3,2026-07-12 17:18:54,kenapa aplikasi grab saya keluar bug terus padahal sudah update versi terbaru
1392,Pengguna Google,5,2026-07-12 16:57:45,aplikasi yg sangat memuaskan kmrn hp ketinggalan di grab lgsg tlf ke cs respon cepat dan alhmdllh hp lgsg di kembalikan oleh driver trmksh grab akan selalu berlangganan
1393,Pengguna Google,1,2026-07-12 16:40:30,sekarang grab kalau di buka susah banget padahal engga lagi update
1394,Pengguna Google,1,2026-07-12 16:14:20,sudah nunggu terlalu lama enggk bisa dibatalin tolong berikan waktu jika 20 menit belum diambil bisa dibatalin
1395,Pengguna Google,5,2026-07-12 14:53:58,puas dengan pelayanannya cepat sampe ketujuan
1396,Pengguna Google,2,2026-07-12 14:31:18,grabfoodnya ga bisa di cancel apa lama banget nunggu drivernya
1398,Pengguna Google,5,2026-07-12 13:04:29,trimakasih banyak saye sampai dengan selamat
1399,Pengguna Google,1,2026-07-12 12:54:46,ongkir untuk delivery makanan semakin mahal
1400,Pengguna Google,1,2026-07-12 12:54:40,yg mau beli makanan di aplikasi ini jangan pernah berlangganan grab unlimited ini scam kenapa saya mau beli makanan ongkir 10 lalu sya pakai grab unlimited yg berbayar harga nya 9 disitu katanya ada gratis ongkir ehh pas sya pakai yg tadi nya ongkir 10 berubah jadi 21 dicoret 10 menjadi 11 scam sekali sya rugi uang 9 untuk beli paket ongkir bertambah menjadi 1 perakk sungguh luar biasa scam nya
1401,Pengguna Google,5,2026-07-12 12:48:25,makasih banget kurir nya pada gercep bahkan ada 3 5 menit lebih awal dari yang dijadwalkan makasih banget untuk semua kurir yang mau gercep lop yu
1402,Pengguna Google,5,2026-07-12 11:39:15,driver sangat ramah sopan dan mengemudi dengan sangat hati hati
1403,Pengguna Google,1,2026-07-12 11:11:03,map nya kurang akurat kasihan driver yang baru di daerah tersebut harus cari cari alamat
1404,Pengguna Google,1,2026-07-12 11:10:45,saya beri rating 1 karena merasa sangat kecewa dengan penanganan kasus ini permasalahan ini sudah berlangsung tiga bulan pihak cs menyampaikan akan membantu dan bertanggung jawab hingga proses klaim selesai namun proses peninjauan dari asuransi memakan waktu yang cukup lama sebagai penumpang yang telah mengikuti seluruh prosedur sesuai arahan saya merasa sangat dirugikan setelah dinyatakan asuransi trsbt kadaluwarsa saya hanya mengharapkan adanya tanggung jawab kejelasan dan empati
1405,Pengguna Google,5,2026-07-12 10:15:53,baru pertama ngegrab dapat driver ramah pokok e keren pelayanan saya suka saya suka
1406,Pengguna Google,5,2026-07-12 09:02:46,mantep mau kemana mana mudah banget
1407,Pengguna Google,5,2026-07-12 08:59:48,pilihan tepat di saat butuh bantuan
1408,Pengguna Google,1,2026-07-12 07:02:33,mart lama lawak ga kaya sebelah
1410,Pengguna Google,1,2026-07-11 23:46:54,aplikasi ga jelas titik lokasi aja ga bisa diatur sampe bener tepat udah gitu banyak bngst bug nya lagi
1411,Pengguna Google,1,2026-07-11 23:44:51,aplikasi ga guna awalnya ada promo pas udah dimasukkin keranjang malah hilang promonya
1412,Pengguna Google,3,2026-07-11 22:57:32,tlg y klw grb itu siapin kembalin uang kecil stiap kli msen makanan slalu gada kembalian uang kecil jd nya mau g mau hrs di ihklasin kembalian ny pdhl kt jg btuh mw sekecil apa
1413,Pengguna Google,1,2026-07-11 21:58:18,pesan makan hemat standar prioritas sama aja uda bayar sama aja yang setandar gratis sama sama berwaktu satu jam lebihpesan makan hemat standar prioritas sama aja uda bayar sama aja yang setandar gratis sama sama berwaktu satu jam lebih aplikasi terjelek
1414,Pengguna Google,1,2026-07-11 21:32:49,jangan pake jasa prioritas klo beli makanan dsini rugi karena waktunya malah diperpanjang klo udh telat
1415,Pengguna Google,5,2026-07-11 19:25:20,saya sangat puas dengan aplikasi ini
1416,Pengguna Google,1,2026-07-11 18:38:57,tidak bisa kirim pesan ke mitra penjual makanan grab food
1417,Pengguna Google,2,2026-07-11 18:15:29,grab sekarang pesan makanan bisa lama sekali di puk up sampai 2jam pelayanan makin buruk
1418,Pengguna Google,3,2026-07-11 17:13:07,kata saya mah grab now jagan di hilangkan dah biar bisa satset
1419,Pengguna Google,5,2026-07-11 16:53:20,tolong aktifkan kembali penjemputan titik pasar maja
1420,Pengguna Google,5,2026-07-11 16:51:20,sangat membantu kemana aja jd mudah
1421,Pengguna Google,1,2026-07-11 16:36:47,menyisakan kenapae tidak bisa cash bayar tidak semua manusia punya di kat saya tidak suka dengan metode pembayaran yang di rubah saya tambah sedikit lagi semangkin mahal padahal dekat je ya allah
1422,Pengguna Google,1,2026-07-11 16:22:10,makin lama makin mahal agak agaklah kalau ngasi harga
1423,Pengguna Google,5,2026-07-11 16:09:23,selalu paling andalan paling murah dan cepat
1424,Pengguna Google,5,2026-07-11 15:23:59,sangat membantu perjalanan belanja apapun dijamin aman terima kasih atas adanya grab
1425,Pengguna Google,1,2026-07-11 15:09:47,ini aplikasi apaan kendaraan belum sampe kok mau tambah tarif terus uninstall ja merugikan
1426,Pengguna Google,1,2026-07-11 14:52:17,grab kenapa sih kalo dibuka tuh harus perbarui lokasi orang udah netep juga masih gabisa leled ni apk
1427,Pengguna Google,5,2026-07-11 14:18:09,sangat ramah drivernya dan nyaman nerkendaranya terima kasih
1428,Pengguna Google,5,2026-07-11 14:14:19,ngebantu banget buat kaum mageran wk
1429,Pengguna Google,5,2026-07-11 14:08:20,kecintaan banget ama ni apk luv
1430,Pengguna Google,1,2026-07-11 11:11:32,aplikasi lelet driver ya juga lelet udah ngambil pesenan satu ngambil lagi pesenan yg lain jadi nunggu ya berjam pajak ongkir juga mahal
1431,Pengguna Google,1,2026-07-11 09:53:45,aplikasi ribet mo login ja pake chapca yg gk mutu sama sekali payah piki
1432,Pengguna Google,1,2026-07-11 09:40:39,saya pesan makanan tapi dari aplikasi selalu loading tidak bisa
1433,Pengguna Google,5,2026-07-11 09:39:05,baik pelayanan nya tepat waktu penjemputan
1434,Pengguna Google,5,2026-07-11 08:48:32,mudah driver grab sabar dan baik hati semua amin
1435,Pengguna Google,5,2026-07-11 07:42:44,grab delivers an excellent user experience by providing reliable ride hailing food delivery and digital payment services in one platform the application is easy to navigate secure and consistently offers efficient solutions for daily transportation and lifestyle needs
1436,Pengguna Google,5,2026-07-11 03:40:22,sangat membantu saat di luar kota dan sedang tidak bisa membawa kendaraan pribadi tky grab
1437,Pengguna Google,5,2026-07-11 03:27:39,sangat memudahkan urusan pengangkutan dan penghantaran makanan perkhidmatan memuaskan
1438,Pengguna Google,1,2026-07-11 02:39:09,gjls bgt ini gada lokasi saya di maps driver food ny pula malah minta tip jarak dari titik lok 1 menit bukan nya gimana saya mw ngasih atau engga malah minta tip tanpa d kasih gjls bgt dngn alasan takut kerumah nya jauh gk lagi gw make apk grab gak pada ramah ojol nya udah mahall gw bayar pake ongkir malah minta tip trauma gw mls tolon koreksi y kurang in driver kek gtu udah tugas nya kerja bukan nyari alesan supaya gw takut gk di kirim mntng gw byr pke ovvo bukan cod jdi seenkny
1439,Pengguna Google,1,2026-07-11 01:50:41,ga jelas bngt ga bisa chat cs ini tagihan juga tiba tiba ga ada konfirmasi tiba tiba bayar lagi butuh uang dan urgent ga bisa di refund sama sekali saya jarang menggunakan grab masa iya sama sekali ga bisa refund buang buang uang dong klo kyk gini ga bnr bngt ni app
1440,Pengguna Google,5,2026-07-10 23:41:16,tingkatkan promo makanan nya dong grab
1441,Pengguna Google,4,2026-07-10 22:04:00,sangat membantu dalam pemesanan kendaraan maupun makanan
1442,Pengguna Google,1,2026-07-10 21:15:10,aplikasi tolol tidak ada untuk cancel
1443,Pengguna Google,1,2026-07-10 20:28:41,saya menunggu sekitar 45 menit hanya untuk mendapatkan mitra pengemudi grabfood setelah driver pertama membatalkan akibat keterlambatan ini makanan menjadi kurang layak dinikmati mohon ditinjau dan tambahkan kompensasi jgn cuman terlambat saja perbaiki juga chat botnya krn susah sekali membatalkan pesanan padahal sudah melawati batas tunggu mitra pengemudi membatalkan tapi status chat bot blg sdh menemukan mitra pengemudi dan mohon menunggu
1444,Pengguna Google,1,2026-07-10 17:21:41,driver tidak becus antar tidak sesuai titik
1445,Pengguna Google,1,2026-07-10 16:24:12,kenapa ngestuck di suruh kelariv mulu si udah gitu kode gak muncul muncul mohon di update lebih baik lagi kenapa kaya gitu
1446,Pengguna Google,5,2026-07-10 16:02:36,sukak banegt sm grab aplikasi nya mempermudah aku belanja tanpa keluar rumah sukses selalu min
1447,Pengguna Google,5,2026-07-10 14:52:31,sangat bermanfaat sekali untuk perjalanan kita
1448,Pengguna Google,2,2026-07-10 14:33:35,kenapa gak dikasih opsi pembayaran semua e money sih kan kalo gini jadi menyusahkan
1449,Pengguna Google,5,2026-07-10 13:59:06,mantap memudahkan perjalanan ketika lagi ada di luar kota
1450,Pengguna Google,5,2026-07-10 13:42:47,it is very helpful for my daily commute and makes my journeys feel comfortable
1451,Pengguna Google,1,2026-07-10 12:28:22,jelek nunggu kurrir terima pesanan lama dan ga bisa di cancel
1452,Pengguna Google,5,2026-07-10 09:55:39,grab ini bagus sangat membantu saya untuk kemana2 dan abang grabnya jg ramah tapi agak kecewa sih krena sudah 3 hari ini saya pesan grab tidak ada satupun grab yang terima orderan saya mungkin krna jarak atau ojol nya yang lgii gk ada disekitar lokasi saya jadi gk di terima saran saya sih rekrut lagi pengendara2 ojol ini agar bisa stay di beberapa lokasi yang sekiranya sedikit jauh dari kota selebihnya sih saya senang krna pelayanan dan abang ojol jg ramah kalo saya order
1453,Pengguna Google,2,2026-07-10 09:44:43,jelek bgtt mitra pengemudi gofood nyaa lam ga kek apk sebelah cepet
1454,Pengguna Google,1,2026-07-10 09:18:38,tlol tlol lagi donwload malah ada update pas udahh update malah jadi disuruh donwload lagi tlol tlol sell singapore
1455,Pengguna Google,2,2026-07-10 08:18:27,tarif grab nya naik dari 5rb jadi 8rb tanpa ada nya pemberitahuan sama sekali aku sebagai pelajar sedikit keberatan dengan penaikan tarif grab ini walau cuma naik 3rb tapi untuk pelajar ini sedikit keberatan tolong kembalikan lagi tarif grab nya seperti sebelumnya terimakasih dan mohon didengar suara rakyat ini
1456,Pengguna Google,3,2026-07-10 08:10:16,tolong perbaiki sinyalnya kenapa jadi makin berat saya buka merchant lain lancar saja
1457,Pengguna Google,2,2026-07-10 06:03:07,kalo gamau nge pick up jgn di idupin kalo dengan alasan jauh perbaiki lah tolong urgent mau kedokter kyk di permainin aja
1458,Pengguna Google,5,2026-07-09 23:27:26,i like how straightforward this app is everything is easy to find and use
1459,Pengguna Google,5,2026-07-09 22:26:33,selalu banyak promo di grab ini makanan banyak yg discon aku sukaa
1460,Pengguna Google,2,2026-07-09 21:17:28,udh ke 2x topup uang buat beli makanan tp ga masuk di aplikasi grabnya padahal udh kepotong di online banking nya
1461,Pengguna Google,5,2026-07-09 20:46:28,baru bukan putih semua layar nya
1462,Pengguna Google,1,2026-07-09 20:11:59,aplikasi sampah masa mau grabfood yg asalnya 36rb mau di checkout promonya gaada 1 jadi malah jadi 45rb
1463,Pengguna Google,1,2026-07-09 19:30:33,beneri itu grab apaan apk nge bug gajelas gabisa makan gajelas banget ufah make promo tpi gabisa pake gaje
1464,Pengguna Google,5,2026-07-09 18:47:46,beda dengan akun yg lain grab lebih gampang cari tempat yg akan di tuju jadi saya selalu memakai jasa angkut grab
1465,Pengguna Google,5,2026-07-09 18:16:07,sangat menarik dan mudah untuk memesan nya
1466,Pengguna Google,1,2026-07-09 16:31:45,apasih gaje banget dihilangkan fitur memilih drivernya makin mahal aja anjir
1467,Pengguna Google,3,2026-07-09 16:16:52,gampang sekali sih driver batalin pesanan serung sekali grabcar pesanan saya dibatalkan pernah sekali nyuruh saya yang batalin mana kena tarif lagi
1468,Pengguna Google,1,2026-07-09 14:24:19,ikut program freelance dri grab kios isinya scam grab makin parah mantab yang buka loker freelance edukasi buat umkm hati hati ya fee ditunggu 1 bulan ga masuk masuk pas konfirmasi ke cs nya ya allah ada aja ngelesnya
1469,Pengguna Google,1,2026-07-09 14:17:07,lamban sekali saat hendak memesan apa jaringan apa emang pelayanan internet kurang ya
1470,Pengguna Google,1,2026-07-09 14:10:52,malas kalo udah pesen grab food susah nyari driver nya pilih pilih mentang pesen nya cuman dikit huh
1471,Pengguna Google,5,2026-07-09 13:34:41,abang grep nya baik bagus sopan oke aplikasi grap ini oke membantu untuk kita
1472,Pengguna Google,1,2026-07-09 13:04:39,titik jemput kurang lengkap selalu salah akhirnya bikin habis waktu aplikasi kurang maksimal
1473,Pengguna Google,5,2026-07-09 11:04:18,paling sering pakai grab buat pesan makanan lewat grabfood pilihan restorannya banyak banget pengirimannya cepat dan makanan selalu sampai dalam kondisi baik yang paling bikin senang adalah promonya melimpah ada diskon kilat dan potongan ongkir lewat grabunlimited yang bikin belanja jadi jauh lebih hemat
1474,Pengguna Google,1,2026-07-09 08:19:29,masa login harus pake wajah padahal kode verif sudah masuk di wa terus pas disuruh pake wajah malah gagal jadinya hilang akun gua aplikasi dajjal
1475,Pengguna Google,1,2026-07-09 08:09:29,baru pertama kali pake sekalinya dapat driver buat ambil barang lamanya minta ampun aplikasi sebelah rata rata 40an menit sampe ini sampe 2 jam lebih ditelfon ga ngasi alasan apapun barang keburu ditunggu mo dipake ga sampe sampe mau diambil di tengah tengah juga ga direspon kapok gw pake baru pertama kali pake aplikasi ini membuat pdapet pengalaman seperti ini
1476,Pengguna Google,5,2026-07-09 07:35:10,tepat waktu bener bener msh fresh makanan sehat msh panas dan kemasan higienis
1477,Pengguna Google,5,2026-07-09 06:55:11,z abang nya baik ramah perjalan nya pun nyaman thebase deh buat bang ojol nya
1478,Pengguna Google,5,2026-07-09 06:23:18,greb naik uang belnj n gak naik naik pusing
1480,Pengguna Google,1,2026-07-09 06:12:59,aplikasi gajelas mending pakai gojek aja
1481,Pengguna Google,4,2026-07-09 05:49:25,makin lama pakai makin g jelas d batalin trus sama driver ny gmna sih org lagi buru
1482,Pengguna Google,1,2026-07-09 03:57:42,aplikasi ga jelas orang udah rela bayar ongkir mahal mahal biar cepet sampe yang di pesen malah sering lambat lama banget lagi terus ga ada pertanggungjawaban orang minta batalin malah di suruh ganti kurir aja sumpah ngeselin bgt
1483,Pengguna Google,4,2026-07-09 02:52:22,enak cuma sayang ayam nya gede tepung sambel nya sedikit jadi kurang puas sama sambelnya
1484,Pengguna Google,5,2026-07-08 23:38:50,grab paling enak mau belanja makanan mau bepergian paling nyaman bintang
1485,Pengguna Google,5,2026-07-08 23:06:49,terimakasih buat drivernya walaupun jalannya banyak portal tetapi tidak banyak mengeluh
1486,Pengguna Google,4,2026-07-08 20:28:19,kenapa kami driver di papua sudah tidak pernah dapat orderan grab hemat nego ini sangat berdampak pada penghasilan kami karena customer berpindah ke aplikasi lain
1487,Pengguna Google,5,2026-07-08 19:32:41,saya lebih nyaman menggunakan grab tetapi saya sering mendapatkan driver motor yang kendaraannya tidak sesuai dengan yang tertera di aplikasi baik jenis motor maupun nomor polisinya saya sengaja memilih layanan yang lebih mahal agar mendapat kendaraan yang lebih nyaman tetapi yang datang justru berbeda mohon grab menindak driver yang tidak menggunakan kendaraan sesuai data dan memperketat verifikasi agar pelanggan mendapatkan layanan sesuai yang dijanjikan mohon perhatiannya ya
1488,Pengguna Google,5,2026-07-08 17:57:27,sekarang grab tdk beres selfi aj susah
1489,Pengguna Google,1,2026-07-08 17:09:22,di jam jam pulang kerja jelek ga bisa masuk
1490,Pengguna Google,5,2026-07-08 16:57:19,mempermudah mesan kalo lagi mager keluar
1491,Pengguna Google,5,2026-07-08 16:22:46,tambahain metode pembayaran pakai shopeepay atau qris pliss saya kasih bintang lima agar di noticee
1492,Pengguna Google,5,2026-07-08 16:10:40,aplikasi yg sangat membantu ketika sedang lapar ataupun tidak ada jemputan
1493,Pengguna Google,5,2026-07-08 15:17:51,saya sering menggunakan jasa dari grab taxi nyaman dan terpercaya
1494,Pengguna Google,1,2026-07-08 14:20:02,mau belanja bagian alfa tulisan gratiss ongkir 0rp saat mau dicek out ada ongkir yaelah
1495,Pengguna Google,1,2026-07-08 13:59:10,sistem pembayaran grabexpress sangat diskriminatif dan tidak adil kenapa opsi pembayaran tunai cuma ada di layanan instant yang tarifnya paling mahal sementara layanan yang lebih hemat dipaksa pakai non tunai ini namanya pemerasan terselubung memanfaatkan kebutuhan konsumen gak semua orang bisa atau mau pakai ovo kartu kalau kartu debit eror karena sistem kalian yang payah membacanya konsumen malah dipaksa bayar ongkir yang mahal lewat layanan instant kebijakan yang sangat mencekik
1497,Pengguna Google,1,2026-07-08 13:52:27,gaj gw pesen grabfood pertama kali malah di cencel 2x mentang mentang diskon cu
1498,Pengguna Google,5,2026-07-08 13:21:54,grab selalu jadi andalan saya buat mobilitas sehari hari aplikasi sangat stabil jarang crash dan yang paling penting adalah kecepatan dapet driver nya fitur tracking nya akurat jadi saya bisa pantau perjalanan dengan tenang sangat membantu di tengah kesibukan kota
1499,Pengguna Google,3,2026-07-08 12:43:40,kok aku nggak bisa ganti metode pembayaran ya error terus
1500,Pengguna Google,1,2026-07-08 12:09:06,saya masuk jam 12 30 pastikan pesanan datang jam 12 15 maksimal kalau tidak saya tidak akan ambil pesananya dan itu masuk order fiktif jam 12 30 saya tidak pegang hp lagi tolong jangan pake bot saya jadi gabisa komunikasi mau batalin pesenan daripada jadi order fiktif
1501,Pengguna Google,5,2026-07-08 12:00:43,sangat membatu klw lagi mls keluar
1502,Pengguna Google,5,2026-07-08 12:00:13,pelayanan dari grab nya baguss ker n
1503,Pengguna Google,1,2026-07-08 11:59:10,promo hilang harga semakin naik mending pindah ke yang lain
1504,Pengguna Google,5,2026-07-08 11:03:45,bolehlah buat yg ga punya ewalet bisa tunai
1505,Pengguna Google,5,2026-07-08 11:03:44,pengemudi ramah dan sopan dan entengan
1506,Pengguna Google,1,2026-07-08 11:02:28,driver kalau sudah kenak time hujan semua xde respon respon untuk driver xde sikit pun semua driver di apk ini mau kena enak je babi
1507,Pengguna Google,5,2026-07-08 08:06:28,alhamdulillah aplikasi ini sangat membantu kerja saya ketika nganter anak anak sekolah saya merasa aman terjaga nya mendapatkan driver yang baik baik ramah murah bike hemat senyum jujur
1508,Pengguna Google,3,2026-07-08 06:53:04,kebanyakan saya dapat drivernya jauh bisa tunggu sampai dengan 7 menit sedangkan teman2 saya lainnya kebanyakan dapatnya yang dekat2
1509,Pengguna Google,2,2026-07-07 23:26:42,kenapa sekarang kalau pesen grab engga bisa pilih motor tolong dong bantu buat cs kalau pesen grab bisa pilih motor apa yg kita mau
1510,Pengguna Google,5,2026-07-07 23:25:03,aplikasi terpercaya serta driver dan transportasi yg nyaman
1511,Pengguna Google,3,2026-07-07 22:11:55,mau nanya bisa cash engga ini
1512,Pengguna Google,1,2026-07-07 21:55:15,ini sistem pembayaran kenapa ya saya tidak bisa menggunakan mode corporate
1513,Pengguna Google,1,2026-07-07 21:12:23,aku mesan paket kalo yg ngantar grabb instan pasti g pernah sampe barang dikembalikan bodoh x driver expres grabb inii udh lah no wa nya g ad dicantumin ntah kek mana mau hubungi driver nyaa bodo
1514,Pengguna Google,1,2026-07-07 20:32:29,7 ribu setiap hari bukan hobi saya karena saya suka murah mahal saya males bosan kerja transportasi online buat iklan kok sombong seperti shopee
1515,Pengguna Google,1,2026-07-07 20:00:59,selalu terjadi bayar pake ovo setelah lihat harga total isi ovo dari m banking masuk lagi ke grab harga langsung berubah topup jadi 2x karena harga total berubah
1516,Pengguna Google,5,2026-07-07 19:59:50,incredibly reliable and efficient whether i need a ride food delivery or groceries grab always delivers the app is smooth and the rewards program is great
1517,Pengguna Google,1,2026-07-07 17:31:53,sekarang nyari grab susah kenapa susah nya malah harus perfikasi ke gth bukan nya tambah bagus malah tambah jelek harusnya memudahkan bukan menyulitkan kirain gampang perpikasi anguk anguk wajah kalo gk ada perubahan mending gua pindah alih ke gojek maxim atau in drive udah bertahun setia gunain grab malah tambah susah perpikasi ke mau pinjam uang aja kalo ada peruban bagus dan di hilangkan perpikasi gua ksh bintang 5
1518,Pengguna Google,4,2026-07-07 17:15:00,entah kenapa sekarang persen greb suka lama jadi saya kasih bintang empat aja
1519,Pengguna Google,5,2026-07-07 15:50:06,sangat bagus dan gampang cari driver nya terimakasih banyak
1520,Pengguna Google,5,2026-07-07 15:42:04,aplikasi yang berguna untuk semua kebutuhan
1521,Pengguna Google,1,2026-07-07 15:26:44,saldo ovo saya hilang saat saya uninstal lalu instal ulang susah sekali dapat driver kalo pas kasusnya pakai tunai grab suck terus ini kenapa tiap mau isi pulsa selalu sus h bgt layanan tidak ada terus menwrus
1522,Pengguna Google,5,2026-07-07 15:17:19,solusi kalo lagi laper tinggal pesen aja
1523,Pengguna Google,5,2026-07-07 14:30:31,bantu pelajar banget si top deh lebih murah dari ojek offline yg aku sukaa jalan ke pangkalan kalau ini jadi tinggal tunggu terimakasih ya
1524,Pengguna Google,5,2026-07-07 14:04:58,mantap trimakasih selalu hati antar jemput mengutamakan keselamatan sekali
1525,Pengguna Google,5,2026-07-07 13:48:41,supra x merah biasa mangkal tanah kusir sekitarnya belakang nomor smz kalo punya otak dan gak berpendidikan gak usah ngegrab ngomong kasar ke cw tolong di blacklist
1526,Pengguna Google,5,2026-07-07 13:03:47,maxim jaya jaya enakan naik maxim
1527,Pengguna Google,1,2026-07-07 13:01:17,gajelas mau login lg pin sudah benar tp tetep tidak bisa masuk anehh
1528,Pengguna Google,1,2026-07-07 12:56:15,pesen grabfood iya sih salah saya juga pakai pengantaran hemat tapi sudah 1 setengah jam lebih masih tertulis terlambat restoran sedang menyiapkan dan waktu estimasi terus di tambah kalau semisal akan selama itu jangan adain dong ini juga sama bayar pakai uang atau memang estimasinya 2 jam untuk pengantaran hemat
1529,Pengguna Google,4,2026-07-07 12:54:32,kasih keterangan dan tambahkan detail pemberhentian kalo mitra kalian dobel order food jadi kita bisa tahu kalo pesanan kita dimana kalo driver dobel order
1530,Pengguna Google,1,2026-07-07 12:34:14,bisa gak sih kalo orderan 2titik 3titik yg searah aja dan dikelompokkan mana yg harus cepat sampai mana yg bisa bertahan lama masa saya makan mie dingin gak enak sama sekali selesainya pertama dipick pertama tapi pengantarannya kebagian terakhir mana telat lagi dri estimasi waktu
1531,Pengguna Google,5,2026-07-07 12:01:41,supir jln nya ga ngebut sesuai titik aplikasi
1532,Pengguna Google,1,2026-07-07 11:51:24,udah berkali kali daftar gk bisa bisa smpek jengkell beda bngt sm apk lain
1533,Pengguna Google,5,2026-07-07 11:42:58,pakai grab lebih banyak promonya manta
1534,Pengguna Google,5,2026-07-07 10:14:12,untuk driver mitra sebaiknya di buatkan satu regulasi yg sifatnya bisa mengikat terutama terhadap jarak antar ataupun harga promo hemat dari pengalaman saya jika saya ambil paket car hemat tambah jarak tempuh tidak begitu jauh diver grab selalu riject tolak padahal aplikasi sudah berjalan dan orderan sudah diver terima dari sudut pandang saya selaku konsumen pengguna jasa ini sangat kecewa karena bukan hanya satu driver yg me riject saya pernah lebih dari 10 driver thankyou
1535,Pengguna Google,1,2026-07-07 07:52:13,ada fitur qris tp bisa di alihkan ke tunai kan driver malah nyolot bilang ga bisa nnti klo di batalkan marah jg kok ke tunai ga bisa
1536,Pengguna Google,1,2026-07-07 07:41:39,terlalu banyak gangguan aplikasinya apalagi kalau hujan susah banget cari driver nya titik lokasi selalu tidak sesuai padahal udah minta di perbaharui buat grab tidak ada niat untuk memperbaiki aplikasi gtu
1537,Pengguna Google,1,2026-07-07 04:04:58,promo makanan ga ada padahal udah langganan unlimited trus pembatalan berlangganan uang tidak dikembalikan nipu bgt
1538,Pengguna Google,1,2026-07-07 03:47:04,semakin hari semakin lemot aplikasi berat kebanyakan menu
1539,Pengguna Google,1,2026-07-07 00:46:33,aneh nih aplikator jadi g bisa login tiba di tangguhkan padahal saya merasa tidak berbuat hal yang merugikan ini bagaimana kelanjutannya kok tidak ada tindakan sih dari cs nya sudah sesuai arahan masih belom bisa di pakai
1540,Pengguna Google,5,2026-07-07 00:01:09,terimakasih grab sudah membantu saya dari pelanggan yang tidak bertanggung jawab tidak bayar dan mencuri helm saya pelangganya bernama haris fadilah semoga makin sukses tim grab
1541,Pengguna Google,1,2026-07-06 23:35:11,masa saya pesan grab gada yang datang gimana si
1542,Pengguna Google,1,2026-07-06 21:47:19,ongkir ga ngotak mahal bgt pdhl deket ongkir setara 1 liter bensin lebih promo nya minim ga kaya g0jk
1543,Pengguna Google,1,2026-07-06 21:45:01,benc bgtt masa tiap jam 9 malem gada yg mau terima orderan gue
1544,Pengguna Google,3,2026-07-06 21:40:29,2 kali naik grab 1 kali di sasarkan drivernya ngeyel ya dia yg benar padahal maps dia ngaco 1 lagi di paksa pake helm cuma lama 7 menitan doang dari karet ke rs jkt dia marah bukanya ngebantu ngenselin kalo aku kurang paham gimana caranya ngengsel dia ga mau ngebantu ngenselinlewat hp aku malah hah bener 2
1545,Pengguna Google,2,2026-07-06 20:55:39,coba di perbarui lagi kasih pemberitahuan di aplikasi custamer kalau driver dapat orderan dobel otomatis biar custamer gak tau harus menunggu agak sedikit lama
1546,Pengguna Google,5,2026-07-06 20:25:08,harga bersahabat aman disaku dan perjalanan
1547,Pengguna Google,3,2026-07-06 20:22:47,di update malah gabisa dibuka apk nya gmna dah pdhal lagi mesen makanan duitnya udh kepotong lagi
1548,Pengguna Google,3,2026-07-06 20:15:38,kli scrol lama kok malah jdi lemot
1549,Pengguna Google,5,2026-07-06 19:50:08,sbnernya gk usah ada apk ini ya driver nya minta 200rb pdhl d apk 53rb lokasi area parungkuda cicurug driver nya mnta uang tambahan mulu syg nya gk bsa krim ulasan lwat poto pdhl sya ss chatnya mreka haduh parah
1550,Pengguna Google,5,2026-07-06 19:35:54,layanan cepat ramah serta nyaman
1551,Pengguna Google,1,2026-07-06 19:24:45,saya tidak tahu kesalahan saya apa tapi sudah bbrp kali akun saya ditangguhkan saya tidak membatalkan pesanan apapun tapi mengapa kaun saya di tangguhkan
1552,Pengguna Google,5,2026-07-06 19:15:01,grabfood grabcar dan grabexpress lengkap ada grabrewards grabpaylater dan fitur keamanan share trip ke keluarga
1553,Pengguna Google,2,2026-07-06 18:00:41,kenapa klo dipakai di jkt lama bgt datangnya yaampun wasting time bgt sering dicancel jg sama drivernya bikin emosi
1554,Pengguna Google,1,2026-07-06 17:46:15,bintang 1 gila yahh masa saya beli pulsa sama data lewat apk ini sudah bayar juga lewat ovo ada riwayat pembayarannya juga dan disitu sudah terbayar kok saya malah tiba aja sy dapat tagihan dari hal tersebut katanya sy gak bayar gimana ceritanya tuhh gila yahh mau laporan juga di apk gak bisa ke akses malah ke chat bot gw maunya langsung tanya ke cs nya tpi gw juga gak tau buat bisa chat an sama cs hadehh untuk sekarang bintang 1 dlu klo masalah ini teratasi dengan baik saya kasih bintang 5 deh
1555,Pengguna Google,1,2026-07-06 16:55:59,setiap kali hujan meskipun cuman rintik rintik aplikasi grab langsung membusuk
1556,Pengguna Google,1,2026-07-06 16:42:39,balikin grab diskon nya sekarang semenjak ga ada grab diskon malah susah dapet orderan
1557,Pengguna Google,5,2026-07-06 16:17:05,terimakasih sangat memudah untuk bepergian dan murah
1558,Pengguna Google,1,2026-07-06 16:13:12,akhir2 ini mahalnya nggak ngotak jadi beralih ke maxim dan gojek bye grab
1559,Pengguna Google,1,2026-07-06 15:50:40,susah dapat pengemudi padahal dah pilih prioritas tetep aja gaada yg nangkep
1560,Pengguna Google,1,2026-07-06 15:43:59,sy kecewa dengan grab premium sy ber 5 dari stasiun whoosh jemput di grab point ambil premium tidak ada driver mau ambil bagaimana itu grab sy ambil premium untuk nyaman karena premium tidak ada 5 orang xl plus mblnya kurang nyaman akhirnya sy pakai silver bird capee deh udh langganan dr jaman uber ke grab kecewa berat sama grab
1561,Pengguna Google,1,2026-07-06 15:23:10,berapa minggu terakhir ini untuk masuk ke home nya sangat susah padahal sebelumnya oke saja
1562,Pengguna Google,1,2026-07-06 15:14:17,ngga usah tambahin fitur insiden bikin performa resto menurun di jadikan bahan menjatuhkan oleh saingan dagang mending fiturnya hapus
1563,Pengguna Google,2,2026-07-06 14:23:51,lelet saat di buka padahal jaringan udah bagus berharap mau cepat jadi gak mood karena aplikasi lama di buka saran perbaiki ke leletan itu
1564,Pengguna Google,5,2026-07-06 14:14:55,keren sangat membantu sekali semoga makin berkbang dan sukses
1565,Pengguna Google,1,2026-07-06 12:39:14,udah langganan vip tapi ga ada promo apapun ga kepotong jga hadeu
1566,Pengguna Google,1,2026-07-06 09:41:43,maksdnya apaa sih akhir2 ini pake aplikasi gra lemot banget performanya klo maslaah kuota buka aplikasi lain lancar2 aja mau peseb makan mau pasrn kendarann jadi susahh padhal udah lama pake grab tolong ini perbaiki
1567,Pengguna Google,4,2026-07-06 09:21:03,tahun 2024 hp ibu ketinggalan di grab tapi katanya sudah dikembalikan dititip ke orang lain padahal kan bisa telpon nomor anaknya di hp kebetulan nggak pakai sandi hilang deh hpnya hari ini aplikasi eror saat pemangilan dan ternyata pembayaran pakai ovo tak kirain pakai tunai karna tidak bisa dibuka pas bayar tunai eh grab motornya malah ambil tidak menanyakan ini buat apa uangnya ibu kan bayar pakai ovo dulu juga pernah eror grab motornya orang jujur bilang pakai ovo bu
1568,Pengguna Google,5,2026-07-06 08:41:12,terima kasih grab sangat membantu untuk saya pribadi drivernya ramah dan sangat sopan
1569,Pengguna Google,5,2026-07-06 08:13:13,this grab app helps me to go anywhere without worry about the vehicle
1570,Pengguna Google,5,2026-07-06 07:58:40,mksh perjalanan nyaman dn tepat waktu
1571,Pengguna Google,3,2026-07-06 07:56:44,kurangi driver yg ogah ogahan yg 10 menit gak gerak gerak habis waktu orang saja
1572,Pengguna Google,1,2026-07-06 06:19:09,cs sangat sulit dihubungi driver saya mogok dan melakukan pengisian bensin sedangkan saya pakai yang prioritas saya maklumi setelah isi bensin alasannya mogok tidak ada jalan keluar yang ditawarkan oleh driver saya coba hubungi customer service grab tapi sulit sekali dihubungi dan sama tidak ada jalan keluar yang diberikan hanya memberikan teguran kepada driver saja saya tunggu lebih dari 1 jam tapi akhirnya saya harus keluar modal kembali untuk pesan express menjemput pesanan grab saya
1573,Pengguna Google,5,2026-07-06 05:23:49,sangat ramah dn cepat terimakasih dn sukses slalu buat grab
1574,Pengguna Google,5,2026-07-06 04:38:39,cara batalin pesanan yg ada d keranjang grab food gmn sih
1575,Pengguna Google,3,2026-07-05 22:08:22,saya pakai hp samsung s25 aplikasi sering hilang respon lemot banget mesti refresh berkali kali sampai mesti restart hape
1576,Pengguna Google,1,2026-07-05 21:50:12,teruntuk customer tolong kalo mau pesen makanan milih resto jangan terlalu jauh bangt tolong
1577,Pengguna Google,3,2026-07-05 21:40:47,pesen grab s d daerah mawai tdk bsa
1578,Pengguna Google,5,2026-07-05 21:28:59,grab yang terbaik yuk kerjasama bareng dana
1579,Pengguna Google,1,2026-07-05 20:36:42,driver grab suka x cancel susah nyari driver pdhl gda hujan lokasi resto deket mending pindah gojek aja lgsg dpt drivernya
1580,Pengguna Google,5,2026-07-05 18:28:59,sangat bagus saya apresiasi apk ini ge 5
1581,Pengguna Google,5,2026-07-05 18:18:14,aplikasi grab sangat membantu ongkosnya murah cepat dan responsif
1582,Pengguna Google,1,2026-07-05 17:55:17,sudah 3x pesan mobil 1 selalu di minta dinonaktifkan aplikasinya sama driver maunya offline 2 akhirnya nanti minta bayar lebih dari aplikasi 3 tolong dong para oknum ini segera ditindak karena saya sudah lebih dari 2x 4 driver selalu ngeluh kepada konsumen karena potongan uang dari aplikasi ataupun harga bensin naik
1583,Pengguna Google,4,2026-07-05 15:33:30,uda lama bgt pakai app grab secara keseluruhan puas dgn fasilitas maupun macam pilihan yg ada di grab tapi tolong diperbaiki kualitas para driver keseni2 byk driver ga punya etika ini sering bgt nemuin order food dan mart driver byk ngeluh chat yg ga pantes sama konsumen uda seenaknya maki2 cancel gtu aja
1584,Pengguna Google,1,2026-07-05 15:23:59,pesanan saya tiba tiba di batalkan dan bahkan gk bisa nemu nemu grab mobilnya saya sudah menunggu lama padahal
1585,Pengguna Google,5,2026-07-05 14:23:14,suka bg pelayanannya baguss dan baikk waktu itu barangku tertinggal terus lapor pihak grab gercep buat bantu terimakasih
1586,Pengguna Google,1,2026-07-05 13:45:34,tolong dong untuk driver mobil kalo memang harga gak masuk dirubah dari pusat grab nya jadi gak ada yg pake nego dengan harga dua kali lipat
1587,Pengguna Google,1,2026-07-05 12:27:32,driver grab kebanyakan pemain klo gak niat narik jangan narik kbnyakkan drama
1588,Pengguna Google,3,2026-07-05 10:46:14,grab setelah di update ongkos nya lebih mahal antara jarak dekat sama jarak yg jauh ongkos nya hampir sma
1589,Pengguna Google,4,2026-07-05 09:49:32,tarif grab sejak bbm pertamax naik jadi lebih mahal biasanya dr bekasi barat ke cikarang rp 98 skrg jadi rp 190 kenaikan ny hampir 100 utk sementara ini saya tdk bisa menggunakan aplikasi grab jika tarif ny trllu mahal
1590,Pengguna Google,1,2026-07-05 09:15:13,bagus sihh gampang tapi ko setiap di desa susah banget buat dapet pengemudi aga kecewa sihh
1591,Pengguna Google,3,2026-07-05 09:05:26,terkadang nyari driver nya susah banget di saat lagi buru buru eh malah gak dapet alhasil telat karna nunggu driver doang pernah juga nunggu driver nyampek setengah jam gak nyampek nyampek padahal di notif udah dekat selalu di tungguin gak sampek sampek tolong di perbaiki ya
1592,Pengguna Google,1,2026-07-05 08:46:57,uninstall sangat sangat kecewa dengan sikap supir yg sombong dan songong masa bilang orang kampung ke penumpang
1593,Pengguna Google,5,2026-07-05 07:42:27,grab is an app that makes pick up and drop off easy very good
1594,Pengguna Google,2,2026-07-05 05:27:02,susah amat daftar nya kode veribikasi nya gk kluar
1595,Pengguna Google,5,2026-07-05 04:51:43,layanan jasa antar jemput yg sangat membantu
1596,Pengguna Google,1,2026-07-05 02:47:12,mulah mahal mobil rusak waktu datang bauk kecing
1597,Pengguna Google,1,2026-07-05 02:38:56,mitra mu loh mau aja dibodoh in penipu gampang tergiur sama uang akhirnya saya kena imbasnya
1598,Pengguna Google,1,2026-07-04 23:04:31,aplikas kurang aja ngela tru padahll sinyall bagu male
1599,Pengguna Google,2,2026-07-04 22:32:28,ngebug gabisa pencet pesan makanan sudah dicoba berkali kali sampai di uninstall ulang sama aja tolong diperbaiki dong
1600,Pengguna Google,1,2026-07-04 21:42:24,kalau driver lama ga dikasih kompensasi
1601,Pengguna Google,5,2026-07-04 20:46:48,melayani dg baik komunikasi yg terarah sehingga menambah pengetahuan semga lancar rezekinya grand k
1602,Pengguna Google,5,2026-07-04 20:10:07,nyaman dan tetep dilayani dg baik meskipun pake grab hemat ada sedikit saran agar tidak terlalu lamaa menunggu nya menunggu mobil terdekat bisa sampai 15 menit
1603,Pengguna Google,1,2026-07-04 20:07:12,order grab mart ada item yg tidak terkirim seharga rp 42900 di refund cuma rp 14690 sy mau minta dikirim ulang tp cs susah dihubungin makan dah tuh mata pencaharian lu
1604,Pengguna Google,5,2026-07-04 18:43:08,an app that really helps me when i want to travel offering fantastic discounts
1605,Pengguna Google,3,2026-07-04 18:21:00,tiap 3 hari harus update ganggu banget
1606,Pengguna Google,1,2026-07-04 17:23:02,saya telat naik travel karna bapaknya tidak ramah tidak menyenangkan padahal jam saya tepat waktu saya bilang tolong agak cepetan dikit tapi jawaban bpknya tidak menyenangkan
1607,Pengguna Google,5,2026-07-04 16:02:27,alhamdulillah kemana mana jadi terasa mudah dgn grab terimakasih grab
1608,Pengguna Google,1,2026-07-04 15:50:56,sering dapet driver yg suka cansel
1609,Pengguna Google,1,2026-07-04 15:35:12,saya sering dirugikan driver tapi tidak bisa lapor sekalinya lapor hanya ai yang jawab tidak menyelesaikan masalah masalah terus berulang bikin kesal
1610,Pengguna Google,2,2026-07-04 14:59:52,kalo mau mesan ksh driver yg dekat lah ini jauh jauh mulu dari tadi gimana dh
1611,Pengguna Google,1,2026-07-04 14:28:46,saya kecewa sekali ya hari ini naik grab setelah sekian lama saya uninstal saya baru instal lagi grab karna saya dapat voucher gift dr grab sebesar 25rb ternyata pengemudinya gak mau dibayar pakai voucher dengan alasan gak dapat uang dr voucher lah saya dsuruh bayar uang 25rb saya tolak lah saya gak mau emang dr grab sendiri gak di info apa suka bagi2 voucher trus mereka kemana claim nya dah supirnya ngeluh mulu sepanjang jalan emang gk syukurnya tuh supir hr ini loh kejadianya
1612,Pengguna Google,1,2026-07-04 14:21:31,masukin otp 3 kali salah mulu padahal udah bener para banget baru daftar di buat gak nyaman
1613,Pengguna Google,5,2026-07-04 10:40:04,sangat membantu saat butuh order makanan malas keluar dan banyak promonya pengemudinya jg tepat waktu dan ramah
1614,Pengguna Google,5,2026-07-04 09:52:06,sangat membantu untuk harga bisalah diturunkan dikit
1615,Pengguna Google,1,2026-07-04 09:37:34,driver nya tolong di tindak 3x aku pesan 3x juga di cancel
1616,Pengguna Google,1,2026-07-04 08:29:43,setiap sya pesan bike hemat perasan gk ada rincian asuransi knp pas sy tanya driver ada biaya asuransi dn jasa aplikasi
1617,Pengguna Google,5,2026-07-04 08:03:59,nyaman dan ssngat membsntu fi setiap perjalanan
1618,Pengguna Google,1,2026-07-04 07:43:51,ga bagus no recommended sekarang ga ada lagi sistem nego nya terus kadang drivernya juga ga amanah bad banget
1619,Pengguna Google,2,2026-07-04 07:27:04,ini gimana sih dlu pas blum update keknya mudah banget pesan grab sekarang kok dipersusah biasanya temen kirim lokasi trus kita buka dengan grab langsung bisa pesan lah ini malah ga bisa bisa nya naik grab car gimana sih
1620,Pengguna Google,3,2026-07-04 05:12:14,saya bukannya mau banyak berkomentar terkait fasilitas hemat tapi tolongkah masa mencari driver aja harus bisa sampe 10 menit lebih dibanding kompetitor yang hematnya bisa gercep langsung dapet driver apa karena kebijakan baru dari pemerintah ya jadi begini perasaan sebelum ada kebijakan tidak sebegitu parahnya dalam mencari driver
1621,Pengguna Google,1,2026-07-04 03:30:04,sistem sering eror sering loncat alamat padahal sudah pencet lokasi saat ini saya pesan dan 2x loncat sudah bayar charge juga terus karena eror 2x pas saya mau ubah yg jelas ke 3x nya malah gabisa
1622,Pengguna Google,5,2026-07-03 23:51:19,bagus dan puas pelayananya byk promonya pokoke mante aplikasinya suksess slallu
1623,Pengguna Google,1,2026-07-03 22:49:47,busuk kalau malam grabfood nggk bisa di buka
1624,Pengguna Google,5,2026-07-03 22:33:58,layanan pengiriman makanan yang praktis dan proses pemesanannya cepat
1625,Pengguna Google,1,2026-07-03 21:52:13,serius nanya gunanya pesan makanan ada menu diteruskan ke restoran apa baru nyri driver kalau pada akhir nya driver baru bakal order dari dulu gak ada perbaikan ajg masih ribet sampe lupa gw seribet dan selama ini beli grabfood sial
1626,Pengguna Google,3,2026-07-03 21:26:21,bintang 3 dulu yang jadi pertanyaan saya adalah kenapa aplikasi nya pas baru mau download ditulis aplikasi serupa mungkin tidak berfungsi di perangkat anda mohon di cek yah
1627,Pengguna Google,1,2026-07-03 21:18:27,grab knp jahat sm cewe aku jangan lah kayak gitu
1628,Pengguna Google,1,2026-07-03 21:17:04,babi aplikasi grab merchant mu susah dipake
1629,Pengguna Google,5,2026-07-03 21:08:51,bagus aplikasi ini membantu semua orng
1630,Pengguna Google,3,2026-07-03 21:04:56,pengemudi di apk sering tidak bergerak dan tidak ada respon saat dichat
1631,Pengguna Google,3,2026-07-03 20:39:31,overall bagus cuman kalau untuk daerah pinggiran suka nge lag apknya
1632,Pengguna Google,5,2026-07-03 20:02:57,sgt cepat pengantaran nya sukses selalu grab
1633,Pengguna Google,1,2026-07-03 19:44:10,awalnya bakal 12 menit lama lama jadi 22 menit di tanya ga jawab jawab ngeselin tau
1634,Pengguna Google,5,2026-07-03 19:24:31,masih digunakan untuk antar jemput online
1635,Pengguna Google,3,2026-07-03 19:01:59,masa aku pesen gojek mapsnya ga keliatan pengantaranya
1636,Pengguna Google,4,2026-07-03 18:47:40,bagus tidak usah cape pergi ke tempat makan langsung grab aja
1637,Pengguna Google,1,2026-07-03 17:57:37,udh pelit promo banget beda dengan sebelah
1638,Pengguna Google,5,2026-07-03 17:05:54,aplikasi yg sudah banyak membantu cs nya juga cepat tanggap dan sangat ramah
1639,Pengguna Google,5,2026-07-03 16:46:15,ini aplikasi berguna banget kalo tengah malam laper bisa pakek aplikasi ini terus promo nya sangat membantu jika uang tidak cukup
1640,Pengguna Google,3,2026-07-03 16:32:27,kenapa yaa setiap saya pesan motor dapatnya daerah jauh aja disitu trs titiknya kalau d lihat jrak memang dekat tpi harus memutar nyebrang lewat jembata karena kendaraannya di sebrang sungai jarak penjemputan malah lbih jauh dri jarak yg dituju sering kena cancel pengemudi
1641,Pengguna Google,5,2026-07-03 15:44:34,pengantaran sampai lebih cepat dari jam yang ditentukan
1642,Pengguna Google,2,2026-07-03 14:45:14,urusin mitra mitra lo yang bener woi sekarang nyari driver susah sekalinya dapet udah nunggu lama driver bisa seenaknya cancel lo pikir user lo semuanya pengangguran yang ga peduli ama waktu kalo ga bisa jaga hubungan mitra user eos aja sono
1643,Pengguna Google,4,2026-07-03 14:30:00,mohon pada riwayat diberi keterangan nomor plat kendaraan dan nama drivernya jadi tidak hanya tujuan asal tujuan akhir dan harganya tanggal
1644,Pengguna Google,5,2026-07-03 14:18:28,aplikasi grab sangat membantu dan sangat bermanfaat untuk semua masyarakat indonesia yang menggunakannya
1645,Pengguna Google,1,2026-07-03 12:28:00,jangan bikin double orderan di grabfood jadinya menunggu terlalu lama bikin orang customer marah marah dan sering beri bintang 1 atau 2
1646,Pengguna Google,1,2026-07-03 12:17:54,jelek bgt susah di buka aplikasi nya kadang
1647,Pengguna Google,1,2026-07-03 11:22:45,ada salah satu driver grab luxury dengan kendaraan maxus bernama madang kuswara saya tidak merecomendasikanya karna sikapnya yang arogan dan menurut saya tidak layak menjadi driver luxury ada case dimana saya sangat kesal sekali dengan driver tersebut tolong pihak grab segera menindak lanjuti driver tersebut
1648,Pengguna Google,1,2026-07-03 10:51:38,ngambil potong gede ke driver kecil driver cuma dpt 10400 potongan 20 persen dari driver jadi driver dapat 8 rb terus kalau dapat 10 order degan argo tiap order 10 rb jadi 10 rb kali 10trip dapat 100rb di potong 20 persen terus di potong lag kalau ikut hemat 20 rb per 20 order dan seterusnya parah ini makin kesini makin parah terus driver dpt apa motor punya sendiri oli ban ganti sendiri bayar stnk bayar pajak sendiri knp jadi begini makin parah grab ambil potongan dari driver 34500
1649,Pengguna Google,5,2026-07-03 10:14:59,sangat bagus sangat cocok untuk pergi kmna mana dan sangat cepat
1650,Pengguna Google,3,2026-07-03 09:48:44,aplikasinya bagus tapi iklannya jangan nyusahin dong
1652,Pengguna Google,5,2026-07-03 08:49:13,kok diskon dia lebih diskon hehehe 76x
1653,Pengguna Google,1,2026-07-03 00:40:45,suka2 pencet sendiri aplikasi ini padahal penumpang blom naik udah di ubah keturunkan
1654,Pengguna Google,1,2026-07-03 00:27:09,mau buka grab food susah mau pesen grab ride ngelag padahal buka aplikasi lain lancar aja dan paling parahnya dulu selalu hemat dan enak buat kemana apalagi buat saya pribadi yang tidak memliki sebuah motor dan mengandalkan ojek online grab ini tetapi kali ini saya benar kecewa selain aplikasi nya yang tiba lemot lelet dan banyak error serta bug nya ini paling parah promo nya yang selalu 6 500 jadi hilang dan menjadi 12 kadang 9 meskipun dekat ini benar bikin pengeluaran lbih
1655,Pengguna Google,1,2026-07-02 23:46:30,apaan ini login aja ribet mau buru2 aja susah jadinya
1656,Pengguna Google,1,2026-07-02 23:12:41,gk suka sm sekali driver sm aplikasinya
1657,Pengguna Google,1,2026-07-02 21:16:50,aplikasinya lelet dan lama orderan di gabung
1658,Pengguna Google,5,2026-07-02 21:05:57,bike hemat itu lumayan bagus cuma 7 ribu setiap hari nya
1659,Pengguna Google,1,2026-07-02 19:56:13,kurir busuk gw mesan paket instan lewat shopee gk di pick up ada 5 kurir ngambil eh gjd ngambil eh gjd niat kerja gk sih gw nunggu dr jam 11 siang sampe jam 7 gk dipick up nih gw kasih plat nomornya mau gk
1660,Pengguna Google,1,2026-07-02 19:34:46,bisa nga sih kalo food itu di batesin kadang 1 orang nganter 3 titik kalo kita dapet yang terakhir ya udah keburu nga enak makanan nya kita biar dapet yang anget malah dapet yang adem hampir 1 jam kadang baru sampe haduh haduh prioritas juga kadang sama nya
1661,Pengguna Google,5,2026-07-02 19:08:01,ko di dominos pizza nggak ada papi uno
1662,Pengguna Google,5,2026-07-02 17:50:23,suka bgt naik grab nyaman sehat terus buat bg supir ya
1663,Pengguna Google,1,2026-07-02 17:40:56,apk jelek busuk mahal tergajelas driver ga sopan semuanya buruk
1664,Pengguna Google,1,2026-07-02 17:23:53,grab sekarang kejam kasihan sama driver nya sejak potongan 8 bukan bertambah penghasilan malah di kurangin pendapatan sungguh biadab
1665,Pengguna Google,1,2026-07-02 16:45:06,jujur kecewa bgt udh 2 kali dapet driver yg jutek banget bahkan sampe blg harusnya saya ga ambil ini karena udh kejauhan ya gausa jd driver lah pak kalau gitu kita naik grab juga bayar gak gratis ga ramah samsek pelayanan nya hampir semua driver mobil respon nya ketus padahal sbg pelanggan udh berusaha ngehormatin tlg lah diperbaiki lagi pelayanan nya
1666,Pengguna Google,1,2026-07-02 15:53:46,tiba2 banget ada tunggakan nyampe 435rb dari grab car liat riwayat ga ada perjalanan aneh banget mau dipake app nya harus bayar dulu tunggakan tolong dong dibenerin ini
1667,Pengguna Google,2,2026-07-02 14:55:49,sekarang bayar grab jadi mahal nggak kaya kemarin sekarang harga nya naik
1668,Pengguna Google,3,2026-07-02 14:41:18,ah ngeselin bgt update tuh beri tanda pilihan ya sekarang atau nanti kek mau mesen karna udah buru2 mesti update dulu
1669,Pengguna Google,2,2026-07-02 14:12:11,sering bgt sh error buka grabnya
1670,Pengguna Google,5,2026-07-02 14:11:35,penghantar sngat sopan2 dan sesuai dgn jadwal
1671,Pengguna Google,5,2026-07-02 13:04:57,kalau boleh usul setiap orderan makanan wajib lunas bayar makanan lewat ovo supaya driver tidak di rugikan apalagi makanan mahal kasihan kalau menanggung orderan makanan yang di cancel mohon perhatiannya
1672,Pengguna Google,1,2026-07-02 11:57:24,seharus nya ada fitur membatalkan pesanan di 10 detik pertama agar kesumen bisa membatalkan pesanan secepatkan mungkin jika ada kesalahan waktu pemesanan dan tanpa merugikan pihak ojok dan penjual sangat merepotkan
1673,Pengguna Google,1,2026-07-02 11:50:00,awalnya ada voucher promo ongkir 10 ribu lagi mau pilih menu makanan tiba sudah hilang voucher nya padahal baru selang beberapa menit saja dan saya juga lihat kalo masa berlaku nya itu masih lama tolong kalau mau ngasih itu yg bener udh seneng dapet voucher biar nggak ada biaya ongkir eh malah tiba hilang gitu aja
1674,Pengguna Google,5,2026-07-02 11:42:29,mantap bagus tapi untuk jaket nya jika kusam tolong di ksih lagi
1675,Pengguna Google,1,2026-07-02 11:05:14,aplikasi gak jelas sinyal bagus g bisa di buka
1676,Pengguna Google,1,2026-07-02 10:19:36,buat kirim barang same day gak bisa pembayaran tunai
1677,Pengguna Google,5,2026-07-02 09:50:57,belanja semakin enak dan nyaman setelah ad aplikasi grab
1678,Pengguna Google,2,2026-07-02 09:17:06,gilak 1 juli grab mahal banget grab hemat tapi 13 rb
1679,Pengguna Google,3,2026-07-02 09:06:31,baru dua hari ini ongkos grab hemat naik dari 7 ribu menjadi 9 kenapa gan jujur kecewa karena aaya naik grab tiap hari kalau di kali kan hari kerja saya selama 24 hari kerja lebih kurang nya dalam sebulan itu saya harus nambah lagi biaya hadeuhh gan bukannya turun malah naik
1680,Pengguna Google,1,2026-07-02 09:02:47,ribet mau bayar pake qris aja hrus scan muka sedangkan kamera hp gw rusak coba di hp lain malah gabisa pake qris padahal akun sama
1681,Pengguna Google,1,2026-07-02 07:40:45,langganan sama tidak langganan gak ada bedanya sama mahal dan selalu gak ada promo jd bedanya apaan cobalah makanan mahal transportasi juga mending pindah apk percuma langganan tapi tetap rugi bayar langganan mahal terus semja harganya jg tetap mahal
1682,Pengguna Google,3,2026-07-02 07:36:52,grab hemat udah gak ada lagi ya sekarang jadi 8 lagi
1683,Pengguna Google,3,2026-07-02 07:16:39,selalu pesen sesuai tp titik penjemputan otomatis nya malah ngarah ke gg sebelah mls banget sampe sering dpet omongan dri driver titik penjemputan nya di benerin mbak gabisa otomatis mala ngarah ke gg satu nya pdhl depan rumah tu dah jalan dri gg gak masuk tikungan gg lagi mls banget tiap pesen harus bilang dlu mapping
1684,Pengguna Google,1,2026-07-02 07:04:39,waktu instal ulang mau pesan grabcar harus menambahkan kontak darurat ketika sudah ditambahkan tetap muncul item tambah kotak darurat sehingga tidak bisa pesan grabcar terhalang pop up tanbah kotak yang disayang apalah itu tolong ya pop up spt itu mengganggu kalau sudah terpenuhi masih muncul terus
1685,Pengguna Google,5,2026-07-02 06:50:54,suka aplikasi ini bisa pesan apapun
1686,Pengguna Google,5,2026-07-02 05:15:29,grab sangat membantu di saat kita butuh transportasi cepat
1687,Pengguna Google,1,2026-07-02 03:17:25,banyak sekali kekurangan di grab 1 paket hemat kalau di malam hari sekitar pukul 21 00 k atas driver mesti banyak alasan untuk kita yg batalin 2 titik penjemputan terlalu jauh dan driver byak yg keberatan dan minta d cancel padahal pakai harga yg standart dan yg yg prioritas 3 maps tidak akurat sekali yang jadi pertanyaan saya kenapa grab masih ada dan tidak d bubarin kalau driver2 nya kayak gt motor dan mobil sama aja tolong d tertibkan driver2 nya kita bayar bukan ngutang
1688,Pengguna Google,5,2026-07-02 02:53:29,mantap sangat sopan tertib santun mhn demi kepuasan driver pihak grab di sejahterakan driver masa harga tarif maps jauh dekat sama aj 12 mhn di klarifikasi tarif maps nya kasian banget para drivernya trims
1689,Pengguna Google,5,2026-07-02 02:13:36,perbaikan performa mitra bintang 5 kembali
1690,Pengguna Google,5,2026-07-02 00:56:21,jangan kasih terlalu murah untuk pengemudi karna suami saya juga driver
1691,Pengguna Google,5,2026-07-01 23:40:25,baik sopan dan rahmah is ok
1692,Pengguna Google,5,2026-07-01 23:05:59,puas bgt naik grab nyaman aman yg terpenting murah tapi ga murahan ga bkin kantong jebol pelayan ya oke bgt
1693,Pengguna Google,5,2026-07-01 22:42:16,sangat membantu di masa kini tapi tolong evaluasi fitur hemat banyak driver menyalahkan kami customer karena menggunakan fitur hemat kata mereka driver fitur hemat hanya bikin driver rugi normalnya customer jika diberikan berbagai pilihan harga akan memilih yang termurah
1694,Pengguna Google,1,2026-07-01 22:37:18,hormat kepada aplikator biaya kain lainnya malah di mahalin ahahah
1695,Pengguna Google,1,2026-07-01 22:15:35,driver grab manja sekali mau kerja enak ongkos mau banyak jadi ceo lah kelen
1696,Pengguna Google,1,2026-07-01 21:35:05,potongan untuk driver nya sangat kejam dan tidak manusiawi benar benar pemeras keringat manusia
1697,Pengguna Google,1,2026-07-01 21:24:46,beberapa driver grab buruk sekali etikanya membingungkan menunda penjemputan tapi tidak di cancel jadi penumpang bingung nunggu ternyata setelah diberi kesempatan waktu lama akhirnya di cancel dan beberapa driver tidak sabaran selalu cancel sembarangan hanya untuk menunggu 1 3 menitan aneh sekali drivernya pada ga jelas tidak beradab semua ga ada konfirmasi ga ada informasi sangat buruk drivernya buang waktu
1698,Pengguna Google,1,2026-07-01 21:15:58,saya memesan wak dower dengan menu 2 bebek bakar paket driver grab datang tergesa gesa mengatakan ada pesanan lain bawa satu pesanan lainnya saya beri intruksi ke lantai 1 gedung 2 malah nyari saya ke lantai 2 setelah itu transaksi dengan pemilik real estate mau bayar uang yang dibayar ke driver berinisial a ini sudah lengkap tapi pesanannya dituker yang dateng malah chicken salted egg with rice dengan teh manis tidak ada pertanggungjawaban yang diberikan driver berinisial a
1699,Pengguna Google,5,2026-07-01 20:31:42,pesanan cepat saya kasih bintang 5
1700,Pengguna Google,5,2026-07-01 20:30:33,sangat memudahkan untuk perjalanan tidak kepanasan tidak kehujanan super nyaman murah dan sangat terjangkau bebas polusi terima kasih grab
1701,Pengguna Google,1,2026-07-01 20:18:19,drivernya tidak sopan titik di customer driver tidak sama malah kasih rating 1 di toko google maps aplikasi tidak akurat customer yg kena masalah drivernya tidak mau di kasih penjelasan
1702,Pengguna Google,1,2026-07-01 19:37:20,baru kali ini pesen grab car dapat driver nya mengecewakan pas mau naik malah ada penumpang lain pas udah mau sampe rumah cuma g pas titik maps nya tuh driver langsung ngedumel kaya mulut emak bilangnya merasa di rugikan bilang aja klo minta uang lebih saya orang nya tau diri saya sll lebihin bayaran klo naik apa hadeeh jaman sekarang orang pada jahat y saya lgsg bayar 100rb padahal harga normal 35 500 msh ngedumel aja tuh driver
1703,Pengguna Google,2,2026-07-01 18:41:27,link pemantauan grab food dihapus itu menyulitkan saya hampir tiap hari menggunakan untuk mengirimkan pada keluarga
1704,Pengguna Google,5,2026-07-01 16:51:17,grab nya sangat ramah dan sopan
1705,Pengguna Google,1,2026-07-01 16:11:55,hapus aja klo gk jangan di download ini yg bikin rp indonesia naik
1706,Pengguna Google,1,2026-07-01 15:59:45,halo kak knp aplikasi saya stuck ya gak bisa liat map drivernya ketika pesan gofood tolong di fix dong aplikasinya
1707,Pengguna Google,1,2026-07-01 15:50:23,penipu nunggu pesanan 2 jam lebih tiba2 grab yg batalkan
1708,Pengguna Google,3,2026-07-01 15:48:11,aplikasi grab bike mahal bange padahal jaraknya deka bangett
1709,Pengguna Google,5,2026-07-01 15:44:59,grab makes daily life much more convenient booking rides is quick the drivers are usually friendly and the food delivery service is reliable i also appreciate the frequent discounts and smooth payment process
1710,Pengguna Google,4,2026-07-01 15:16:52,semoga driver selalu ramah dan baik sama costumer
1711,Pengguna Google,5,2026-07-01 15:02:22,driver nya luar biasa grab semoga tambah baik lgi
1712,Pengguna Google,2,2026-07-01 14:15:29,udh di perbarui tmbh jelek aja tampilan nya maps nya ga kliatan posisi driver
1713,Pengguna Google,1,2026-07-01 14:00:03,di grab food fitur bantuannya jelek sekali pakai chatbooth tidak ada solusi yg sesuai dengan kondisi merugikan untuk customer saya tidak mau lagi pakai layanan grab food
1714,Pengguna Google,3,2026-07-01 12:11:41,lu benerin g tu error tampilan di grabfood g keliatan map driver sampai mana
1715,Pengguna Google,5,2026-07-01 12:11:08,lebih sangan membantu pelayanan nya mantap
1716,Pengguna Google,1,2026-07-01 12:08:18,semenjak 1 juli 2026 1 saat pesan grabfood gak ada bonus gratis ongkir untuk pemesanan grabmart grabfood pesanan ke dua 2 tracking driver gaj terlihat di maps kenapa ya kok tambah mundur pelayanan nya kemarin saya udah seneng dapat gratis ongkir di pesanan kedua sekarang gak ada tolong responnya dari pihak grab
1717,Pengguna Google,1,2026-07-01 11:57:33,layanan bantuan isinya bot semua ga guna banget hapus aja tuh layanan bantuan
1718,Pengguna Google,1,2026-07-01 11:36:31,promo yang diberikan hanya sekali sehari namun tidak ada diberi tahu dalam keterangan promonya
1719,Pengguna Google,5,2026-07-01 11:35:07,grab is a very helpful app for daily activities it makes transportation food delivery and other services easier and more convenient
1720,Pengguna Google,5,2026-07-01 11:12:46,lebih cepat dari waktu nya manty
1721,Pengguna Google,4,2026-07-01 10:39:06,oke si jadi lebih mudah kemana mana tapi minusnya aku pake di indo grabpay nya bisa tapi setelah pindah malaysia grabpaynya nggak bisa jadi kalo mau pesen makan harus pakai tunai
1722,Pengguna Google,1,2026-07-01 10:32:13,kapitalis pajak mesen makan mahal bgt
1723,Pengguna Google,1,2026-07-01 10:23:18,maps benerin gmna mau liat driver nya udah sampe mana
1724,Pengguna Google,5,2026-07-01 09:21:26,very good pokoknya i love it
1725,Pengguna Google,3,2026-07-01 09:21:18,banyak tempat2 yg besar namun tidak ada di dalam lokasi terdaftar sulit untuk d pesan lokasi gk ada yg ada nyasar ogkos malh gede
1726,Pengguna Google,5,2026-07-01 09:02:23,respon dan kedatangan penjemputan tepat waktu
1727,Pengguna Google,4,2026-07-01 08:20:38,bagus apk nya tapi kenapa lokasi saya di singapura teru
1728,Pengguna Google,1,2026-07-01 07:53:16,tidak bisa dibuat pesan saat situasi mepet jadi telat karena dia ngebug
1729,Pengguna Google,3,2026-07-01 07:50:20,kalo mau pesen grab lemot banget
1730,Pengguna Google,3,2026-07-01 07:44:11,kadang mapnya berubah2 di map abangnya udah deket tiba2 menjauh jaraknya di awal 2 menit tiba2 4 menit terys 5 menit abis itu 9 menit kocak
1731,Pengguna Google,1,2026-07-01 07:24:12,ini semenjak update terakhir kok jadi error
1732,Pengguna Google,1,2026-07-01 05:38:13,kalau toko tutup itu di close lah pemesana ya stre ini saya pesan dah lamaa ternyata toko tutup stre
1733,Pengguna Google,3,2026-07-01 05:27:40,aplikasi lemot bgt mau nyari titik tujuan lama bgt padahal jaringan saya lancar tolong perbaikannya utk developer
1734,Pengguna Google,1,2026-07-01 01:13:14,aplikasi mudah eror kurang top lah masa pesen makanan ampe 3 jam gila aplikasinya
1735,Pengguna Google,5,2026-07-01 00:41:47,grab delivers reliable transportation food delivery and financial services making everyday life more convenient for its users
1736,Pengguna Google,5,2026-07-01 00:28:03,pelayanan bagus saran upgrade map nya
1737,Pengguna Google,5,2026-06-30 23:47:49,jujur grab udah jadi aplikasi yang sering banget aku andalkan mau pesan kendaraan makanan atau kirim barang semuanya praktis dalam satu aplikasi driver yang aku temui juga ramah proses pesan cepat dan banyak promo yang bikin lebih hemat fitur pelacakan real time juga ngebantu banget jadi lebih tenang nunggu pesanan sejauh ini pengalaman pakainya selalu memuaskan
1738,Pengguna Google,1,2026-06-30 22:52:52,gak jelas aplikasinya masa gw pesan grabfood jam 19 00 sampe jam 23 00 mlm gk ada yng nerima orderanku kalo emng gk bisa langsung di batali jangan sampe gw nunggu lama anjirr sangat mengecewakan
1739,Pengguna Google,3,2026-06-30 22:28:53,maaf banget yaa aku ga pernah bermasalah apapun sama abang grab sebelumnya bahkan kadang aku kasih lebih tapi hari ini beda banget aku pesen tapi ga tau kenapa ke cancel sendiri and abangnya tetep datng aku udh jelasin pelan2 kalo itu bukan aku and tetep make jasanya karna ga enak cuma dia ga minta harga promo yang harusnya sesuai karna pesenan aku tpi dia maunya harga bike standar aku ga masalah si ngasih lebih cuma tetep aja ga sesuai harga yang aku pesen apalagi caranya gitu
1740,Pengguna Google,5,2026-06-30 22:14:10,nge bug pesanan sudah diambil tapi tampilan masih di jam pasir saya jadi ga bisa nge lacak pesnan saya sampai mana
1741,Pengguna Google,4,2026-06-30 21:54:31,knp skrg klo pesen grebfood setelah pesan gak bisa lacak pesanan kaya susah bgt tau2 didepan rmh aja bikin nungguin jdnya krn gak tau posisi driver
1742,Pengguna Google,3,2026-06-30 21:51:02,beberapa kali aku hapus dan instal ulang karena pas pesan go ada tanda apa layar error tolong ini kenapa kasian kurir yg ngntar jd sulit krna kendala ini
1743,Pengguna Google,1,2026-06-30 21:21:59,tarif grabfood berubah ubah tiap menitnya semoga ada kompetitor baru supaya grab segera bangkrut
1744,Pengguna Google,1,2026-06-30 21:20:49,semoga kedepan grabfood tidak membuat customer menunggu berjam2
1745,Pengguna Google,1,2026-06-30 20:46:07,harga makan cuma 17 jadi cuma 26 padalah ongkir uda terlalu mahal ongkir 5k tpi total lebih sendiri ga ngotak harganya
1746,Pengguna Google,1,2026-06-30 20:43:21,saya pesan grabfood tidak bisa cek pesanan selalu gambar jam pasir tolong benahi bug nya
1747,Pengguna Google,3,2026-06-30 20:21:44,knp punya sy muncul jam pasir trs
1748,Pengguna Google,1,2026-06-30 20:07:43,saya tidak bisa batalkan pesanan gara2 resto tutup tidak ada cs yg bisa dihubungi
1749,Pengguna Google,1,2026-06-30 19:55:04,aku rating ulang lagi ini apk makin banyak erornya
1750,Pengguna Google,1,2026-06-30 19:49:53,merchant membatalkan pesanan tp pihak grab tidak melakukan pengembalian uang saya yg tertahan sudah lama 2 minggu kebutuhan orang beda2 tolong kembalikan segera
1751,Pengguna Google,1,2026-06-30 19:33:02,jelek bgt nih apk orderan saya suka dibatalin sama drivernya knapa ya karna murah kah lah terus ngapain ada promo kocak
1752,Pengguna Google,5,2026-06-30 19:04:40,baik bagus dan meringankan kan bagi yang membutuhkan
1753,Pengguna Google,5,2026-06-30 18:54:13,grab adalah aplikasi serba bisa asal singapura yang populer banget di asia tenggara layanannya mirip gojek ada grabcar grabbike buat transportasi grabfood buat pesen makan grabexpress buat kirim barang dan grabmart buat belanja groceries fitur andalannya ada grabrewards buat kumpulin poin tiap transaksi yang bisa dituker diskon atau voucher sering ada promo kode grabfood
1754,Pengguna Google,1,2026-06-30 17:30:52,pesan mie gacoan harus nunggu estimasi 1jam koca padahal restonya udh ga rame heran aku kecewa
1755,Pengguna Google,3,2026-06-30 17:29:34,sering di tolak kalo pake hemat mnding hpus aja fitur hemat nya
1756,Pengguna Google,5,2026-06-30 17:28:29,saya merasa lebih mudah untuk melakukan hal apapun
1757,Pengguna Google,5,2026-06-30 17:16:41,sejauh ini blum ada kendala nyaman nyaman aja dengan adanya aplikasi ini sangat membantu sekali terimakasih buat grab
1758,Pengguna Google,3,2026-06-30 16:04:56,driver emang cuman bisa marahin costumer ya untuk di minta tolong aja costumer di maki maki padahal bayar sesuai dengan aplikasi
1759,Pengguna Google,2,2026-06-30 15:47:28,gajelas map di driver nya suka keubah ubah sendiri jadi rumit ga sesuai tujuan
1760,Pengguna Google,5,2026-06-30 15:41:13,tolong sediakan blacklist kurir karna aplikasinya bagus kurirnya saja kadang ga bagus
1761,Pengguna Google,5,2026-06-30 14:47:33,sangat baik trima kasih mas grab sukses slalu aamiin
1762,Pengguna Google,1,2026-06-30 14:27:54,ini kenapa tiba udh order notif udh dpt driver malah ada notif tambahan layanan kocak poo mau meras customer kah ini makin hari makin ndk jls
1763,Pengguna Google,1,2026-06-30 13:49:13,sekarang pesan apa apa ngk ada konfirmasi dulu ngeselin mau di batalin ngk bisa
1764,Pengguna Google,2,2026-06-30 13:12:24,apdet terus cari penjual makanan terdekat malah di arahkan yang jauh yang dekat tidak muncul t43k
1765,Pengguna Google,3,2026-06-30 12:13:57,saya turunin karena sekarang klo buka aplikasi loading lama bener menunya
1766,Pengguna Google,5,2026-06-30 09:21:14,bagus tlng bantu saya saya ingin keluar pgn pakek grab krna gk ada yang nganterin
1767,Pengguna Google,5,2026-06-30 09:14:10,platform transportasi online yang menyediakan layanan perjalanan pengiriman makanan belanja hingga pembayaran digital
1768,Pengguna Google,1,2026-06-30 09:02:59,promo hilang karena keluar aplikasi aneh
1769,Pengguna Google,3,2026-06-30 09:00:30,saya tidak bisa login akibat capture muka tidak berdelay sehingga gagal 3 kali lalu tidak bisa login
1770,Pengguna Google,1,2026-06-30 03:09:43,tadinya saya suka pakai jasa grab karena banyak promonya dan sekarang gegara seliweran promo di hampir semua medsos yang foto atau orang berkumis apalagi pas promo makanan jujur sy eneg dan pengen muntah tengoknya jijik banget itu dan saya ilfeel dengan grab sekarang
1771,Pengguna Google,1,2026-06-30 01:18:16,ga becus nyari driver manja semua ga ke aplikasi sebelah
1772,Pengguna Google,5,2026-06-30 01:14:16,sudah menggunakan grab cukup lama dan sangat puas pemesanan kendaraan mudah pengantaran makanan cepat dan aplikasinya stabil sangat direkomendasikan
1773,Pengguna Google,1,2026-06-29 23:40:39,kepada pihak perusahaan grab kalian itu jangan rakus kali buat kasih potongan ke kas kalian
1774,Pengguna Google,1,2026-06-29 23:39:43,kalau kita yg batalkan tarif terus naik kalau driver yg batalkan gemana lama mau memonopoli
1775,Pengguna Google,1,2026-06-29 22:38:07,yang punya pinjol terutama julo superbank dan amar mending uninstall karena terkait perlindungan privacy dan sebar data
1776,Pengguna Google,5,2026-06-29 22:31:06,bagus bgt co keren apk nya
1777,Pengguna Google,1,2026-06-29 21:41:07,tolong iklan nya jangan muncul pas lagi main
1778,Pengguna Google,1,2026-06-29 21:32:19,minim jastip untuk apk ini terlalu susah untuk mendapatkan jastip lama d proses 1 jm sendiri blm dapet terus untuk jaringan susah terlalu sering memuat jaringan padahal kuota banyak tolong d perbaiki lg untuk apk ini
1779,Pengguna Google,5,2026-06-29 21:01:20,very convenient for daily transportation and food delivery the service is reliable and the app is easy to navigate
1780,Pengguna Google,1,2026-06-29 20:58:28,dana saya blm balik sdh seminggu kt a 3 hari otomatis langsung masuk lg ke kartu visa saya tp sdh 6 hari blm masuk chat sm cs gk ada solusi ngulang gitu terus
1781,Pengguna Google,5,2026-06-29 20:50:49,terima kasih atas pelayanan yang diberikan kepada saya
1782,Pengguna Google,5,2026-06-29 20:40:24,mantapp betull diskon belanjaan nya bukan main
1783,Pengguna Google,5,2026-06-29 20:24:16,favourite app so easy to go anywhere you want
1784,Pengguna Google,1,2026-06-29 19:18:27,sistem pembayaran ribet dan hanya beberapa opsi wkwkw
1785,Pengguna Google,5,2026-06-29 19:11:25,bagus bgt siip lahh sukse trus untuk semua tokonya dan ms grabnya
1786,Pengguna Google,5,2026-06-29 18:16:21,deviasi titik jemputnya mencapai puluhan mete
1787,Pengguna Google,5,2026-06-29 17:21:27,sangat membantu dalam kehidupan sehari hari
1788,Pengguna Google,1,2026-06-29 17:06:48,ga sopan di tanya baik baik malah nyolot mau ninggalin anak orang di titik yang ga seusai bahaya ini kalo anak gw knp knp gmn ini bahkan ga pantes dapet bintang 1 harusnya grab kalo ngerekrut orang itu yang bener bener punya pendidikan
1789,Pengguna Google,2,2026-06-29 16:17:30,bug trs ih klo di update aneh
1790,Pengguna Google,1,2026-06-29 15:39:56,apk grab skrng gk bisa pesan kendaraan dari sharelok langsung jadi ribet
1791,Pengguna Google,5,2026-06-29 15:10:20,bagus sih tapi pas mendung dikit harganya langsung naik mahal banget apalgi pas mau berangkat sekolah yang hujan nya udh selesai driver pada gamau ngambil
1792,Pengguna Google,2,2026-06-29 14:19:46,saya sangat kecewa dengan grab purwodadi grobogan kalo dari stasiun ngrombo ke desa saya pulongrambe pasti minta di batalin kol ngak minta naik 150rb padahal di aplikasi cuma 102
1793,Pengguna Google,1,2026-06-29 13:33:12,gk bisa login sms atau wa gk dapet kode verifikasi nya udh berkali kali gk dikirim
1794,Pengguna Google,1,2026-06-29 13:30:40,aplikasi apa ini dikira saya main pesan makan disepelekan sekali orang sekarang pada gamau uang tunai apa saya juga bayar dikira pesan terus makan gratis doang gitu apa apasih kalo emang gada yang antar makanan saya mending bilang dari awal ini udah dipesan terus katanya 15 00 15 26 sudah selesai buktinya estimasinya di undur terus sampai akhirnya dibatalin maksudnya apa coba begitu grab saya tinggal di papua selatan jangan dikira saya pesan cuma main
1795,Pengguna Google,3,2026-06-29 13:29:37,lokasi barang enggak sesuai padahal ada barang nya ditoko
1797,Pengguna Google,1,2026-06-29 13:17:30,sayah lagi aktif online tiba tiba ada notifikasi bahwa sayah menggunakan aplikasi lain padahal kami di menggunakan apapun sesuai bawan hp bahkan satu hp di gunakan husus grab
1798,Pengguna Google,1,2026-06-29 12:44:47,maps kurang akurat sudah di taruh titiknya sesuai maps tapi kata supirnya masih kurang satu kilo
1799,Pengguna Google,1,2026-06-29 12:24:53,harus di lakukan perombakan biar dimana pun tempatnya bisa bayar tunai cod
1800,Pengguna Google,1,2026-06-29 12:15:18,gmna si pesanan dibatalkan katanya nunggu sebulan dikembalikan sampe skrg blm ada transaksi uang dikembalikan ke m banking saya emng ga sbrp tapi saya anak kos tolong lah dibalikin
1801,Pengguna Google,1,2026-06-29 11:50:03,tidak bisa akses kamera izin sudah aktif smua kamera juga gak ada masalah jadi gak bisa login sudah instal apl 5x mungkin lebih juga tetep gak bisa
1802,Pengguna Google,4,2026-06-29 11:11:09,overal setelah di update udh lumayan bagus pesan nya hanya jika lagi order tolong jangan suka ngebug yaa padahal jaringan ok
1803,Pengguna Google,1,2026-06-29 10:25:54,selisih pembayaran yang saya komplainkan katanya sudah dikembalikan grab tapi sampai hari ke 4 dari 3 hari yg dijanjikan tidak masuk ke saya bagaimana ini tanggung jawabnya karena kasus seperti ini akan banyak terjadi dengan cara grab yang langsung potong via debit bahkan sebelum pihak merchant atau driver merespon apakah begini cara grab mencari uang
1804,Pengguna Google,1,2026-06-29 08:25:05,ketika pesanan datang tidak sesuai sma yang di pesan di aplikasi udah ngajuin ke admin grab nya udah di kirim bukti foto juga masih di katakan foto tidak valid bukan masalah uangnya saya lagi hamil nyidam makanan itu respon adminnya via apk dan gmail sangat lambat
1805,Pengguna Google,3,2026-06-29 07:55:02,terlalu sering eror dan selalu disaat genting jadi maaf saya bintang 3
1806,Pengguna Google,1,2026-06-29 07:53:13,kecewa berat grab hemat pelayanan nya buruk sekali tolong diperbaiki lagi
1807,Pengguna Google,1,2026-06-29 07:48:11,lelet lemot parah mau pakai wifi atau kuota sekalipun
1808,Pengguna Google,3,2026-06-29 07:26:28,tolong d benahi aplikasi nya soalnya saya lagi buru malah apk nya susah buat d buka
1809,Pengguna Google,1,2026-06-29 05:54:28,pengalaman buruk nggak ada fitur cancel
1810,Pengguna Google,1,2026-06-29 01:23:10,jaringan server jelek padahal pake 250mbps mau mesen ga bisa kan dongo
1811,Pengguna Google,4,2026-06-29 00:26:26,jarang aku pake sih tapi mungkin nanti aku bakal pake kalau aku butuh
1812,Pengguna Google,1,2026-06-28 22:54:43,grabfood lambat uda nunggu sampai 2jam setengah
1813,Pengguna Google,1,2026-06-28 22:02:24,bagaimana ini saya sudah beli voucher di grab tp saya tidak menemukan voucher itu di dalam aplikasi grab bagaimana cara menggunakan voucher itu sedangkan m jaringan saat buka grab kebanyakan error
1814,Pengguna Google,5,2026-06-28 21:37:04,setelah pelunasan paylater malah limite nya ga ada padahal blm waktu nya sudah terbayar
1815,Pengguna Google,3,2026-06-28 21:22:18,bagus pelayanannya ojolnya sejauh ini sopan kalo misalnya ada komplain pihak grab respon dengan baik sekarang harus update terus baru update 23 juni 28 juni update lagi
1816,Pengguna Google,5,2026-06-28 21:12:46,aplikasi ini sangat bagus dan bermanfaat good grab saya adalah seorang driver grab jugak thanks grab
1817,Pengguna Google,1,2026-06-28 21:10:39,aplikasi jelek opsi terbatas dan tidak membantu lambat mendapatkan driver tidak ada opsi pembatalan pesanan hanya disuruh menunggu dan dicarikan mitra secepatnya padahal sama saja tidak ada mendapatkan driver
1818,Pengguna Google,1,2026-06-28 20:44:11,otw hapus aplikasi aplikasi bener pesan dari jam 7 malam sampai jam 9 malam nunggu makanan ngak ada kabar betul lah 1 jam statusnya masih di dapur aja 1 jam nunggu pesanan ngak bisa dibatalkan kan mau chat penjual ngak bisa mau cek apakah pesanan saya sdh diproses apa belum ngak bisa anak sama suami sampai ketiduran nunggu makanan betul ini aplikasi benar2 payah sangat payah
1819,Pengguna Google,3,2026-06-28 20:21:31,tolong kalau rekrut driver yang pinter yang ngerti rambu
1820,Pengguna Google,1,2026-06-28 20:16:50,kiriman dobel order lama nunggunya driver kena macet pula banyak biaya layanan kemasan penanganan gak jelas ribet makin hari makin mahal
1821,Pengguna Google,5,2026-06-28 20:00:50,grab selalu setia dan bisa di andalkan
1822,Pengguna Google,5,2026-06-28 19:57:27,lebih gampang n lebih murah ongkosnya
1823,Pengguna Google,5,2026-06-28 19:28:21,syuka sangat membantu apalagi klo om mbak grabnya ramah
1824,Pengguna Google,5,2026-06-28 19:25:39,sanggat membantu dan lebih cepat pegaantarann
1825,Pengguna Google,1,2026-06-28 19:08:22,pesan layanan standar sejam ga dapat driver
1826,Pengguna Google,1,2026-06-28 19:00:51,payah kali cari driver sekali nya dapat dicancel sama supir nya tolong diperbaiki
1827,Pengguna Google,1,2026-06-28 17:52:24,sumpah kecewa banget sama aplikasi dan driver grab yang gabisa nemuin titik tengah buat saya yang dompetnya ketinggalan di grab tapi driver tidak mau mengakui karna e money saya total 400k
1828,Pengguna Google,5,2026-06-28 17:47:56,layanan yang praktis dan terpercaya sangat membantu untuk transportasi dan kebutuhan sehari hari
1829,Pengguna Google,5,2026-06-28 17:22:01,saya tidak bisa sken wajah untuk daftar greb
1830,Pengguna Google,5,2026-06-28 17:15:24,sayang banget aplikasi ini jarang ada yang pakai di kota palembang jadi susah nyari drivernya apalagi pesen grabfood lama nunggu nyari driver aja terus banyak driver nolak ambil orderan gonta ganti driver terus jadinya padahal baru 2x atau 3x aku pesan digrabfood selalu kejadian kayak gini
1831,Pengguna Google,5,2026-06-28 16:47:27,pelayanan sangat baik dan ramah
1832,Pengguna Google,1,2026-06-28 16:38:56,kalo cari calon driver di seleksi dulu penumpang cape baru pulang dari perjalanan trs driver ngasih nasihat masukan nya kyk mengejek lagi terserah penumpang nya minta dijemput masuk parkiran atau tidak senyaman penumpang toh yg bayar penumpang juga
1833,Pengguna Google,5,2026-06-28 16:27:13,untk pelayanan yg baik pertahankan dan lebih ditingkatkan lg
1834,Pengguna Google,1,2026-06-28 16:10:01,bikin ui tambah catatan masa harus pencet dimakanannya buat nambah catatan kalo ga abis order baru ke ui catatan dulu ini malah langsung ke pembayarannya aplikasi pemesanan lain ada ko ini aplikasi doang ga friendly
1835,Pengguna Google,1,2026-06-28 15:59:15,sgt buruk x saya mau pesan mkn aja ribet bgt dan menjengkelknn saya pesan seblak dan ternyata resto sudah tidak berafiliasi lagi dengan grab sehingga driver ingin saya membatalkan pesanan yg sudah masuk dapur jelas jelas saya sbgai customer gbisa batalin saya di tuduh seolah olah saya bohong dan ada fitur batalin tapi saya gamau batalin saya sudah bilang batalin dari dia aja tpi dia bersikeras saja sampai ribut dengan pihak resto tolong buat fitur pembatalan utk customer kapok pakai grab lgi
1836,Pengguna Google,4,2026-06-28 15:58:24,yg jelas gak ribet di jemput dan di antar sesuai yg kita ingin kan
1837,Pengguna Google,1,2026-06-28 14:32:39,grab sekarang susah digunakan internet lancar sinyal kenceng tapi eror terus dengan keterangan internet lambat makin lama makin males pakai aplikasi ini
1838,Pengguna Google,1,2026-06-28 14:19:26,udahh nunggu hampir 10 menit driver seenak jidat cancel
1839,Pengguna Google,2,2026-06-28 13:57:01,aplikasinya bagus banyak promo juga tp sayang driver nya pada gak bener
1840,Pengguna Google,4,2026-06-28 13:30:52,ws pokok e mantap ws bye
1841,Pengguna Google,5,2026-06-28 13:28:52,bagus banget aku kasih lima bintang
1842,Pengguna Google,5,2026-06-28 12:16:13,terima kasih sudah mengantar sampai ke tempat tujuan dengan baik selamat
1843,Pengguna Google,2,2026-06-28 12:02:30,grab sekarang aplikasinya kurang bagus sering update padahal
1844,Pengguna Google,1,2026-06-28 11:47:20,akuratin maps nya kak beberapa kali dimarahin driver karna salah titik pdhl titik udh bener sesuai sama yang kita berada tapi titik di driver nya pasti melenceng jauh terutama yg mobil titik rumah yg terutama perum juga akuratin ya pokonya semuanya akuratin dimarahin driver ga enak tau terus kalo harga di apk emang segitu kenapa driver komplen harganya ga sesuai ya mana aku tau aku cmn pake apk nya mana sambil dumel lagi tolong banget inima saya udh cape di marahin driver
1845,Pengguna Google,1,2026-06-28 11:36:42,aplikasi terlalu berat sering drop sinyal p padahal sinyal saya bagus saya coba buka aplikasi lain lancar
1846,Pengguna Google,1,2026-06-28 10:58:15,membingungkan katanya dine out cari di internet malah katanya sama aja dine in
1847,Pengguna Google,1,2026-06-28 10:32:55,layanan yg lalai menjagah keamanan makanan
1848,Pengguna Google,1,2026-06-28 10:05:07,resto tutup tapi ga bisa di cancle
1849,Pengguna Google,1,2026-06-28 09:39:45,aplikasi parah masa di cancle terus sama drivernya
1850,Pengguna Google,2,2026-06-28 09:17:06,kalo mau pesana grab kenapa selalu lemot ya untuk masuk ke beranda grabnya kadang suka out sendiri tapi apk yg lain tidak mohon di perbaiki lagi
1851,Pengguna Google,1,2026-06-28 09:10:35,mau log in lama bangett syaland loading mulu di bagian verifikasi nomor hp
1852,Pengguna Google,1,2026-06-28 09:03:21,sekarang sudah dapat dicancel sekali karena driver ga bergerak malah ga dapat dapat
1853,Pengguna Google,1,2026-06-28 08:56:27,perbaikilah sistemnya kl driver grab food belum benar benar sampai di resto jangan diijinkan mengubah statusnya menjadi menunggu di resto skrg hampir semua driver statusnya menunggu di resto tapi baru datang beberapa menit kemudian bahkan sampai lebih dari 30menit kemudian berantas driver curang
1854,Pengguna Google,1,2026-06-28 08:47:13,buat grab pliss dong di kasi ta sama semua driver nya kalo misal pilih karyawan kasi tauu dulu jgn genit sama pelanggan ga semua orang suka di genitin mua pelanggan ramah bukan berarti mau mengatal senyum itu kan wajar ya bukan berarti mau mengatal sama driver gw muak kali malam kemren dapat driver genit gw emng pake celana pendek tapi lu ga berhak genit sama gw gw ga butuh lu gw cuma butuh ojek doang dia malah mandang gw ke bawah apalah sialan smpe mnta wa segala bngst
1855,Pengguna Google,1,2026-06-28 08:40:15,uninstall grab karena bad experience dan baru kemarin download lagi soalnya kepaksa turun di bungurasih di grab corner aku kira bisa soalnya aku download apk lain dan emg pernah pesen bukan grab diarea situ tapi kemarin malah discam dikasih biaya 2 kali lipat dari biaya biasanya aku cek digrab cuman sekitar 32k dari bungur ketempat saya tapi saya ditagih 78k saya gaakan ikhlas cari uang yg halal aja pak
1856,Pengguna Google,5,2026-06-28 08:25:53,bermanfaat dan berguna tingkatkan pelayanan masyarakat
1857,Pengguna Google,5,2026-06-28 07:10:33,saya biasanya order grab car aman dan lancar di jalan pengemudi juga ramah
1858,Pengguna Google,2,2026-06-28 06:45:24,bilang nya cepat saat pagi pagi mau berangkat lama banget saya ada masukan setiap driver akan terkena point kalo dia nggak menerima pesanan dan di larang untuk menggunakan aplikasi selama satu hari biar mereka jerah
1859,Pengguna Google,5,2026-06-28 06:42:45,aplikasi siap antar jemput yg sangat praktis cepat dan efisien
1860,Pengguna Google,1,2026-06-28 06:32:09,saya kurang suka sama grab versi motor beda sama mobil motor plat nomor ga ada di spakbor motor plat sering ditutup pake lakban stiker suka lawan arah di jalan daerah bintaro tangsel mending gitu di pecat aja saya milih grab versi mobil daripada motor kasih bintang 1 dulu aja
1861,Pengguna Google,1,2026-06-28 02:54:18,saya sebagai driver grab sangat kecewa untuk pemesanan grab food dan grab bike sangat lah berbeda sedangkan untuk pemesanan grab bike pasti setiap mau memesan harus vermuk sedangkan untuk grab food ga vermuk sama sekali note masih banyak orderan fiktif yang masuk ke grab food entah kesalahan driver salah aplikasi kalau driver tidak ada saldo driver jarang mendapatkan orderan sekalinya driver mengisi saldo untuk narik pasti mendapatkan orderan fiktif tolong di perbaiki sistem
1862,Pengguna Google,1,2026-06-28 02:21:47,kasian para pekerja semoga lekas ada konglo2 yg bikin sistem yg sama
1863,Pengguna Google,1,2026-06-27 23:46:03,sering error susah memuat halaman padahal sinyal udah bagus dan ganti ke wifi sama aja
1864,Pengguna Google,2,2026-06-27 23:32:36,it s a helpful app it does what i need it to but i had a bad experience now i ordered from alfamart through grab mart the order went through but when my driver got there the store was closed it wouldn t let me cancel the order so it kept looping new drivers and i kept having to tell them the store was closed eventually one helpful driver took the time to report the store for being closed but that was at least 30 minutes not able to cancel because the app didn t show the store was closed
1865,Pengguna Google,1,2026-06-27 23:29:30,tolong di training atau di ajarkan driver nya untuk sopan atau jaga attitude nya klo cape istirahat bukan dumel sma penumpang kebiasan setiap malam driver muka asem dan cemberut aja kejadian barusan saya alami lgi tanggal 27 06 26 jam 23 29 dri stasiun kebayoran lama jakarta selatan ke jl panjang cidodol jakarta selatan
1866,Pengguna Google,5,2026-06-27 21:10:25,aplikasi temkp5k padahal udah atur alamat tapi kok pas mesan tetap salah alhasil gue ganti in uang ojol nya
1867,Pengguna Google,5,2026-06-27 19:46:23,terimakasih pak tadi semoga deg degaan takut puji tuhan sudah sampe terimakasih grab
1868,Pengguna Google,1,2026-06-27 19:30:16,dah sakit ini aplikasi driver dapat murah terus orderan jauh semua dapatnya potongan besar pelayanan buruk hancur sekarang ini apk
1869,Pengguna Google,5,2026-06-27 18:56:48,lebih mudah untuk kmna and dapet diskon trs
1870,Pengguna Google,1,2026-06-27 18:37:50,kalo nyari pekerja yang bener dikit masa masi sore jam 6 udah susah bnget kasi tau supir nya kalo ga niat kerja gaush kerja ngemis aja
1871,Pengguna Google,3,2026-06-27 17:21:20,sekarang banyak driver nolak perjalanan jauh
1872,Pengguna Google,1,2026-06-27 16:04:09,aplikasi sangat berat loading mulu resto masih buka di bilang tutup payah
1873,Pengguna Google,1,2026-06-27 16:00:37,loginmu terlalu ribet langsung saya uninstall ada pilihan terbaik
1874,Pengguna Google,1,2026-06-27 14:03:43,ganti hp terus mau masuk lagi jadi susah kenapa ya
1875,Pengguna Google,5,2026-06-27 14:00:15,jadi gampang mau kemanapun pake grab aja
1876,Pengguna Google,4,2026-06-27 13:20:41,tolong dong ditambah catatan dalam pesanan jadi dari pihak penjual serta drivernya sudah otomatis tau terimakasih
1877,Pengguna Google,3,2026-06-27 12:56:32,selama proses kami sudah menerima pesananmu kasih opsi batalkan pesanan dong kadang suka lam banget nunggu diterimanya gak bisa di cancel pula ujung ujungnya malah tercancel buang buang waktu aja nungguinnya mana udah laper banget ujung ujungnya masak indomie
1878,Pengguna Google,4,2026-06-27 10:33:23,sangat bagus dan membantu lebih cepat pesan makanan
1879,Pengguna Google,1,2026-06-27 10:19:00,di fitnah sama supir nya saya ngelaporin masalah barang tertinggal meskipun supir selalu telat jemput kalo pesen saya gak pernah lapor apa2 untuk kali ini saya kecewa di fitnah melaporkan apa yang tidak pernah saya laporkan meskipun ongkos 10 rb saya suka ngasih 20 rb bahkan lebih perbaiki lagi seleksi lagi untuk supir2 nya
1880,Pengguna Google,5,2026-06-27 09:57:45,baik semoga kedepannya apknya lebih baik yaa
1881,Pengguna Google,5,2026-06-27 07:11:48,aplikasi dan bantuannya cukup mudah dan praktis sangat simple untuk berjualan online di rumah
1882,Pengguna Google,1,2026-06-27 06:04:10,sy sebagai customer ojek online grab pengguna selama 5 bulanberturut2 baru hari ini dpt driver gak profesional sy pesen ojek online dgn alamat penjemputan di toko alfamart lukluk tapi driver jemputny di alfamart lain jadi sy komplein ke driver lewat chat sy belum selesai komplen chat sudah diakhiri sama driver nya yang sy sebut tidak profesional itu adalah driver mengakhiri chat dgn cust tanpa izin dulu dgn cust dan tidak ada kata maaf dari drivernya dan sy dianggap salah sm driverny
1883,Pengguna Google,5,2026-06-27 05:56:16,sangat membantu d saat ada kepentingan mendesak kemana pun jadi lebih gampang
1884,Pengguna Google,1,2026-06-27 05:35:16,ongkirnya mahal bgt mungkin bisa di bilang kita beli satu produk harus bayar untuk dua produk kupon nya juga lebih ke pengguna paylater kalo untuk cod kupon ya gak bisa di pakai kita pake cod biar gk ribet situ malah bikin ribet dan yg paling ngeselin kita pesen biar cepet tanpa keluar rumah tapi banyak driver nya suka nyasar padahal itu titiknya jadi kita yg jemput ke jalan
1885,Pengguna Google,1,2026-06-27 02:20:42,moga di apk bangkrut dah udah di download masih aja banyak iklan setan
1887,Pengguna Google,3,2026-06-27 01:09:49,sulit sekali login saya coba beberapa kali di waktu yg berbeda terutama saat verifikasi wajah
1888,Pengguna Google,2,2026-06-27 00:16:53,apk ngelag tdk bisa dibuka nyawit nih apk
1889,Pengguna Google,2,2026-06-26 23:44:38,g ngapa2in g buka aplikasi tapi hampir tiap saat notifikasi nobar grabfood se i aja yang menggaggu saya sudah matikan notifikasi promosi paksa berhenti maupun hapus cache tapi tetap muncul bikin jengkel tiap saat loh ini munculnya kyak tiap lima menit atau keluar dari aplikasi pasti muncul
1890,Pengguna Google,3,2026-06-26 23:21:56,setiap pesan grab jam 23 00 ke atas selalu di buat menunggu apalagi klo make grab hemat drever sengaja bikin nunggu dan gak respon chat lebih padahal saya selalu ngasih uang lebih apakah memang seperti ini arahan dari menejemen nya
1891,Pengguna Google,5,2026-06-26 20:48:25,driver grab selalu profesional dan fitur keamanannya share trip tombol darurat bikin tenang grabfood pilihan restorannya makin banyak reward points nya lumayan nggak kerasa tapi udah bisa buat diskon mantul
1892,Pengguna Google,1,2026-06-26 20:31:28,pelayanan grab mobil nya ga banget hahaha bad attitude semua hari ini saya udh pesen dua kali siang td dpt driver yg ga ramah pake bentak segala trs ga ada siapin uang kembalian padahal itu siang loh minimal kalopun br narik siapin uang receh untuk kembalian terus td brusan saya mlm ini pesen dpt yg ga ramah jg udh di tungguin dpn pager malah lewat aja udh di ksh tau lewat chat udh salah malah nyolot lagian biaya tuh bukan 10 20k minimal kalo salah akuin kek minta maaf bkn marah marah
1893,Pengguna Google,5,2026-06-26 20:23:29,cepet banget smpenya m inuman creamy pas manisnya agak less sweet cocok d lidah sw tea bakal repeat order nih
1894,Pengguna Google,1,2026-06-26 19:22:12,makin gembel ga bisa dibuka abis update malah susah buka aplikasi
1895,Pengguna Google,4,2026-06-26 17:47:14,layanan grabbike tidak bisa digunakan sdh hubungi pusat bantuan dan dm akun resmi grab tidak ada respon
1896,Pengguna Google,4,2026-06-26 17:42:30,kebetulan saya driver dan pengguna grab car tapi saya sangat menyayangkan di aplikasi grab selalu muncul iklan menurut saya sangat mengganggu
1897,Pengguna Google,4,2026-06-26 17:07:23,bike hemat akses tidak tersedia atau di jeda why
1898,Pengguna Google,1,2026-06-26 16:50:02,aplikasi overall ok hanya saja aplikasi ini memiliki sangat banyak iklan di berbagai aplikasi bukan hanya iklan biasa namun iklan agresif yang memaksa user untuk membuka grab menurut saya iklan tersebut bukan hanya menghancurkan pengalaman user saat menggunakan aplikasi lain namun juga menghancurkan pandangan user ke aplikasi jika iklannya menarik dan tidak repetitif macam iklan yang menampilkan bapak bapak berkumis yang sudah muak saya lihat itu saya ok ok saja namun tidak
1899,Pengguna Google,5,2026-06-26 14:57:02,suka sich tapi kadang ada sopir grab atau gofood nya pada ga sopan dan kurang bersahabat ngntr barang kaya kita ni ga kliatan bisa byr
1900,Pengguna Google,1,2026-06-26 13:52:39,lagi mesen makanan ada iklan drama box tapi rating dewasa ganggu banget gimana kalo pas yang pakai akun anak2 bahaya bgt iklan kek gitu
1901,Pengguna Google,1,2026-06-26 13:17:33,kalo ga bisa dapet driver grab food setelah nunggu 30 menit tu kasih kompensasi kek atau minimal kasih opsi buat bisa batalin pesanan ini malah dikasih waktu 30 menit lagi buat nunggu saya kan mau makan yang lain juga ga nunggu makanan itu terus karena ga dapet driver doang ini ga dikasih kompensasi disuruh nunggu 30 menit lagi terus total saya nunggu 1 5 jam cuma buat dapet driver padahal kalo ada opsi buat batalin saya bisa dapet makanan lebih cepat aneh lu customer lagi laper juga
1902,Pengguna Google,1,2026-06-26 12:25:58,tolong y kalau kasih iklan jangan maksaa
1903,Pengguna Google,5,2026-06-26 11:57:00,trimakasih pak kurir sangat ramah
1904,Pengguna Google,1,2026-06-26 10:49:25,aku gak bakal komen dari segi aplikasi tapi iklan nya sering bat nongol apalagi iklan yang orang tua lama bete ngeliat nya sumpah bodo amat kalo w ngereview cuma gara iklan doang
1905,Pengguna Google,1,2026-06-26 08:45:34,yang bner ngasih tau jalan ke ojolnya kasian di kasih jaln muter2 doang padahl tempat ny deket bngt ojol ny gk tau jaln jd ngikutin arahan grab plis lah jagn nyusahin org kecil bayaran gak seberapa blm d potong admin ini di bikin susah arahan jalan ny muter2
1906,Pengguna Google,4,2026-06-26 07:27:30,sekarang kenap diarahkan selalu salah jalan
1907,Pengguna Google,5,2026-06-26 06:57:47,aplikasi ini sangat canggih dan bagus bisa di buat kemana mana biar kita tidak berjalan jauh kalau jau kita langsung memencet aplikasi ini juga
1908,Pengguna Google,1,2026-06-26 04:34:57,titik rumah nomor 15 knpa selalu pindah ke 19 kadang pindah ke nomor 10 menyulitkan gk bisa pas titik nanti driver marah gk sesuai titik padahal dari aplikasinya busuk
1909,Pengguna Google,1,2026-06-26 03:25:56,ngeri ongkir 2 kali harga pesana
1911,Pengguna Google,5,2026-06-26 00:48:46,another best apps that help so much people
1912,Pengguna Google,1,2026-06-25 23:06:56,gimana si masa aplikasi seperti grab tidak ada fitur cancel dalam memesan makanan saya salah pencet dan kepesen dan tidak bisa dibatalkan kasian yang mengantar nya jika kita batalin pas udah diambil mohon lebih bijak lagi dalam pemilihan fitur hadeh
1913,Pengguna Google,1,2026-06-25 23:06:09,aplikasi rakus pesan makanan untuk sekali makan doang 40k rakus
1914,Pengguna Google,5,2026-06-25 23:02:43,sangat terbantu semoga grab terus berjaya terimakasih
1915,Pengguna Google,1,2026-06-25 22:45:23,saya kecewa tiba tiba di batalin sama driver nya begini kah kerjaan driver tiba tiba di batalin
1916,Pengguna Google,1,2026-06-25 22:39:14,kalo disuruh update seenggaknya masi bisa buka aplikasi gausah paksa update dongo gw mw mesen buru2 nunggu update dulu dongo
1917,Pengguna Google,2,2026-06-25 21:59:25,yah ampun susah banget cari driver di grab ini sudah saya pesan berkali kali tetap saja tidak dapat driver nya tolong deh di perbaikilah terimakasih
1919,Pengguna Google,1,2026-06-25 20:55:38,driver lu gjls ajarin dulu naik motor yg bener baru diperkerjakan
1920,Pengguna Google,2,2026-06-25 19:47:39,kenap beli makanan gak bisa pake qris
1921,Pengguna Google,1,2026-06-25 19:25:00,aplikasinya kadang ga update pesan grabike tapi lihat di mapnya ga jalan2 tiba2 udah sampe pernah salah alamat mau batalin susah karena aplikasi ga jalan tiba2 driver udah sampe sekarang grabfood juga jarang banget ada promo padahal belanja sampe ratusan grab sekarang pelit makin mahal kl beli makanan lewat grab ongkir mahal harga mahal ga ada promo beban ke pembeli
1922,Pengguna Google,1,2026-06-25 19:10:04,wah parah loo gw bayar 120 lu kasih driver 93ribu trip jauh ke desa belum tentundia dpt
1923,Pengguna Google,1,2026-06-25 18:55:24,aplikasi apaan ini nunggu 2 jam kagak ada yang dateng di kabarin pun kagak ada
1924,Pengguna Google,1,2026-06-25 18:45:00,gila ya beli makanan di grab oake hemat 45 minit beneran anjir 45 minit padahal cm 1km beda sma gojek pake hemat ongkir murah di tulis 45 minit tiba2 15 minit udah sampe hahah parah lu grab
1925,Pengguna Google,5,2026-06-25 18:17:13,driver ramah saya sangat puas
1926,Pengguna Google,1,2026-06-25 18:03:35,kok aplikasi ini sekarang mengecewakan banget ya masa alamat tujuan sudah dicek bener pas dipesan ternyata menuju grab kios ketahuannya di tengah jalan pula saya jadi harus bayar dua kali datang terlambat sebagai orang yang dulu pernah setia menggunakan aplikasi ini saya kecewa dan saya hapus cukup aplikasi go car saja
1927,Pengguna Google,5,2026-06-25 16:13:34,seumur hidup baru ini naik grab semua baik baik saja drivernya bisa diajak bicara semoga selamanya jadi grab
1928,Pengguna Google,5,2026-06-25 16:13:14,hanya dengan satu aplikasi saya dapat memesan ojek taksi membeli makanan mengirim paket belanja kebutuhan bulanan hingga membayar tagihan bulanan dilengkapi dengan fitur keamanan seperti share trip berbagi perjalanan secara langsung tombol darurat verifikasi wajah selfie hingga penyamaran nomor telepon masking untuk menjaga privasi
1929,Pengguna Google,5,2026-06-25 15:35:53,grab provides reliable transportation and delivery services
1930,Pengguna Google,5,2026-06-25 15:31:45,an all in one super app that never fails booking rides is quick food delivery is reliable and the digital payment system is safe and convenient
1931,Pengguna Google,5,2026-06-25 15:06:51,aplikasi ini benar benar lengkap selain pesan ojek dan mobil online terdapat fitur grabfood yang memudahkan saya apabila sedang sibuk dan tidak sempat pergi untuk makan drivernya sangat ramah dan juga humble saya sangat senang
1932,Pengguna Google,5,2026-06-25 14:40:09,respon nya cepat lgsg jemput terimakasih abang grab
1933,Pengguna Google,5,2026-06-25 12:38:02,sangat membantu di saat ekonomi lagi syulit
1934,Pengguna Google,5,2026-06-25 11:28:29,aplikasi ini sangat bagus rekomen sekali
1935,Pengguna Google,5,2026-06-25 11:27:07,terima kasih grab sudah memudahkan kami yg rumahnya masuk desa
1936,Pengguna Google,5,2026-06-25 11:08:50,it s a brilliant app i use it all the time it offers a comprehensive range of features especially the online food ordering which is really helpful and there are plenty of promotions on offer what s more the drivers are really good and friendly it s a great app
1937,Pengguna Google,5,2026-06-25 11:00:29,aplikasi yang sangat membantu saya untuk pergi kemanapun dengan murah dan aman serta banyak promonyaa
1938,Pengguna Google,1,2026-06-25 10:11:29,makin lama makin gak jelas ni apk nganterinnya makanya makin lama
1939,Pengguna Google,5,2026-06-25 09:11:16,mempermudah dalam perjalanan tarif nya hemat bagus pelayanan nya udah berlangganan ud sering pake apk ini
1940,Pengguna Google,1,2026-06-25 08:33:48,saya gak akan rubah bintang sampai permalasahan kena cancel dari driver nya hilang ya driver drivernya hobby cancel apalagi kalau pas hujan kemalaman seperti yang gak butuh uang sedangkan kita yang kena cancel dapet nya malah tambah jauh mengecewakan
1941,Pengguna Google,5,2026-06-25 06:06:02,tolong buat settingan request pengemudi perempuan laki laki juga dong kak yg versi terdekatnya kalau bisa terimakasih
1942,Pengguna Google,1,2026-06-25 00:42:45,sinyal bagus tapi pas buka aplikasi ini mau pesen makanan malah lemot mending uninstall guys bug nya parah
1943,Pengguna Google,5,2026-06-24 23:22:29,aplikasi grabfood sangat membantu disaat lapar jauh kemana mana dan disaat hujan kami sangat tertolong karena tetap dikirimkan sehat sehat ya bapa driver real pahlawan pejuang rupiah
1944,Pengguna Google,2,2026-06-24 23:21:00,sekarang lemot poll buat buka aplikasi
1945,Pengguna Google,1,2026-06-24 23:08:48,perbaiki server nya buka aplikasi lemotnya minta ampun aplikasi lain aja lancar jaya dulu padahal gak ada masalah sebulan ini kok lemot sekali
1946,Pengguna Google,5,2026-06-24 22:52:03,sangat membantu dan memudahkan perjalan kita sukses selalu buwat grab good job
1947,Pengguna Google,1,2026-06-24 22:26:51,saya sedang menyampaikan keluhan ke cs gran atas nama kiky masalah belum teratasi tetapi chat sudah langsung diakhiri oleh cs pelayanan cs sangat tidak memuaskan tolong dibina lagi jika perlu dibinasakan
1948,Pengguna Google,5,2026-06-24 22:13:32,bagus banget dapet promo terus membantu buat pesan antar kalo lagi laper dadakan mantap
1949,Pengguna Google,1,2026-06-24 21:20:39,tolong dong dipercepat cari drivernya utk grabfood lama bener soalnya keburu lapar
1950,Pengguna Google,2,2026-06-24 20:20:11,mahal bener sekarang kalo beli lewat grab vc pun makin pelit
1951,Pengguna Google,5,2026-06-24 18:22:05,sangat puas dengan aplikasi ini dan sangat membantu
1952,Pengguna Google,1,2026-06-24 18:12:47,kalau pesan grab food banyak pesanan drivernya jadi lama nganterin
1953,Pengguna Google,5,2026-06-24 18:12:08,promo banyak sekali aku suka pake aplikasi ini tetap pertahankan
1954,Pengguna Google,5,2026-06-24 15:42:35,bagus membatu kita yg ga punya mobil biaya murah
1955,Pengguna Google,3,2026-06-24 13:29:16,ini knp ko aplikasi grab saya g ada gambar nya padahal hbis d perbarui mau pesan apa2 juga susah g keliatan gambar2 nya gimn c ini
1956,Pengguna Google,2,2026-06-24 13:24:28,saya memilih pengantaran motor tapi setelah memilih lokasi penjemputan yang keluar hanya pilihan mobil di bagian motor ada tulisan ubah penjemputan pengantaran sudah saya ulang prosesnya dan update aplikasinya tapi tetap yang muncul hanya pilihan mobil
1957,Pengguna Google,4,2026-06-24 12:46:07,pokoknya mantaplh pke grab penolong bget
1958,Pengguna Google,5,2026-06-24 12:39:56,saya kasih bintang 5 karena gamau rusak reputasi tolong buat kan kompirmasi ketika mesan supaya ada jeda saya kepencet langsung dgn harga tinggi itu agak bikin nyesek
1959,Pengguna Google,5,2026-06-24 12:12:27,pelanyanan baik harga serba murah cepat tibanya
1960,Pengguna Google,5,2026-06-24 10:45:14,apk yg berhasil dalam memanfaatkan driver seluruh dunia
1961,Pengguna Google,1,2026-06-24 09:57:49,kalo lagi urgent suka loading lama padahal jaringan aman kuota jg lg banyak tlg perbaiki
1962,Pengguna Google,5,2026-06-24 09:44:15,aplikasi lengkap banget grabbike buat kejar jam kantor grabfood banyak resto enak grabexpress kalau mau kirim paket driver sopan helm bersih bayar pake grabpay jadi gak ribet kembalian
1963,Pengguna Google,5,2026-06-24 07:48:01,aplikasi yg sgt canggih untuk semua kebutuhan kita semua thanks
1964,Pengguna Google,1,2026-06-23 23:32:10,kesel apk nya suka keluar sendiri
1965,Pengguna Google,1,2026-06-23 23:12:49,saya pesan tengah malam makanan disitu restonya konfirmasi pesanan tapi tidak ada kurir yang antar jadi aplikasi yang otomatis batalkan tanpa membayar apapun tapi saya cek saldo saya kok berkurang ternyata uang saya tertahan saya sudah banyak kali hubungi pusat bantuan dan sampai 30 hari lebih uang tertahan saya belum kembali ke rekening saya dari 20 mei 2026 pelayanan nya sangat kurang
1966,Pengguna Google,5,2026-06-23 23:04:21,grab kenapa si skrng lemot bgt heran gw
1967,Pengguna Google,3,2026-06-23 20:26:03,grab klu ngebatalin perjalanan dananya jarang di kembaliin aku dh keseringan ga di balikin
1968,Pengguna Google,5,2026-06-23 20:19:04,bagu aplikasi nya bermanfaat dan praktis
1969,Pengguna Google,4,2026-06-23 20:15:24,pengen daftar grab motor gmna iya caranya mohon di bantu
1970,Pengguna Google,1,2026-06-23 20:05:52,pembelian pulsa diaplikasi grab tolong diperbaiki ribet banget mau melakukan pembayaran yg tertunda harus nunggu 24jam dipikir orang ngga punya kesibukan jgn dipersulit apalagi grabfood lamanya berjam jam pantesan saja lama setiap driver ngga cuma satu pesanan yg diantar melainkan ada dua pesanan beda sama aplikasi sebelah gofood order pesanan langsung antar
1971,Pengguna Google,1,2026-06-23 18:26:30,apk lol mau pesen makan apk nya ngelag error sendiri coba pesennya uda 1 jam lebih uda ngerestart hape juga tetep gabisa
1972,Pengguna Google,5,2026-06-23 16:32:11,memuaskan ada nyah apk inh perjalanan sayah semakin cepat mksih pertahan kan pkt hemat nyah sangat membantu
1973,Pengguna Google,1,2026-06-23 16:08:06,aplikasi tergoblok sepanjang masa dipake tiap hari dibayar sesuai jatuh tempo eh limitny diilangin lawak
1974,Pengguna Google,1,2026-06-23 15:30:10,apakah bgitu banyak fitur yg di update sampai hrs 68mb
1975,Pengguna Google,3,2026-06-23 14:21:19,pembayaran sering gagal ketika menggunakan via superbank
1976,Pengguna Google,5,2026-06-23 14:11:09,semoga para pengemudi ojek online pada rama ke customer
1977,Pengguna Google,1,2026-06-23 13:46:06,maaf mitra grab saya harus kasih bintang 1 karena kalau order suka didapat pengemudi yg jauh kadang udh nunggu lama ditengah jln tiba dicancel trs kadang pengemudinya kasar gak ramah dan mood an
1978,Pengguna Google,5,2026-06-23 13:20:41,abang nya ramah mobil nya bersih
1979,Pengguna Google,5,2026-06-23 12:14:54,dengan ada nya aplikasi greb kita di permudah klau pepergian jauh
1980,Pengguna Google,1,2026-06-23 11:36:23,mau pesan buah aja susah amat mau klik pesannya gak bisa ribet amat
1981,Pengguna Google,1,2026-06-23 10:21:26,kenapa saya mengajukan paylater ovo dengan grab tpi tidak bisa hanya saya tertarik terus
1982,Pengguna Google,3,2026-06-23 09:19:33,udah kejadian 2x double order gara2 maps abang grabnya ga jalan chat ga di bales2 giliran order yang lain taunya grab yang pertama udh sampe tolong perbaiki karna kasian ke drivernya juga dan sebagai pengguna jadi bingung
1983,Pengguna Google,2,2026-06-23 09:11:20,saran kalo status pengemudinya sudah dekat tetap diberi deadline waktu penjemputan masa ini ada driver udah dekat kayak sengaja ulur waktu lebih dari 10 menit
1984,Pengguna Google,1,2026-06-23 08:44:38,internet lancar buka sosmed lancar buka aplikasi lain lancar mau order grab muncul notofikasi cek koneksi jaringanmu dan coba lagi sudah terupdate dan clear cache masih tetap error tolong d benahi bug nya sangat menyusahkan
1985,Pengguna Google,5,2026-06-23 08:08:30,aplikasi ini sangat penting untuk pekerja yang mobile
1986,Pengguna Google,5,2026-06-23 02:56:46,alhamdulillah selama memakai greb sangat aman san nyaman
1987,Pengguna Google,1,2026-06-23 01:28:12,sering banget ngelag pake aplikasi grab
1988,Pengguna Google,5,2026-06-23 00:35:10,the best online food drive service
1989,Pengguna Google,5,2026-06-22 23:26:01,aplikasi yang sangat membantu untuk sarana transportasi
1990,Pengguna Google,5,2026-06-22 22:07:55,pelayanannya bagus aplikasinya juga bagus ga susah nyari langsung ada ga perlu nunggu lama harganya juga murah
1991,Pengguna Google,5,2026-06-22 20:39:22,cinta berat dgn grab walau pake promo driver ttp ramah dan ga byk drama gampang dihubungin dan cepet gerak ramah2 bkn buzzer tp hanya org yg baru dikecewakan oleh apk sblh
1992,Pengguna Google,1,2026-06-22 20:35:11,pesan grabfood kok lama sekali prosesnya dan terus terusan di batalkan oleh sistem
1993,Pengguna Google,5,2026-06-22 20:33:59,terimakasih sudah peduli terhadap kenyamanan dan keamanan penumpang
1994,Pengguna Google,5,2026-06-22 19:52:46,tidak jauh dari gojek drever kyak kucing punya nyawa 9 terutama yang motor mobil tidak jauh beda salah benar mintak benar gara punya komunitas
1995,Pengguna Google,1,2026-06-22 19:19:23,jelek banget pengemudi nya lama ngambil makanan aja nunggu 3jam terus pengemudi nya mutar muter gajelas
1996,Pengguna Google,4,2026-06-22 19:11:43,plis lengkapi metode pembayarannya biar gampang beli apa apa tuh di grab qris dana gopay gitu tolong masukin ke alat pembayarannya
1997,Pengguna Google,5,2026-06-22 19:06:19,very good for all your needs
1998,Pengguna Google,4,2026-06-22 18:06:03,fiturnya ok orderan real time thank you
1999,Pengguna Google,1,2026-06-22 17:45:06,aplikasi buruk memaksa memakai map grab padahal mapnya jauh dari sempurna sering menyesatkan rutenya
2000,Pengguna Google,5,2026-06-22 17:28:32,bisa gak kalo grab food dikasih 2 langkah aja aku pengalaman kepencet padahal lagi liat2 harga makanan kebetulan lagi liat makanan yang mahal malah tepencet jadinya harus bayar 100k padahal lagi gak pengen tapi overall bagus
2001,Pengguna Google,5,2026-06-22 17:17:31,an application that has many benefits for many people who need to travel to a place where this application has been used by many people
2002,Pengguna Google,5,2026-06-22 15:51:51,mudah digunakan dan banyak pilihan layanan yang memudahkan pengguna
2003,Pengguna Google,1,2026-06-22 15:40:27,buruk tidak bisa pembayaran transfer bank
2004,Pengguna Google,1,2026-06-22 15:10:09,tdi skitar pkul 10 30 isi ulang 15k di saldo ada skitar 1k pergi ke guci di potong 7k harusnya masih ada 8k tp di saldo knp tggal 2k yg 6k kemana untung cuma isi sdkit gimana klau isi saldo bnyak psti hilangya jg bnyak mau tanya bgung g tau tanya ke siapa akhirnya upload di sini nyari link yg di kasih susah duit sdkit aja hilang jadi takut klau mau top up
2005,Pengguna Google,5,2026-06-22 15:03:47,aplikasinya bagus memudahkan masyarakat untuk membeli makanan maupun mengantar barang
2006,Pengguna Google,1,2026-06-22 14:53:09,semua driver hampir arogan semua gk ada sopan sopan nya setiap kali order pasti harus mengahadapi driver yg arogan gni uninstal aplikasi bye bye grab tolong driver di sortir percuma daftar pakai skck tp gk ada kelakuan baik nya
2007,Pengguna Google,1,2026-06-22 13:59:48,aplikasi ini bagus kadang waktu anter atau jemput penumpang terhubung sinyal gps lemah
2008,Pengguna Google,4,2026-06-22 13:37:30,berguna buat saya pribadi kalau mau pergi yang di gang terpencil terima kasih g
2009,Pengguna Google,5,2026-06-22 13:31:12,memudahkan dalam satu aplikasi sudah lengkap nyaman dan aman buat yang pengen bepergian ataupun yang mageran untuk keluar belanja hehee
2010,Pengguna Google,2,2026-06-22 13:12:06,alamat tidak sesuai dengan map selisih jauh menyulitkan untuk penjemputan atau pengantaran
2011,Pengguna Google,1,2026-06-22 12:35:00,buat promo tanpa persetujuan resto akhirnya resto menanggung dan rugi
2012,Pengguna Google,1,2026-06-22 12:20:19,tarif tidak konsisten sering berubah ubah setiap mau pesan hitungan detik berubah nggak jelas
2013,Pengguna Google,1,2026-06-22 11:34:01,tolong menu yang sudah kami buka di merchantnya tapi di aplikasi ini menu nya tetap tidak tersedia alias tertutup sehingga konsumen tidak bisa memilih menu kami parah
2014,Pengguna Google,1,2026-06-22 10:51:33,tolong diperbaiki aplikasinya yah tiap kali mau buka loadingnya lam banget bahkan kadang keluar sendiri sekarang saya lagi pesan makanan malah gabisa buka aplikasinya dari tadi
2015,Pengguna Google,1,2026-06-22 08:27:16,driver seperti tidak niat kerja suka nge cancel orderan
2016,Pengguna Google,2,2026-06-22 08:26:48,saya di spam terus tiap menit sama notif promo grabunlimited bikin kesel
2017,Pengguna Google,1,2026-06-22 07:54:52,drivernya ga niat kerja dikit dikit di cancel
2018,Pengguna Google,2,2026-06-22 05:49:36,awalnya saya gk mau komen atau ngasih review aneh hanya saja gini saya pesen grab itu buat permudah saya untuk kondisi terdesak dan masalah untuk promo juga sebenernya itunkan salah satu keuntungan kami bagi pengguna saran saya di filter lagi buat para pengemudi apabila tidak berminat mengambil orderan yang sudah kami pakaikan promo dan saya juga tidak pernah mengeluh apabila yang di jemput itu mobil nya tidak sesuai dengan yang tercantum
2019,Pengguna Google,1,2026-06-22 05:46:09,tolong buat pengambilan dan pengantaran grabfood kasih waktu biar cepat di antar ke pelanggan saya kecewa sama mitra driver grab food suka lama di resto kalo bisa kasih waktu biar cepat di ambil dan di antar kalo gak mau bikin aturan seperti itu aku viral kan di media sosial
2020,Pengguna Google,4,2026-06-22 05:41:18,entah kenapa grab mobil kalo hujan dan pagi2 semua bilang lokasi jauh lagi sarapan lah lagi ini lagi itu
2021,Pengguna Google,1,2026-06-22 02:55:59,kalo gak ada driver yang online untuk nganter makanan mending jangan hidupin menu pemesanan kasian pedagang sama pesen makanan udah buatin makanan udah jadi tapi gak driver yg ambil parah banget sih ini aplikasi pembayaran tunai gak usah di adain kalo emang karna pembayaran tunai yg jadi hambatan jangan malah gini jadi kacau semua
2022,Pengguna Google,5,2026-06-22 01:33:51,sekarang susah banget pesan grabfood d malam hari kalau pake tunai selalu d tolak
2023,Pengguna Google,5,2026-06-22 01:18:43,sllu bisa di andalkan grab love grab
2024,Pengguna Google,5,2026-06-21 23:40:25,makasi sudah mau menanggapi keluhan dengan bai
2025,Pengguna Google,1,2026-06-21 23:10:56,makin kesini makin lambat di area 5g pun sangat lambat untuk buka aplikasi
2026,Pengguna Google,5,2026-06-21 23:06:31,grab sangat murah dan orang nya selalu ramah dan sopan
2027,Pengguna Google,1,2026-06-21 22:10:06,sumpah lama banget aplikasi sekarang lemo
2028,Pengguna Google,1,2026-06-21 21:06:09,kenapa sekarang semenjak joint sama bluebird jadi lama sekali hampir setengah jam saya nunggu tolong diperbaiki dan seringkali kutemi driver nya ngg ramah sama sekali kyk robot
2029,Pengguna Google,5,2026-06-21 20:45:24,good app tapi harusnya tambahkan kolom tip buat bayar pake qris biar bisa kasih tips buat driver
2030,Pengguna Google,1,2026-06-21 20:14:05,pengiriman lama bgt mentang karena rumah diujung jarang kurir grab yg nerima
2031,Pengguna Google,5,2026-06-21 19:52:05,aplikasi yang memudahkan transportasi pesan makanan dan berbagai layanan lainnya dalam satu platform praktis mudah digunakan dan sangat membantu untuk kebutuhan sehari hari
2032,Pengguna Google,1,2026-06-21 19:45:00,hari ini dikasii jarak yg jauh dari aplikasi dari gedung sejahtera dikasii jalur jalan yg ke jati rangon jati melati padahal bisa dari taman mini trs klo dari tsm cibubur tidak ada pilihan sepeda motor harus mobil ojolnya kaga ganti helm buat penumpang helm bau
2033,Pengguna Google,1,2026-06-21 18:51:13,sama aja kayak gojek mending gojek fitur lebih lengkap banyak promo juga
2034,Pengguna Google,5,2026-06-21 18:28:24,ok perjalanan menuju tempat rumah sehat selalu
2035,Pengguna Google,1,2026-06-21 18:17:54,pesen grab car gak bisa di cancel sudah nunggu 1 jam sopir belum nongol di chat centang 1
2036,Pengguna Google,1,2026-06-21 17:16:46,aplikasinya sangat kurang dalam pelayanannya kurang respon
2037,Pengguna Google,2,2026-06-21 15:15:25,berat bgt apl nya nge lag mulu cek koneksi padahal buka yg lain lancar2 aja
2038,Pengguna Google,2,2026-06-21 14:38:00,diperbaiki lagi untuk pelayanan sinyal dan titik lokasi penerima barang makanan nya ya sama sinyal kalo tlp pakai internet gak jelas
2039,Pengguna Google,3,2026-06-21 13:36:43,kenapa bikin promo makanan tp driver malah cancel kita kan customer cuma pengen nikmatin promo nya
2040,Pengguna Google,1,2026-06-21 13:30:27,aku top up 2x tapi saldoku gak bertambah costumer service nya main akhiri chat begitu saja padahal aku nanya kapan akun ku bisa baik lagi kecewa banget mana aku dah lama banget pake grab
2041,Pengguna Google,1,2026-06-21 13:15:53,baru sekali makai tapi sdh kecewa dengan kurirnya
2042,Pengguna Google,5,2026-06-21 13:04:21,mudah dan cepat dalam pemesanan dan juga alhamdulillah selalu dapat driver yg sgt baik
2043,Pengguna Google,5,2026-06-21 12:58:47,belanja hemat hanya di grab banyak promo dan gratis ongkir nggak pernah dibikin bosan
2044,Pengguna Google,5,2026-06-21 12:55:45,aplikasi super app yang beneran nyelamatin hidup kalau mobilitas lagi tinggi pesan kendaraan cepat pesan makan juga praktis banget pas lagi sibuk kerja atau kejar deadline integrasi pembayarannya mulus cuma di jam jam sibuk harganya kadang surge lumayan tinggi tapi karena keandalannya aplikasi ini tetap wajib ada di hp
2045,Pengguna Google,3,2026-06-21 11:54:31,bagus sangat membantu cuman hargannya kenapa udah nggak masuk akal padahal jaraknya gk jauh dan gratisan voucher sikit banget padahal selalu langganan h
2046,Pengguna Google,2,2026-06-21 11:29:06,sebenarnya untuk fungsi cukup unik tapi iklannya sangat menganggu karena saya tidak menekan apapun juga malah keluar dari aplikasi yg saya buka tolong iklannya jangan terlalu agresif
2047,Pengguna Google,5,2026-06-21 11:10:15,bersama grab mudah mudahan lebih baik untuk kedepanya
2048,Pengguna Google,1,2026-06-21 10:56:31,wkwkwk sebelum topup dan setelah topup ovo biaya driver langsung naik haha
2049,Pengguna Google,5,2026-06-21 08:38:33,aplikasi andalan kalau mau pergi pergi nyari drivernya cepet banget gak pake nunggu lama langsung dapet abang drivernya juga ramah ramah dan amanah sama kadang suka pesen makanan juga mudah banget
2050,Pengguna Google,1,2026-06-21 08:37:39,semakin kesini semakin ga ngotak tarifnya keterlaluan ambil potongan ke driver
2051,Pengguna Google,1,2026-06-21 08:33:21,tolonglah sebagai konsumen setia grab aplikasi titik penjemputan ga pernah akurat koordinat nya di perbaiki jugaa ketika rute pengantarannya biar ga muter muter juga ojek online nya terimakasih
2052,Pengguna Google,5,2026-06-21 08:14:23,saya menyukai aplikasi grab karena sangat membantu dalam kebutuhan sehari hari pemesanannya mudah pilihan layanannya lengkap dan prosesnya cepat selain itu aplikasi ini memudahkan saya untuk transportasi pesan makanan dan pengiriman barang dalam satu aplikasi
2053,Pengguna Google,4,2026-06-21 07:45:57,habis di update sering nge stuck di logo grab
2054,Pengguna Google,2,2026-06-21 07:43:29,lain kali kapok aq kasih rangking sama driver dilahirkan rangking sempurna malah tagihan dilebihin tanpa konfirmasi pdhl g ada biaya parkir ay diturunkan di jln raya tolonglah mimin grabb driver2 nakal macam itu jgn dikasih orderan
2055,Pengguna Google,5,2026-06-21 03:32:40,aplikasi lumayan banget sangat membantu min kami harap aplikasi ini cukup seperti ini min jangan ada perubahan karna seperti ini udah sangat banget membantu aplikasinya kami sangat nyaman dgn apk ini terimakasih
2056,Pengguna Google,1,2026-06-21 03:32:36,mohon maaf aplikasi ini bagus namun kalau soal grabfood prosesnya terlalu lama bahkan sampai 1 jam lebih sampai sakit perut kelaparan mohon untuk kedepannya bisa dipertimbangkan supaya tidak terlalu lama menunggu
2057,Pengguna Google,1,2026-06-21 01:46:17,ntah apa yang di loading kan sinyal internet kuat dan wifi lancar masih aja loading ngga jelas
2058,Pengguna Google,2,2026-06-21 00:58:46,untuk admin grab saya pesan car boking stelah sampai di jamnya malah di batalin kan az
2059,Pengguna Google,2,2026-06-21 00:51:35,hallo tim grab tolong driver nya di kasih paham lagii masa iya nunggu 5menit doang bilangnya sejam klo nggk mau nunggu yaudah cancel aja kan bisaa ngapain harus banyak ngomong
2060,Pengguna Google,5,2026-06-20 21:56:02,sangat puas dengan layanan grab cepat sampai
2061,Pengguna Google,5,2026-06-20 20:06:26,sangat membantu kebutuhan yang gak bisa sendiri
2062,Pengguna Google,3,2026-06-20 19:42:22,oy min klean gapunya driver kah sampe lama banget nyari kurir buat ambil pesanan
2063,Pengguna Google,1,2026-06-20 18:26:06,aku baru aja download pas mau masang alamat kan nyari kota masalah nya ko ga ada kota bogor jadi nya aku hapus lagi padahal mau mesen makanan
2064,Pengguna Google,5,2026-06-20 18:16:21,coba jangan terlalu rakus dengan uang deh min lagi pesan dipotong iklan kam sebel bagus sih apk nya cm iklannya dibuanglah kemaruk berbahaya buat kehidupan
2065,Pengguna Google,1,2026-06-20 18:15:41,aplikasi biadab potongan melebihi iblis langsung saya uninstall karena tidak manusiawi potongan ke mitra banyak sekali 48 tidak sesuai dengan aturan pemerintah bisa saya laporkan ke dinas perhubungan atau kemana ya saya harus melapor saya menggunakan non tunai total tagihan 199rb namun yg diterima driver 84rb saya ada screenshot nya tagihan saya dan foto di hp driver perpres nomor 27 tahun 2026 potongan hanya 8 saya sebagai customer merasa dirugikan karena membayar cukup banyak
2066,Pengguna Google,1,2026-06-20 18:01:22,apa apa mahal serba dipalak pesan item utama dihapus semena mena tanpa konfirmasi biaya platform mahal gak ada urgensinya bayar ini itu untuk apa promo juga kebanyakan syarat ribet pokoknya pakai grab udah gitu kebanyakan iklan pula mending aplikasi sebelah saja lebih ramah pengguna
2068,Pengguna Google,1,2026-06-20 16:42:01,pembaruan terakhir malah bikin aplikasinya jadi berat abis milih makanan ga bisa order gara gara loading terus coba buka aplikasi lain seperti youtube ig dll lancar aja berarti koneksi internet ga ada masalah kan
2069,Pengguna Google,5,2026-06-20 16:13:16,useless app drivers busy in all area
2070,Pengguna Google,5,2026-06-20 15:52:44,sangan membantu saya saat saya berada di malaysia cepat dapat driver drivernya juga ramah
2071,Pengguna Google,5,2026-06-20 15:33:22,gak perlu khawatir lg krn grab selain bisa nyariin sopir doi jg bisa delivery makanan fav ak
2072,Pengguna Google,1,2026-06-20 15:25:26,sulit cari driver nunggu lama gak bisa di batalin buang waktu
2073,Pengguna Google,5,2026-06-20 15:20:01,aplikasi yang membuat kita mudah berpergian kemna mana dan setiap jam selalu ada driver bagus top lah
2074,Pengguna Google,4,2026-06-20 15:18:56,penunjukan alamat yang kurang tepat dan kami kesulitan untuk memperbaiki kesalahan alamat yang tercantum
2075,Pengguna Google,1,2026-06-20 14:41:08,tolong dong pihak grab cari driver nya yang amanah hp kaka saya tertinggal di mobil grab pas di telpon sekitar 30 menitan udah gak aktif aja tuh hp
2076,Pengguna Google,5,2026-06-20 14:31:30,amazing aku mencintai perjalanan dengan grab
2077,Pengguna Google,1,2026-06-20 12:36:08,dua driver merupakan minta batalain alasan nya kejauhan jemput masih bisa di maklumin tapi yg ketiga buat kesal di chat gak respon estimasi dari 12 menit jadi 27 menit mutar gak tau ngapain kalau masih mau kerja jangan kayak gitu lah di skors habis habisan tuh driver yg kayak gitu tingkah nya
2078,Pengguna Google,5,2026-06-20 11:13:34,singkat padat bagus buat jalan jalan
2079,Pengguna Google,1,2026-06-20 10:19:41,diantara aplikasi ojol lain si grab ini notifnya paling ngeselin pagi aja bisa 3x muncul notif belum siang sore malam apaan banget dah ngespam promosi udah kek teror pinjol
2080,Pengguna Google,5,2026-06-20 09:47:34,aplikasi ini sangat membantu bagi saya yg kurang tau bawa motor sendiri apalgi di kota kota besar
2081,Pengguna Google,5,2026-06-20 09:40:33,grab is a versatile app that offers transportation food delivery and digital payment services in one platform the booking process is simple drivers are generally responsive and the app is very practical for daily use
2082,Pengguna Google,5,2026-06-20 09:13:32,aplikasi nyaa sangat bagus fitur fitur nya bagus dan driver nyaa amanah semua
2083,Pengguna Google,2,2026-06-20 09:06:45,tolong tegur drivernya pemilik mobil dengan nomor polisi dd 1572 xau terlalu memaksakan diri masuk depan kendaraan lain sementara posisi sangat dekat
2084,Pengguna Google,2,2026-06-20 08:45:42,apk gak jelas massa gps nya di jakarta haha padalan di bandar lampung tolol apk nya
2085,Pengguna Google,5,2026-06-20 08:28:55,driver sopan dan enak bawa motornya
2086,Pengguna Google,1,2026-06-20 08:18:27,alamat ga sesuai sama tempat aneh lu
2087,Pengguna Google,2,2026-06-20 06:34:40,sempat download karna urgent terus sekarang lagi urgent juga tapi liat harga layanan sepeda motor mahal banget padahal deket banget jadi gak worth it
2088,Pengguna Google,3,2026-06-20 06:25:36,tolong bantuin kepala saya saya ingin sekali menjadi mitra driver grab tapi di kota malang tidak di buka pendaftaran lagi di aplikasi tapi menerima driver baru secara pribadi
2089,Pengguna Google,1,2026-06-20 04:12:58,sangat membantu tapi keluhan saya pas lagi grimis promo sangat susah cari driver dan keseringan klo misalnya kita bayar pake uang 100 rb 50 ribu driver selalu beralasan gk punya kembalian
2090,Pengguna Google,1,2026-06-20 03:45:35,unduh nih apk cuman buat kasih bintang 1 kepada officer bagian bales bales ulasan playstore saran saya mending siap siap cari job lain dah
2091,Pengguna Google,3,2026-06-20 02:24:48,tepat waktu tepat waktu tapi estimasinya dimundurin mulu mundurin aja sampe jam 5 pagi sekalian
2092,Pengguna Google,1,2026-06-20 02:15:30,pesan 4 kali mobil tidak gerak lokasi tetap sama padahal mau ngantar orang sakit bikin kecewa kasih bintang 1 padahal lagi di butuhkan sekali karena keluarga pasien mintak cariin karena tidak ada sanak saudara tolong dong kalau pesen di respon
2093,Pengguna Google,1,2026-06-20 01:11:43,ongkos mahal ditambah drvier nya sombonng dan sering melakukan pelecehan pokoknya driver dari 1 driver 10 orang aja yang baik tak payah pakai grab
2094,Pengguna Google,5,2026-06-20 00:58:19,sangat terbantu untuk lapar tengah malam
2095,Pengguna Google,2,2026-06-19 23:07:22,klo malam susah dibuka app nya
2096,Pengguna Google,2,2026-06-19 22:44:23,ribet transaksi nya harus tunai dll
2097,Pengguna Google,5,2026-06-19 21:46:13,sigap tepat dan cepat selalu hati hati berkendaraan
2098,Pengguna Google,2,2026-06-19 18:54:36,tolong kenapa saya pesan obat dengan harga perkiraan lebih tinggi ternyata pas saya liat distruk pembayaran obatnya harganya lebih rendah tapi saya bayar lewat dia potongnya dengan harga perkiraan itu gimn ya dan saya bayarnya lewat ovo
2099,Pengguna Google,5,2026-06-19 18:48:04,alhamdulillah saya sudah sampai tujuan dan grab baik dan ramah
2100,Pengguna Google,5,2026-06-19 18:31:44,sangat sangat membantu mau prjalanan atau pesan makanan
2101,Pengguna Google,5,2026-06-19 18:29:38,terima kasih banyak kak semoga sehat slalu dan rezeki nya bertambah banyak
2102,Pengguna Google,1,2026-06-19 18:22:30,apasi tbtb akun gue ke logout
2103,Pengguna Google,1,2026-06-19 18:06:00,tdk bisa telpon dan tdk bisa terima tlp dari grab yg di pesan
2104,Pengguna Google,1,2026-06-19 17:21:24,petanya benerin dong kok ga akurat gitu
2105,Pengguna Google,1,2026-06-19 16:20:28,buruk tambah maless pesen makan lewat grapfood udh ada biaya mitra resto ditambah biaya platform
2106,Pengguna Google,1,2026-06-19 15:58:25,hilangin aja fitur bayar cash kalo kita dipaksa cahsless
2107,Pengguna Google,2,2026-06-19 15:42:50,tolong dong perbarui lagi lemot bngt apk nya
2108,Pengguna Google,5,2026-06-19 15:19:09,alhamdulillah sudah sampai lebih cepat dari waktu yang diprediksi suka enak cuma koreksi sedikit kalo dilidah saya agak kurang manis
2109,Pengguna Google,1,2026-06-19 15:01:59,bakso 1 jadi 29 gila gila
2110,Pengguna Google,5,2026-06-19 14:12:32,bagu bg aplikasinya bisa di lacak lagi
2111,Pengguna Google,5,2026-06-19 13:30:22,teman setia ketika males macet dan males masak
2112,Pengguna Google,3,2026-06-19 13:04:24,awalnya baik baik saja eeh akhir2 ini aplikasi hanya bisa dipakai pesan grab bike atau grab car sedangkan untuk pesan grab food tidak bisa kenapa y
2113,Pengguna Google,3,2026-06-19 11:54:18,kak lain kali bikin update bisa 2 devices 1 account dong soalnya tiap log in ke akun yang lain langsung terkeluar di hp satunya thank you
2114,Pengguna Google,1,2026-06-19 11:21:23,pesan makanan harga harga gak masuk diakal dan biaya ongkir dan tambahan layanan untuk per orderan kalau pakai voucher dari grabunlimited biaya ongkir makin naik padahal sama gaji pengemudi gk seberapa diberikan ongkos kepada pengantar yang tidak sesuai ditambah ada biaya layanan besar sekali 2 3rb udah cukup kalau setiap pembeli merasa senang orderan akan bertambah dan makin bertambah voucher anda sendiri yang mengadakan tetapi setiap jarak lebih 12km ongkir naik gk masuk akal
2115,Pengguna Google,1,2026-06-19 10:37:20,aplikasi burik semakin hari semakin susah cari pengemudi grab ngga deket ga jauh selalu dibatalin gatau kenapa
2116,Pengguna Google,1,2026-06-19 10:27:20,ribet amat pakai kontak darurat ini apk ojek apa kepo privasi orang ini apk ojek apa pinjol ribet
2117,Pengguna Google,1,2026-06-19 09:58:05,yang bener bae buat buat apliaksi jangan samo suara notif dengan nada panggilan kami berandai ada pangilan kok grab makin lama makin bobrok aja ya
2118,Pengguna Google,3,2026-06-19 09:40:40,tolong sediakan fitur pembayaran qris di awal perjalanan agak repot kalo ngasih pesanan ke penerima
2119,Pengguna Google,2,2026-06-19 07:46:29,saya agak kecewa dg ongkos yg tertera nominal yg tertera pd saat mau booking dg setelah di booking ternyata mengalami selisih lumayan banyak pdhal biasanya biaya booking tdk sebanyak hari ini sebenarnya bukan masalah jumlah nominalnya tp driver td mengembalikan kembalian tf dr saya sdh gitu datang e lama lagi mohon koreksi lagi
2120,Pengguna Google,5,2026-06-19 07:19:51,ini pertama kali melaui hp sendiri sb sedikit ribet
2121,Pengguna Google,1,2026-06-19 00:51:00,apk grab lama lama ngeselin msh mending indrive dan maxim mereka skrg lbh cepat dan lebih ekonomis selamat tinggal grab gk mao lagi gw di kecewain ama lu
2122,Pengguna Google,1,2026-06-19 00:29:48,grab food bener2 mengecewakan segala ad biaya tambahan prioritas sekian 30mnit 50rb kalau 47 menit bayar 42 rb kalau 59 menit bayar 35 rb gila gw cuma beli nasgor 18 rb tambah lagi ada biaya adm tambah lagi ada biaya ongkir gw jamin dan gw doain grab food nya bangkrut
2123,Pengguna Google,5,2026-06-18 23:28:51,mudah nyaman di antar hingga sampe tujuan
2124,Pengguna Google,5,2026-06-18 22:41:51,pastikan semua ada bonus hari raya buat pelanggan
2125,Pengguna Google,5,2026-06-18 21:02:17,pelayanan abang ojol nya sangat ramah tamah dan baik hati terima kasih banyak ya
2126,Pengguna Google,1,2026-06-18 20:50:39,tolong tidak memberikan kepastian udah nunggu lama pesen makan driver tidak dapat dapat tidak bisa cancel jadinya tidak bisa ad kepastian harus menunggu
2127,Pengguna Google,5,2026-06-18 20:13:17,nasi gorengnya enak porsinya sangat mengenyangkan
2128,Pengguna Google,5,2026-06-18 19:50:50,ok akhir ini aplikasinya kok susah di buka ya
2129,Pengguna Google,5,2026-06-18 19:28:56,aplikasi yang sangat bagus dan terpercaya
2130,Pengguna Google,1,2026-06-18 19:08:24,driver grab pemalas jemput klo jauh dikit jauh beda sama maxim
2131,Pengguna Google,5,2026-06-18 18:32:54,bpnya mau bantu saya yg belum begitu paham karena memang manula
2132,Pengguna Google,5,2026-06-18 17:45:25,bagus banget aplikasi nya cocok banget untuk cari makan
2133,Pengguna Google,5,2026-06-18 17:26:06,terimakasih greb telah membuat pasan semangkin mudah
2134,Pengguna Google,3,2026-06-18 15:42:05,kenapa aplikasi grab jadi lemot bnget
2135,Pengguna Google,1,2026-06-18 14:15:36,ngak bisa di hapus riwayat batal atau pesan
2136,Pengguna Google,1,2026-06-18 13:28:32,masih banyak oknum ojek yg nakal akal akalan minta parkir dan di patokin berapa berapanya pdhal ada beberapa tempat atau resto menyediakan free parkir untuk driver ojek
2137,Pengguna Google,5,2026-06-18 12:31:50,driver nya ramah dan sopan sangat memuaskan buat sy
2138,Pengguna Google,1,2026-06-18 12:26:43,mau daftar aja ribet bnget prosesnya
2139,Pengguna Google,5,2026-06-18 12:26:05,terima kasih krn menangani complan sy dgn cepat dan tuntas
2140,Pengguna Google,5,2026-06-18 11:48:14,terimakasih sudah memberikan solusi dan penyelesaian untuk laporan saya mengenai pembayaran grab food saya
2141,Pengguna Google,1,2026-06-18 11:42:17,aplikasi buruk banget kuota banyak ini loh tp aplikasi keluar mulu mau masuk loading terus keluar lagi hade perbaiki dong
2142,Pengguna Google,1,2026-06-18 03:38:32,sdh brlngganan tpi tak smuanya gratis ongkir ada diskonnya kdg hnya pjangan sja tpi tak bisa digunain wktu pengantaran lbih lama dari prjanjian pesan psan mkaan lainnya resto ttup tpi trtulis msih bukandan ktika sdh psan lalu ditunggu lama tiba ada pmbatalan krna restonya sdh ttup tak ush didownload dipke apk ini gaje dan ngeselin
2143,Pengguna Google,5,2026-06-18 03:09:40,penjemputan cepet aa drivernya ramah dan sabar alhamdulillah puas
2144,Pengguna Google,4,2026-06-18 00:14:22,app yg bermanfaat sekali terima kasih
2145,Pengguna Google,1,2026-06-17 23:11:30,gak jelas grabfood jelek banget order makanan yang keterangannya masih buka ternyata nyampe sana tokonya tutup drivernya bingung dan gak mau cancel sementara diakun costumer juga gaada opsi batalkan akhirnya mau gak mau harus tetep bayar buat nyelesain pesanan tapi makanannya gaada jelekk bange app ini mana gaada solus dari dapatkan bantuan kayanya gua uninstall aja deh
2146,Pengguna Google,5,2026-06-17 23:05:09,supir nya ramah baik dan cepat
2147,Pengguna Google,5,2026-06-17 21:52:37,aplikasi untuk memesan ojek yang sangat membantu pemotor yang terkadang masih berkendara sesukanya namun grab selalu berempati ketika di jalan dan juga untuk pengemudinya
2148,Pengguna Google,1,2026-06-17 21:38:00,haloo grab maaf aku kasi ranking 1 yaa sellsingapore
2149,Pengguna Google,1,2026-06-17 21:20:44,nyari titik aja susah banget ga kaya gojek langsung muncul
2150,Pengguna Google,2,2026-06-17 20:23:58,parah sih nih grab uxnya ancam gitu kalo lu jarang batal bakal dapat driver lebih dekat menurutku ini kurang enak banget
2151,Pengguna Google,5,2026-06-17 20:16:26,good experience to buy some foods
2152,Pengguna Google,5,2026-06-17 19:42:41,mau request sediain grab di dieng biar apa mudaah plii
2153,Pengguna Google,5,2026-06-17 18:47:59,saya puas dgn pelayanan grab dan pengemudinya dalam merespon pesanan gojek nya atau apapun itu pesan dr saya selalu jaga kenyamanan penumpang atau lebih di tingkatkan lagi dan pertahankan makasih buat seluruh kru atau pengemudi sukses selalu
2154,Pengguna Google,5,2026-06-17 18:22:07,dunia nyata telah berakhir sekarang tinggal mimpi manis
2155,Pengguna Google,5,2026-06-17 18:18:08,grab is an excellent app that provides convenient transportation food delivery and other daily services in one platform the app is easy to use the drivers are generally professional and the service is reliable it has made everyday activities much more convenient and efficient
2156,Pengguna Google,5,2026-06-17 17:42:02,the ultimate super app booking a ride is quick and the food delivery service is always reliable seamless cashless payments with grabpay too
2157,Pengguna Google,5,2026-06-17 17:34:37,setelah di update kok jadi gak bisa buat isi pulsa dr grab pembayaran lewat ovo pdhl sblm sblm nya bisa aja ini malah jadi gak bisa hadeu
2158,Pengguna Google,5,2026-06-17 17:33:17,grab itu aplikasi yang sangat membantu untuk kebutuhan sehari hari mau pesan ojek mobil atau makanan semuanya gampang banget lewat satu aplikasi aku juga suka karena prosesnya cepat dan biasanya driver nya juga responsif harganya juga bisa dipilih sesuai kebutuhan kadang ada promo juga jadi lebih hemat pokoknya grab itu praktis dan sangat berguna
2159,Pengguna Google,1,2026-06-17 17:22:44,saya pindah aplikasi karena grab ojolnya milih order 3x nunggu lama di tolak terus untuk daerah pondok ranji tangerang
2160,Pengguna Google,1,2026-06-17 17:00:02,lebih amanin lagi dong drivernya biaya yg benernya 10rb tiba driver nambahin biaya lain 10rb jadi 20rb padahal posisinya ga masuk tol ga bayar parkir sama sekali jaraknya pun dekat banget ga lebih dari 2km harusnya grab bisa lacak itu perjalanannya ngelewatin tol atau engga dan kalo bayar parkir lihat si drivernya diem berapa lama ini ga parkir tiba2 bayar 10rb wkwkw kecewa bgt si udah pake grab bertahun2 padahal
2161,Pengguna Google,5,2026-06-17 16:52:43,grab murah bgt ga kaya aplikasi sebelah
2163,Pengguna Google,3,2026-06-17 15:32:04,nunggu 3 jam lebih buat driver makanan yang engga kunjung ada aku harus gimana padahal makanan udah jadi tapi nggak bisa dibatalin buat gnti metode pembayaran
2164,Pengguna Google,5,2026-06-17 15:18:51,ulasan untuk grab grab indonesia grab adalah aplikasi serbaguna yang sangat membantu dalam aktivitas sehari hari selain menyediakan layanan transportasi online grab juga menawarkan pesan antar makanan pengiriman barang dan pembayaran digital dalam satu aplikasi antarmukanya mudah dipahami proses pemesanan cepat dan fitur pelacakan lokasi secara real time membuat pengguna merasa lebih nyaman dan aman grab juga sering menghadirkan promo menarik yang dapat menghemat biaya
2165,Pengguna Google,1,2026-06-17 14:10:28,overprice harga ongkir nya gangotak bgt hmpir setengahnya dari barang yg dibeli
2166,Pengguna Google,5,2026-06-17 13:55:13,you need to drive good foods just download grab the best app for you need
2167,Pengguna Google,5,2026-06-17 13:24:42,grab is a versatile app that offers transportation food delivery and other services in one platform it is very convenient for daily needs with real time tracking and multiple payment options
2168,Pengguna Google,1,2026-06-17 13:01:35,apk scam mau beli makanan harga awal 60k gara saldo kurang jadinya isi dulu pas udah topup eh harga jadi 90k diskon ilang semua
2169,Pengguna Google,1,2026-06-17 12:45:27,terlalu banyak keterbatasan promo jadi kami sebagai pengguna grab sgt kecewa jika ingin belanja makanan maupun barang
2170,Pengguna Google,1,2026-06-17 12:06:35,ada salah satu driver gojek yg dimana dia gak sabaran dan menyalip menggunakan bahu jalan pdhl itu buat pejalan kaki dan saya yg mengantri dijalan paling kiri bukan dibahu jalan jalan saya dipotong oleh driver ojol tersebut dan disitu saya kaget dan reflek nurunin gear tanpa sadar ternyata turun ke gear 0 dan motor saya meraung serta badan saya hampir jatuh dia marah2 dengan menyebutkan beberapa kalimat toxic kpd saya dan menyebut saya gak sabaran pdhl dia yg motong jalan saya
2171,Pengguna Google,5,2026-06-17 11:44:46,grab membantu sy kemana mana d saat sy tdk membawa kendaraan pribadi
2172,Pengguna Google,1,2026-06-17 11:05:39,nama brand yang tidak sesuai fakta lapangan akun toko dari total buah segar tangerang banten telah sengaja menyalahgunakan nama brand dari total buah segar
2173,Pengguna Google,3,2026-06-17 09:57:04,untuk layanan grab food nya sangat lama bisa 1jam lebih
2174,Pengguna Google,1,2026-06-17 07:45:23,jangan gunakan grab terutama untuk grabcar pengemudi bintang 5 atau 4 9 anda cuma akan disuruh menunggu tapi pengemudi sendiri menjauh sudah komplain berkali kali ke grab tidak ada solusi
2175,Pengguna Google,1,2026-06-17 06:49:50,aplikasi freak klo mo pesen ngelag bgt kocak aneh bgt map suka ga jalan ga ngerti driver dimana oneng bgt ni aplikasi kocak
2176,Pengguna Google,3,2026-06-17 06:46:33,rating 1 krna iklan kamu dimana ganggu d tmbh slalu kepencet masuk pas mau skip pdhl udh punya apk tpi malah ganggu
2177,Pengguna Google,1,2026-06-17 04:57:54,makin buruk apa lg grabmart nya hadeh sering bgt pesen barangnya gk lengkap dan ketika ngadu ke customer service g berguna krn gk balik jg uangnya cumn iming2 ganti voucher aja dan kejadian trs kurang2 trs tiap blnja entah 1 atau bisa 3item dan smua uang gada yg balik kecuali iming2 ganti sm voucher diskon klo kita balik blnja lg bru bsa di pake itu jg ada jangka expired nya males sm kebijakannya
2178,Pengguna Google,5,2026-06-16 23:34:56,klou naik grab itu aman dan orang orangnya pada ramah baik selamat sampai tujuan trimakasih
2179,Pengguna Google,5,2026-06-16 22:54:02,grab has made daily transportation and food delivery much easier the app is user friendly the service is reliable and the drivers are usually very professional and friendly
2180,Pengguna Google,1,2026-06-16 22:19:32,mahal banget harga nya ga ngotak jujur sellsingapore
2181,Pengguna Google,5,2026-06-16 22:10:31,boikot apk singapura gara gara negara itu dolar naik
2183,Pengguna Google,1,2026-06-16 21:17:45,drivernya tolong di kendalikan terutama bagian mobil saya udah nunggu 4 5 menitan orang nya ga jalan saat saya batalin orang nya malah marah marah saat perjalanan juga saat melewati polisi tidur drivernya tidak mengerem sangat mengganggu kenyamanan
2184,Pengguna Google,5,2026-06-16 20:56:21,tepat waktu n rapi jg ramah
2185,Pengguna Google,5,2026-06-16 20:40:48,sangat membantu di kala mager keluar beli makan pencet pencet datang de maacii grab
2186,Pengguna Google,1,2026-06-16 19:57:19,help center makin lama driver makin dikit orderan makin lama diambil ga guna langganan unlimited
2187,Pengguna Google,1,2026-06-16 19:10:23,yg baca ini jangan di instal
2188,Pengguna Google,5,2026-06-16 19:09:33,sangat membantu dan selalu ada 24 jam
2189,Pengguna Google,5,2026-06-16 19:02:14,terimakasih grab memudahkan saya kemana mana
2190,Pengguna Google,5,2026-06-16 17:08:46,aplikasinya sih ok tapi kenapa ada order beta ngga kasian apah ama yang cuma memakai apk satu mungkin kalo yg pake apk maxsim full senyum tapi yg pake apk grab sangat miris sekali ada pilihan sangat murah murah sedang dan murah bakalan sangat susah ambil yg ke tiga di paksa ambil yang kedua sangat melelahkan gacor tapi uwang nya pas pasan
2191,Pengguna Google,5,2026-06-16 15:15:48,grab gembel aplikasi yg sangat tidak rekomendasi
2192,Pengguna Google,1,2026-06-16 14:46:10,maaf saya kasih bintang satu tolong saya ingin apk grab yang dulu bukan sekarang saya mau pesan grabcar harus pesan dulu dan gak bisa melihat titik tolong di update kan
2193,Pengguna Google,5,2026-06-16 14:42:58,terkadang terbayang di benak fikiranku kapan ya grab punya tanah sendiri untuk membangun kantor pusat tiap provinsi fasilitas masjid tempat ibadah tempat istirahat sejenak parkir yang cukup sambil charger hp kami para mitra grab indonesia saya yakin perusahaan grab pasti bisa terimakasih grab dan para pejuang di perusahaan grab indonesia mitrabali
2194,Pengguna Google,1,2026-06-16 14:11:37,udah langganan tapi gaada promo samsek
2195,Pengguna Google,1,2026-06-15 06:13:09,grab sekarang benar benar kurang ajar sudah dapat driver malah di ganti lagi ganti lagi aplikasi setan ngambil grab juga lama
2196,Pengguna Google,5,2026-06-13 21:55:52,terbaik kalau bisa langsung dapat kita orang oder gerp nya tarbaik
2197,Pengguna Google,1,2026-06-12 18:03:06,knpa saya gk bisa upload fto profil
2198,Pengguna Google,2,2026-06-11 09:21:04,lama aplikasi grab ini macam tak kompeten saya tengah buru dah tunggu lama tiba driver batalkan
2199,Pengguna Google,5,2026-06-10 12:37:03,kaloo bunda males jemput akuu pkee inii belii makanan klo males ketempatny langsung aku juga pke inii semuanyaa jdii lebih praktis klo pke grab
2200,Pengguna Google,1,2026-06-10 11:07:58,di palu ad driver minta uang lebih utk bisa dpt fasilitas ac niat nya mau ngasi tip tpi jdinya ngasih bintang 1
2201,Pengguna Google,2,2026-06-10 10:23:39,mengganti nama profil harus pindahin ovo cash dulu ribet keamanan untuk customer harus di tingkatkan sekarang sudah gak bisa kasih bintang lebih dari 1 minggu customer yg di jemput di depan rumah jadi takut memberi bintang jika driver melanggar aturan lalu lintas karena dalam 1 minggu driver mungkin ingat siapa customernya
2202,Pengguna Google,5,2026-06-10 09:46:09,aplikasi andalan saya setiap hari untuk berangkat kerja driver grabbike dan grabcar nya ramah sopan dan kendaraannya bersih fitur grabfood juga juara kalau lagi mager masak pilihan restonya lengkap dan makanannya selalu sampai dalam keadaan hangat karena driver nya gerak cepat sukses terus grab
2203,Pengguna Google,1,2026-06-10 09:42:53,telat datang gara2 driver lama menjemput yang pertama driver gak gerak2 dari lokasi cancel dapet driver tiba2 lokasinya semakin menjauh dari titik penjemputan bukan sekali dua kali nuggu driver lama
2204,Pengguna Google,5,2026-06-10 07:56:28,aplikasi ini sangat bagus dan menarik
2205,Pengguna Google,4,2026-06-10 07:19:02,slama ini kalo pesan bagus2 aja tapi skrng pesanan tiba2 d cancel driver tapi orderan dari resto nya sudah d ambil tiba2 ganti2 driver tapi posisi pesanan sudah tida ada karna sudah d ambil driver pertama sedangkan pesanan ga ada smpe ka saya mau d batalkan tapi ga bisa skrg jadi banyak driver nakal
2206,Pengguna Google,5,2026-06-10 02:30:18,grab offers a very convenient and dependable service whether i need transportation food delivery or other services the app is easy to use and efficient the booking process is smooth and the drivers are generally professional and helpful
2207,Pengguna Google,5,2026-06-10 00:49:44,aplikasi amanah untuk antar dan kurirnya ramah
2208,Pengguna Google,1,2026-06-09 21:35:58,hari ini di malang saya mengalami beberapa kerugian saya bayar grab 2x dan gopay saya terkunci karna apa apk yang ngebug
2209,Pengguna Google,1,2026-06-09 21:34:01,driver mobilnya gak ramah maksa orang suru bayar pke ovo pas macet malah marah marah gak jelas sampe di bilang orang sini mah pakenya cash mulu gak mau pke ovo yg bikin sakit hati pas marah marah karna macet disitu ibu dan adik saya lagi bawa anaknya yg sakit mau ke klinik kalo gak niat kerja gak usah kerja kasian ibu saya digituin saya merasa gak terima tolong ya di peringatkan untuk para pekerjanya jaga omongan nya
2210,Pengguna Google,1,2026-06-09 20:22:51,app sering error kalau pakai pembayaran qris jadi sering bayar dua kali tolong uang sy yg sy komplain di pusat bantuan dikembalikan
2211,Pengguna Google,1,2026-06-09 18:09:36,sinyal hilang hilangan terus padahal buka yt 1080p bisa
2212,Pengguna Google,3,2026-06-09 17:45:02,untuk maapnya kalau bisa dibikin seperti gogle map bisa pakai pilihan satelit biar kedepanya lebih mudah untuk menentukan lokasi tujuannya
2213,Pengguna Google,4,2026-06-09 17:44:05,maaf sebelumnya kenapa sekarang ada fitur verifikasi wajah kita ya min soalnya baru pertama kali donwdod sih
2214,Pengguna Google,1,2026-06-09 17:37:58,abis di update malah gak mau ke buka sama sekali
2215,Pengguna Google,4,2026-06-09 16:46:05,apk nya bagus aman tapi saya mengalamai hal yang baru saja terjadi pembayaran qr saya sudah scan dan berhasil namun dari aplikasi driver belum selesai masih meminta kode qr dikarenakan takut error lagi jd saya bayar cash mohon untuk d tindak lanjuti terima kaasih
2217,Pengguna Google,1,2026-06-09 15:51:26,susah banget di downloadnya pertanyaannya bertele dan susah ngepasinnya wkwkwk
2218,Pengguna Google,1,2026-06-09 15:36:31,saya pembayaran qr sudah oke tapi kok kenapa diaplikasi nya malah ga masuk saya kasihan abangnya saya juga udah kasih bukti ke dia jadi bayar double tolong yah grab performa aplikasi nya malah makin jelek
2219,Pengguna Google,2,2026-06-09 15:29:57,saya memakai metode pembayaran qris di hp customer uda berhasil bayar tp di hp pengemudi ga berhasil tolong dong di tindakk kasiann pengemudinya saya juga jadi di jegat lama sm pengemudi kalo emang qris blm sepenuhnya pasti gausah adain qris uda gitu pusat bantuannya ai gaada pusat bantuan yang di jawab melalui karyawan gmanasi grabb
2220,Pengguna Google,1,2026-06-09 15:15:46,pengantaran nya lama banget udah saya tunggu sejam gaada driver nya akhirnya saya batalin padahal saya laper banget gak kayak apk sebelah yang sat set hade
2221,Pengguna Google,4,2026-06-09 15:10:18,kalau kasih notifikasi yang jarang napa mengganggu tau gak lagi main tiba tiba muncul notifikasi grab sangat menggangu tolong kurangi notifikasi nya
2222,Pengguna Google,5,2026-06-09 14:07:58,sangat membantu aktipitas kesehatian apalagi di waktu mepet semoga terus jaya
2223,Pengguna Google,3,2026-06-09 13:59:22,ini knpa si sekarang buka apk grab nya susah banget suka kluar apk sendiri kadang loding nya lama padahal dulu ga git sebel de
2224,Pengguna Google,1,2026-06-09 13:48:16,kak jadi gini saya akan bayar perjalanan dengan menggunakan qr ya nahh di status pembayaran saya sudah berhasil tapi di aplikasi grab abang nya pembayaran masih belum selesai trus ketika saya mencoba bayar lagih dengan qr dari aplikasi abang nya qr nya tidak bisa jadi saya harus tf ke dana abang nya sendiri dan alhasil saya yang harus bayar 2 kali
2225,Pengguna Google,2,2026-06-09 13:46:59,ini kok apknya rada rada ya milih proses pembayaran qris udah di tf tapi si grab drivernya ngga bisa nyelesain orderan gimana sih ini apknya terpaksa ganti metode pembayaran tunai terus si grab driver saldonya kepotong kek mana lah ini apknya
2226,Pengguna Google,5,2026-06-09 13:40:53,sangat membantu sekali cepet dan nyaman
2227,Pengguna Google,5,2026-06-09 13:40:03,alhamdulillah dengan adanya aplikasi ini sangat membantu perjalanan saya yg gk punya kendaraan
2229,Pengguna Google,2,2026-06-09 11:47:45,saya ditagih lebih mahal hanya karena pakai voucher dan katanya macet salah saya macet dan saya sudah bayar lewat ovo namun dikatakan belum bayar saya tunjukkan bukti sudah bayar namun dia cek2 lama dan pergi dengan bilang oh yaudah tanpa bilang maaf sudah menuduh saya bayar tunai padahal saya bayar dengan ovo saya kecewa sekali dengan grab sekarang ini kenapa penumpang yang ditagih kenapa penumpang yang salah kalau macet fyi dia minta tambahan dgn uang tunai biar gak ke detect grab
2230,Pengguna Google,5,2026-06-09 11:46:35,driver baik dan ramah pelayanan memuaskan
2231,Pengguna Google,1,2026-06-09 10:56:24,knp gak bs update lg grab
2232,Pengguna Google,5,2026-06-09 09:02:32,mudah di pesan dan driver asyik
2233,Pengguna Google,1,2026-06-09 08:50:06,udah langganan unlimited saya tidak suka dengan sistem gn di kcic saya mau pemesanan kembali online sistem tidak bisa mencari jalur tanpa gage padahal saya tau jalan tanpa gage
2234,Pengguna Google,2,2026-06-09 08:34:33,aplikasi ga jelas mau belanja malah disuruh verifikasi terus gak bisa pesan apa apa
2235,Pengguna Google,1,2026-06-09 07:52:53,makin lama makin aneh driver udah deket di cancel padahal pake yang prioritas sampe telat trs benci gw
2236,Pengguna Google,5,2026-06-09 06:34:35,terima kasih uda anter anak ibu
2237,Pengguna Google,1,2026-06-09 06:22:18,sumpah kenapasih pesen bike hemat harga awal 13k tibatiba pas nyampe jadi bike standard mau gak mau bayar sesuai di apk abangnya padahal mesennya dari awal yang bike hemat sebelum judge aku bilang kamu salah kali kepencet kali gak ya aku udah 2x ngalamin begini pertama abangnya oke aja sesuai harga awal karena abangnya emang liat harganya 13k abangnya juga kaget kenapa tibatiba jadi 19k tapi baru banget tadi ngalamin abangnya beda tetep kekeuh bayar yang 19k benerin dong sistemnya
2238,Pengguna Google,3,2026-06-09 06:19:30,mohon ditertibkan driver yang nomor plat tertera di aplikasi sama dengan yg dtg menjemput demi keamanan dan kepercayaan pelanggan
2239,Pengguna Google,5,2026-06-09 04:57:20,mudah digunakan mudah dipahami alur semua isi plafon apl grabenya
2240,Pengguna Google,1,2026-06-09 04:15:11,lemot gajelas suka ngubah waktu pesenan semau sendiri
2241,Pengguna Google,1,2026-06-09 00:21:00,tdk bisa di buka aplikasi nya jelek sekali
2242,Pengguna Google,5,2026-06-08 21:35:17,layanan transportasi dan pesan antar yang praktis cepat dan mudah digunakan untuk kebutuhan sehari hari
2243,Pengguna Google,1,2026-06-08 21:24:28,yang benar aja estimasi pengantaran 1 jam sama dengan waktu resto tutup gimana maksudnya coba
2244,Pengguna Google,1,2026-06-08 20:59:03,jaringan gw lagi bagus ya selalu ngelag tiap pesan grabcar selalu jelek gak bisa loading lah gak bisa ngechek lah bener bener jelek ya bikin emosi aja
2245,Pengguna Google,1,2026-06-08 19:55:34,kalau udh kelamaan dapat driver waktu estimasinya bakal dimundurin terus sampek mati kelaparan nunggu kok hampir 2 jam gak jelas gabisa dibatalin pula apk gabisa ngasih solusi
2246,Pengguna Google,5,2026-06-08 19:49:27,terimakasih diver jln kalem g ngebut
2247,Pengguna Google,5,2026-06-08 19:07:19,sangat bagus saran menurut saya ui nya diperbagus misalkan salah satu contoh rangkuman pesanan makanan diperbagus dan ditaruh didalam sebuah kotak yang ujungnya tidak tajam tata letak dan ikon layanan diberanda diperbagus seperti makanan motor logonya diperbagus dan setiap layanan dipencet di atas pojok kiri selalu ada tulisan nama layanannya seperti kita masuk ke grab ride atau grab gifts ada tulisan yang gede tapi ga terlalu di atas kiri pojok contoh grabride terimakasih
2248,Pengguna Google,1,2026-06-08 18:30:45,maless banget kenapa jadi sering double yaa padahal pesanan sudah selesai tapi dapet lagi dan tidak ada notif nyaa mohon sangat untuk di perbaiki lagi karena ini udah ke 2 kali nya
2249,Pengguna Google,3,2026-06-08 18:15:37,sulit seting titik jemput nya aplikasinya pas udah di setting pas mau pesen ubah sendiri aneh
2250,Pengguna Google,1,2026-06-08 16:51:40,aplikasi sampah maps nya gak akurat lemot penyelesaian masalah nya lama
2251,Pengguna Google,5,2026-06-08 16:40:30,sngt membantu buat saya yg tdh bisa berkendara
2252,Pengguna Google,5,2026-06-08 15:25:43,grab is a convenient all in one platform that offers transportation food delivery and digital payment services the app is easy to navigate provides reliable services and helps users save time in their daily activities
2253,Pengguna Google,2,2026-06-08 14:11:12,kecewa banget sama apk grab pesan kurir di tungguin 3 jam karena kurir ambil 3 pesanan dan saya pesanan ke 4 udh tunggu lama malah suruh cansel sama drivernya dikarenakan motornya sudah penuh lain kali kalo kasih orderan ke driver cukup 1 2 orderan aja jangan 4 giliran pesen lagi harus tunggu lagi 3 jam sama dg sttus kurir sedang mengambil 3 pesanan ntr cansel lagi nunggu lama
2254,Pengguna Google,5,2026-06-08 14:09:40,ramah dan amanah terimakasih ya bang
2255,Pengguna Google,5,2026-06-08 13:30:37,apk yang berguna jadi gk usah keluar rumah kalo mau pesan
2256,Pengguna Google,5,2026-06-08 13:28:15,bagus nyaman sopan tidak ugal ugal an
2257,Pengguna Google,5,2026-06-08 13:22:54,coba deh kak tambahin aplikasi gopay soal nya saya pakai gopay biar lebih mudah
2258,Pengguna Google,5,2026-06-08 12:50:15,memudahkan dalam satu aplikasi sudah sangat lengkap driverr2nya pun ramah ramah mwmbantu di saat saat butuh
2259,Pengguna Google,5,2026-06-08 12:41:14,mantep 21k dapet pcx di apk sebelah 24k cuman beat
2260,Pengguna Google,1,2026-06-08 11:56:59,terlalu lama menunggu mendapatkan driver hingga 1jam lebih saat memesan makanan tapi tetap tidak bisa dibatalkan buang2 waktu aja
2261,Pengguna Google,1,2026-06-08 11:09:49,apk sampah pesen prioritas malah di lamain buat temen2 kalau ada kendala bkn dari resto dan driver nya ya tapi dari aplikasi nya pesen instant malah di bikin sameday korupsi bgt bayar harga instant pelayanan sameday pantes driver nya pada males ambil penipuan dasar
2262,Pengguna Google,2,2026-06-08 11:02:27,kenapa grab sekarang promonya sediki banget hampir gada padahal saya pakai grab unlimited
2263,Pengguna Google,5,2026-06-08 10:32:20,sangat ngebantu banget dalam pesen2 makanan
2264,Pengguna Google,5,2026-06-08 08:31:28,lumayan murah sangat cpt dan nyaman
2265,Pengguna Google,5,2026-06-08 08:27:14,baru pertama naik greb makasi ya siabang y baik
2266,Pengguna Google,1,2026-06-08 08:17:04,aplikasi gaje mau daftar akun baru krna blum punya udh selsai daftar malah di bekukan
2267,Pengguna Google,1,2026-06-08 06:08:53,harus 25 menit dulu baru bisa dpt grab entah seever atau gimana aplikasi lemot dibukanya
2268,Pengguna Google,5,2026-06-08 05:52:02,slalu sigap saat di butuhkan
2269,Pengguna Google,1,2026-06-08 05:18:32,harga grab makin tak masuk akal
2270,Pengguna Google,2,2026-06-08 04:02:21,minta diupdate tapi malah ga bisa kebuka buang buang kuota terpaksa instal ulang pasang baru lagi
2271,Pengguna Google,1,2026-06-08 01:16:14,kocak ini gw ada promo potongan harga 27k pas pencet digunakan malah muncul promo yg kamu pilih ngga bisa digunakan pdhl barusan sebelum isi saldo ovo bisa digunakan tapi pas udh disi gabisa kocak
2272,Pengguna Google,3,2026-06-08 00:06:57,mohon maaf untuk grab tolong banget ini mah klo jemput bisa gak sesuai estimasi jemput ini mah lam banget jemput nya
2273,Pengguna Google,5,2026-06-07 22:19:56,pengemudi baik sopan ramah danntahu jalan
2274,Pengguna Google,4,2026-06-07 21:42:55,kembalilan fitur tip ke yang dulu makin susah ngasih tip tolong dong kembalikan fitur untuk tip kesemula agar mempernudah memberi tip ke pada mitra anda
2275,Pengguna Google,1,2026-06-07 19:57:00,beli paket tulisan nya 110k 35 gb d grab pas udh di beli masa yg masuk cuma 25gb gimana ceritanya
2276,Pengguna Google,5,2026-06-07 18:35:43,mantap serta pesenanny dtng tepat waktu
2277,Pengguna Google,2,2026-06-07 17:20:48,udah lumayan tapi masa saya dua kali lokasinya gak sesuai jadi mesen dua kali kan
2278,Pengguna Google,1,2026-06-07 15:36:55,kenapa tidak bisa berfungsi aplikasi ini di hp saya say bulan pengguna baru
2279,Pengguna Google,1,2026-06-07 15:03:12,pesanan ber jam2 tidak dapat pengemudi hingga kelaparan ujung2nya pemesan pergi ke resto sendiri grab tidak mau intropeksi diri kadang hanya membela toko atau pemesan tidak bisa menjadi pihak netral padahal katanya statusnya mitra pengemudi
2280,Pengguna Google,1,2026-06-07 14:30:43,baru sedetik pesen tp gabisa dibatalin anjir gajelas udh mana lama pengantaran
2281,Pengguna Google,1,2026-06-07 14:11:52,aplikasi gak jelas tiba akun saya di tangguhkan padahal saya baru selesai pesan
2282,Pengguna Google,1,2026-06-07 13:47:25,grab anj ng pesen 1 dikirim 2 driver
2283,Pengguna Google,1,2026-06-07 13:30:28,perah banget salah satu mitra grab jadi posisi saya di kontrakan ojol di depan gerbang kontrakan di suruh masuk ga mau terus saya yang ke luar eh dia marah ini kontrakan ga bisa di masuk sebrang orang lah grab kurir juga ada yg masuk ko aman aja saya tanya yg punya kontrakan juga boleh parah banget mana ngmong ke gitu kenceng banget sampe tetangga sebelah pada keluar saya yg jadi malu sendiri
2284,Pengguna Google,5,2026-06-07 12:43:52,aplikasi yang cocok untuk untuk tggl tua
2285,Pengguna Google,5,2026-06-07 11:44:59,udah harga terjangkau tapi kenyamanan berkendara selama ini nyaman sekali kualitas jg oke suka banget semoga selalu amanah dan rezeki lancar
2286,Pengguna Google,3,2026-06-07 11:18:16,akhir akhir ini grab sering lag gabisa dibuka loading lama banget gatau kenapa padahal jaringan tuh udah bener bener stabil tapi masih aja si aplikasinya gamau kebuka and harganya beda banget sama di toko aslinya lebih mahal dua kali lipat dari harga aslinya tolong dong buat grab segera diperbaiki ya
2287,Pengguna Google,1,2026-06-07 10:15:12,tolong di perhatikan lagi driver mya driver atas nama sumarlan menambahkan biaya parkir tanpa konfirmasi dan menambahkan biaya tol yg seharusnya cuman 8500 tp di tambahkan jd 85 saya komplen ke grab tidak ada solusi sama sekali
2288,Pengguna Google,1,2026-06-07 09:16:19,udh langganan grab unlimited sama aja kya gak langganan diskon minim bgt gak worth it
2289,Pengguna Google,1,2026-06-07 09:13:17,lagi main pun ada iklan tiba tiba ke plaistor
2290,Pengguna Google,5,2026-06-07 05:36:30,terima kasih telah mengantar makanan tepat waktu
2291,Pengguna Google,1,2026-06-06 23:01:51,jelek karna banyak drive yg ngeselin udah nunggu lama tiba tiba di batalkan gtu aja
2292,Pengguna Google,5,2026-06-06 20:40:58,mantap sambil tiduran makanan datang sendiri engk usah repot kalo pas lg mager
2293,Pengguna Google,1,2026-06-06 20:27:55,lama ga guna nunggu 5jam padahal cmn 1kilo
2294,Pengguna Google,5,2026-06-06 19:34:17,naik grab paket hemat lebih menyenangkan aman nyaman dan pastinya puas
2295,Pengguna Google,3,2026-06-06 18:57:26,susah cari driver dan lama sekali untuk pick up paket
2296,Pengguna Google,2,2026-06-06 18:11:00,grab sekarang aneh ya drivernya nerima orderan grab food lebih dari 1 jadinya kalo pesen makanan tuh lama pas udah di terima makanan sudah dingin pas di tanya drivernya kenapa lama banget jawabnya karena anter pesenan ke tempat lain dulu makin kesini makin gajelas
2297,Pengguna Google,1,2026-06-06 16:20:57,iklan tero buka aplikasi iklan mau pesen harus nungguin iklan dulu semuanya diiklanin lucu banget loh iklan grab diaplikasi grab
2298,Pengguna Google,4,2026-06-06 15:47:20,sudah bagus tapi untuk pembayaran tambahin dana dong biar pengguna dana juga enak klo abis cash bisa pakai dana memang ada qris tpi untuk dana yang belum prem bagaimana soalnya ade saya pakai grab bayar pake dana yang blm prem gabisa dia sampe minjem cash ke tetangga
2299,Pengguna Google,3,2026-06-06 14:48:46,untuk lokasi tidak akurat waktu tunggu lama untuk menyimpan lokasi baru sulit antara map nama lokasi berbeda bila kita di cancel driver di jalan riwayat pesanan juga langsung hilang jadi susah tracking nya
2300,Pengguna Google,5,2026-06-06 14:36:41,hidup terasa lebih mudah dengan grab
2301,Pengguna Google,1,2026-06-06 14:08:24,suda verifikasi malah gabisa pesan aneh
2302,Pengguna Google,5,2026-06-06 13:48:29,pengemudi grab ramah dan oke dari segi pelayanan memuaskan mantaap
2303,Pengguna Google,4,2026-06-06 13:38:23,metode pembayaran ini tidak d dukung upgrade mulu sering punya wallet sendiri napa d apknya
2304,Pengguna Google,1,2026-06-06 12:41:30,kasian mitra anda di exploitasi dgn tarif yg semakin hancur an udah gak sehat bersaingnya parah
2305,Pengguna Google,2,2026-06-06 12:34:23,masa aku mau batalin pesanan karna warungnya ngga buka ngga bisa di batalin pesanannya kacau aplikasinya
2306,Pengguna Google,1,2026-06-06 12:20:25,harusnya gaush pake bintang sih orng buru malah disuruh verifikasi wajah udah gitu sekarang kalo pake cash ga bisa kan aneh gojek sama apk yang lain aja bisa pesen makan bayar cash
2307,Pengguna Google,1,2026-06-06 12:10:26,parah nih grab akun saya dibekukan lebih dari 3x dan sampai skrg masih dibekukan tanpa alasan yang jelas cocoklah diberikan bintang 1 semoga cepat sadar deh
2308,Pengguna Google,5,2026-06-06 11:47:18,aplikasi yang sangat membantu dalam perjalanan menuju perekonomian indonesia
2309,Pengguna Google,4,2026-06-06 11:18:25,terbaik membantu segala nya tapi minusnya kenapa dapatnya yg jauh ya jadi harus lama nunggu kenapa g kaya aplikasi sebelah yg kita tentuin mau pengemudi yg mana kalo sebelah bisa bayar non cash mending sebelah karna g lama nunggu
2311,Pengguna Google,5,2026-06-06 07:08:02,sya lebih suka naik grab ga ribet klo cari alamat tujuan
2312,Pengguna Google,2,2026-06-06 05:14:05,sudah bagus cuman pas mau buka aplikasi sangat lama dan ngebug mulu
2313,Pengguna Google,2,2026-06-06 02:22:30,ga bisa daftar padahal baru pertama kali daftar pler
2314,Pengguna Google,1,2026-06-05 22:52:02,sering bgt lemot padahal dah pke data wifi
2315,Pengguna Google,1,2026-06-05 22:43:40,padahal masih jam 20 00 order makanan tp gada driver yg anter sibuklah alasan aja segitu banyak driver dikota ini 1 pun gada yg ambil orderannya
2316,Pengguna Google,1,2026-06-05 22:40:45,jaringan bagus lemot banget apk grb
2317,Pengguna Google,1,2026-06-05 20:07:36,kenapa aplikasi grab tidak bisa dibuka
2318,Pengguna Google,1,2026-06-05 20:01:15,mau pesan jam 19 59 belum jam 20 00 pakai acara ditolak harga udah berubag
2319,Pengguna Google,1,2026-06-05 19:53:05,saya isi gopay tp ga masuk masuk komplain k cs via chat tp tanggapannya begitu doank pembeli ga bisa ngchat sama skali
2320,Pengguna Google,1,2026-06-05 19:16:13,tolong lokasi nya ga akurat lagi padahal dulu akurat semenjak update banyak ga sesuai titik jadi harus jalan kaki lagi saya tolong di perbaiki
2321,Pengguna Google,5,2026-06-05 18:42:14,waktu prioritas tidak sesuai dengan yang ditawarkan
2322,Pengguna Google,1,2026-06-05 17:20:03,padahal udah nunggu makanannya tpi ternyata dari pihak resto ga buka padahal udah nunggu dri lama tpi gaada tu kabar apa2 eh tiba2 di batalin aja sama driver
2323,Pengguna Google,1,2026-06-05 15:45:18,loadingnya terlalu lama bagus tapi makin kesini loading terlalu lama kalo masalah jaringan ngk mungkin soalnya aplikasi g k lancar lancar aja
2324,Pengguna Google,5,2026-06-05 13:39:10,pelayanan driver ojol nya dan sikap nya memuaskan dari mulai penjemputan sampai ke alamat nya smg sukses fan lancar trus aamiin
2325,Pengguna Google,3,2026-06-05 13:29:54,klo lagi iklan di platform lain suka tiba tiba masuk apk sendiri padahal gak pencet apa apa
2326,Pengguna Google,1,2026-06-05 13:07:14,capek banget nunggu pengemudi mana nggak bisa dibatalin lagi menyusahkan
2327,Pengguna Google,1,2026-06-05 12:58:18,grab suka lama nunggu nya padahal lagi buru nunggu nya bukan waktu yang sebentar ini lama bangett
2328,Pengguna Google,1,2026-06-05 12:45:29,kenapa grab saat ini aplikasi nya loadingnya lemot bgt susah unk muncul saat wktu mau di pemesanan di aplikasi saya
2329,Pengguna Google,5,2026-06-05 12:22:54,memudahkan dalam memilih armada untuk perjalan karna banyak pilihannya dan sangat memudahkan d saat lapar bisa memesan makanan d aplikasi inj
2330,Pengguna Google,5,2026-06-05 11:56:10,trima kasih pak smoga smkin lancar rejekinya
2331,Pengguna Google,4,2026-06-05 11:23:22,agak kurang suka biasanya ak beli enak udh langganan lama tapi tumben bngt rasa pangsit nya agak bau
2332,Pengguna Google,1,2026-06-05 11:06:19,driver e sombong suka batalke orderan nanti giliran orderan anyeb tuhan yg di salahin
2333,Pengguna Google,1,2026-06-05 10:09:09,aplikasi nggak jelas mau pesan makanan di sini malah toko dibuat tutup padahal sudah saya tanyakan pihak toko kalau memang sudah dibuka di aplikasinya
2334,Pengguna Google,3,2026-06-05 08:15:37,kalo ngasih tau harus update jgn mendadak dong org lg buru buru disuruh update dulu
2335,Pengguna Google,2,2026-06-05 07:29:13,tidak bisa bayar lewat dana harus pindah saldo ke ovo dulu mana biaya admin nya mahal
2336,Pengguna Google,3,2026-06-05 06:19:29,cari driver susah blm lagi klo dpet jg banyak yg suka ngeluh jauhlah apalah sebagai penumpang kan jdnya gak nyaman trs nyari driver gak dapet2 susah padahal saya di kota padahal saya udah pake lama tp tahun ini grab rudet banget
2337,Pengguna Google,5,2026-06-05 05:10:23,lebih murah tapi ngga bisa liat foto nya
2338,Pengguna Google,5,2026-06-05 04:17:06,tertibkan pengemudi yg sudah terima orderan tiba2 minta batalkan pemesanan
2339,Pengguna Google,1,2026-06-05 00:32:06,najis banget tiap malem lapar mau pesen malah bermasalah jaringan wae padahal kouta banyak ane nih gak kayak sebelah langsung bisa diperbaiki yaa tolong banyak juga kan yg lapor masalah jaringan jangan update2 gajelas masalah jaringan noh benerin
2340,Pengguna Google,5,2026-06-05 00:29:30,bikin fitur buat milih gender supirnya min udah follow
2341,Pengguna Google,4,2026-06-04 23:32:06,untuk maps aplikasi grabnya tolong di update dong terimakasih
2342,Pengguna Google,1,2026-06-04 21:37:57,kenapa se sering update aplikasimu lemot
2343,Pengguna Google,5,2026-06-04 20:40:16,bagus bgt ap lagi buat kaum mageran trus juga sesuai pesanan bgt semuanya orang grab ny juga ramah2 bahkan yg mungkin ingin sama sesama gander juga bisa
2344,Pengguna Google,1,2026-06-04 20:27:25,tolong dong diperbaiki saya gak bisa memantau perjalanan anak saya nih aplikasi lelet
2345,Pengguna Google,2,2026-06-04 20:17:14,kalo mau pesan tidak bisa bayar kes ngk semua orang kalo mau beli harus pakai qris atau yll
2346,Pengguna Google,1,2026-06-04 20:08:26,cacat sekarang grab udah jarang ada promo kena cash nya jg ga ngota
2347,Pengguna Google,2,2026-06-04 19:59:05,ongkir food mahal banget gila potongan admin kalo topup ovo juga gede diskon kecil parah banget deh cuma dipake kalo mau pesen pagi sore aja soalnya di apk oren ga ada jd mau ga mau ya pake ini kalo pake si ijo sebelah jg sama aja mahalnya
2348,Pengguna Google,5,2026-06-04 19:54:12,platform yang sangat membantu dalam sehari hari
2349,Pengguna Google,3,2026-06-04 19:53:02,jangan keseringan harus update pls in this ekonomi memo hp penuh soalnya
2350,Pengguna Google,5,2026-06-04 19:34:38,sangat membantu ketika membutuhkan transportasi urgent
2351,Pengguna Google,5,2026-06-04 19:33:34,pak tlg kebali kami lupa byr maaf
2352,Pengguna Google,5,2026-06-04 19:08:41,easy to use and very convenient for transportation and food delivery the service is reliable and the app helps save time in everyday activities
2353,Pengguna Google,1,2026-06-04 19:07:21,di melaka malaysia susah dapat driver udahlah gada dapat dipesan lagi harga makin naik terus
2354,Pengguna Google,1,2026-06-04 18:06:18,habis top up malah ga bisa pesen apapun semuanya gagal apaan ini grab kok malah error gini
2355,Pengguna Google,3,2026-06-04 17:57:26,sayang gk bisa pesan 2 kendaraan aga ribet naik mobil takut macet
2356,Pengguna Google,5,2026-06-04 17:54:43,mantab lebih bagus dri sebelah sebelah kadang klo jauh gak mau ngambil cuka di diemin bae
2357,Pengguna Google,5,2026-06-04 17:12:32,sunggu sangat membantu bagi saya yg tidak bisa berkendaraan sendiri pokok y is the best greb
2358,Pengguna Google,5,2026-06-04 15:53:41,adakah no cs grab yg bs dihub sy pengguna lama kesulitan merubah pembayaran by ovo dll yg menyangkut nomor lama
2359,Pengguna Google,1,2026-06-04 15:14:31,isinya cwe mulu dah mala ketemi driver cewek
2360,Pengguna Google,5,2026-06-04 13:23:30,terimakasih bapak perjalanan sangat nyaman baik bgt pokonya bintang 5
2361,Pengguna Google,3,2026-06-04 12:55:03,gak ada ongkir diskon terasa lebih mahal membuat saya malas mau pesan makanan ketika saya pulang kerja
2362,Pengguna Google,1,2026-06-04 12:54:29,aplikasi ga jelas lol drivernya juga gak jelas
2363,Pengguna Google,5,2026-06-04 08:33:02,perjalanan sangat menyenangkan mobilnya keren banget sopir ramah
2364,Pengguna Google,1,2026-06-04 08:10:43,aplikasi dajal cari keuntungan sebesar besarnya dengan cara mengorbankan mitra driver nya orderan dikasih dua biar bisa disunat sementara customer bayar normal customer nunggu pesanan nya lama datangnya gak tau bahwa driver jemput dua orderan di dua restoran
2365,Pengguna Google,5,2026-06-04 07:51:02,jgn diki dikit update lah biar gk ada keterlambatan dalam penggunaan aplikasi
2366,Pengguna Google,1,2026-06-04 06:13:44,mau bayar grab food ga bisa semuanya ga didukung mau qris mau tunai kan aneh toh
2367,Pengguna Google,5,2026-06-04 04:54:34,potongan 8 kapan berlakunya ya mohon di jawab
2368,Pengguna Google,4,2026-06-04 02:38:05,sejauh ini ok ok aja cman lama bgt bisa gunakan ovo payleter
2369,Pengguna Google,1,2026-06-04 01:52:48,gatau kenapa grab sekarang lebih sering update kalau dibuka aplikasinya lemot banget padahal paketan masih banyak susah pemakaian nya titik grab juga gampang banget berubah ubah tolong lah kalo di update itu sekali aja tapi yang berkualitas
2370,Pengguna Google,5,2026-06-04 00:48:32,cukup mudah dn smoga semua sopir2 tetep sopan seperti yg sdh sya gunakan jasanya
2371,Pengguna Google,5,2026-06-04 00:23:30,ini kenapa aplikasinya jd lemot sih lama banget ke buka nya pdhl grab selalu jdi andalan tapi kalau aplikasinya lemot gini jdi malas
2372,Pengguna Google,1,2026-06-03 23:54:36,grab sering bgt double pesen an padahal udh sampe rumah ada driver nelpon lg nunggu di titik jemputnya lah kan bingung gw nya jd ga enak jg bukan sekali dua kali sering bgt kyk gini coba tolong itu kok bs double pesen an
2373,Pengguna Google,1,2026-06-03 21:55:19,bikin ribet sering eror pas mau ganti metode pembayaran setelah pesen tambahin beberapa tujuan setelah pesanan udah dibuat
2374,Pengguna Google,2,2026-06-03 21:44:18,eror mulu jaringan selalu tidak stabil padahal saya koneksi internet selalu bagus membuka aplikasi lain selalu lancar kalau pakai grab mau pesan makanan selalu terhambat karena kesalahan jaringan terus
2375,Pengguna Google,5,2026-06-03 21:19:06,sama baik saya puas dengan ini
2376,Pengguna Google,1,2026-06-03 20:26:41,ayo dukung kemanusiaan dengan tidak menggunakan aplikasi yang tidak manusiawi terhadap mitra driver drivernya
2377,Pengguna Google,3,2026-06-03 19:53:58,titik pada pemesanan grab food bukan titik terkini tp titik terdekat lebih baik yg kaya dulu
2378,Pengguna Google,1,2026-06-03 19:48:35,saya belanja grab mart menggunakan voucher kemudian ada barang beras 5kg yg dihapus dari pesanan oleh toko secara sepihak tanpa ada konfirmasi sehingga konsumen rugi senilai beras tersebut karena tidak ada penggantian apapun sudah lapor ke pusat bantuan 2x tidak ada solusi pihak toko dan rider saling melempar kesalahan rugi
2379,Pengguna Google,5,2026-06-03 19:47:41,sangat puas dengan playanan deliver y baik
2380,Pengguna Google,5,2026-06-03 18:10:43,payah di pembayaran harusnya saya bayar 3 kenapa pas driver sampe mintanya 8 ga sesuai banget
2381,Pengguna Google,5,2026-06-03 17:17:50,semoga menjadi lebih baik dan berkembang pesat kedepannya terima kasih
2382,Pengguna Google,3,2026-06-03 15:37:15,kenapa saya ga bisa mesen grab ya padahal gojek dan lain2 bisa dibuka
2383,Pengguna Google,5,2026-06-03 15:30:29,aplikasi nyah lelet bila di donlod nyah kalo di perbaharui
2384,Pengguna Google,4,2026-06-03 14:06:40,semakin sering make semakin gk ada diskon 1 voucher pun gk ada tuh diskon buat perjalanan motor grabfood nya juga buset dah itu ongkir sama biaya adminnya gk kira2 makanan jga lebih mahal jatohnya diskon dpet cuma 5rb org mah bkannya makin sering kita order justru voucher nya jga seenggaknya ngasih kek brpa sih oren aja berani ngasih diskon tiap hari
2385,Pengguna Google,1,2026-06-03 13:57:16,mohon maaf sebelumnya ini gimana grab mobil di daerah kec pacet kab cianjur minta tambahan ongkos tdk sesuai yg di aplikasi sudah tau itu titiknya jelas sedang di puskesmas bawa anak sakit malah mnta ongkos double tdk membantu sama sekali tidak bisa menjual solusi buat masyarakat istri saya sama anak2 saya yg mau ngegrab parahh untuk grab motor sangat santun dan ramah terbaik pokok nya grab motor
2386,Pengguna Google,4,2026-06-03 13:25:13,4 dulu karena mau ganti nomor supaya akunnya tetap premium tapi ternyata gak bisa karena 1 akun 1 ktp
2387,Pengguna Google,5,2026-06-03 12:14:55,terimakasih grab semoga sehat selalu jangan lupa tingkatkan terus layanannya supaya bisa lebih mudah lagi
2388,Pengguna Google,3,2026-06-03 11:55:01,terlalu bnyk info2 terasa di ganggu
2389,Pengguna Google,4,2026-06-03 10:17:43,untuk pelayanan kurang ok saya sering bgt pesen pake grab tapi driver nya suka lama bgt padahal cuma 3 menit tapi ga dateng kadang pesenan saya di cancel secara tiba tanpa adanya komunikasi
2390,Pengguna Google,5,2026-06-03 09:46:05,aplikasi tidak pernah mengecewakan dan selalu membantu disaat lagi lapar pokoknya semua
2391,Pengguna Google,5,2026-06-03 09:05:43,driver ramah dan sopan kendaraan bersih
2392,Pengguna Google,5,2026-06-03 08:36:48,mantap luar biasa pokonya sangat membantu
2393,Pengguna Google,1,2026-06-03 07:57:39,harga kadang tak masuk akal 2 kali lipat okelah dari harga standart ini grab makin lama makin payah harga bisa naik 4 kali lipat puih
2394,Pengguna Google,1,2026-06-03 06:56:36,uda lama sekali pakek grab tetapi kecewa kali karena uda dua kali driver sudah di depan mata malah batalin secara sepihak posisi lagi buru buru mau brgkat kerja
2395,Pengguna Google,5,2026-06-03 06:39:47,drever nya baik sopan semoga lancar dan banyak rejeki nya aamin
2396,Pengguna Google,3,2026-06-03 05:58:03,bagus aja cuma biasanya ada driver yang ga jalan jalan mlah diem doang padahal ga ada lampu merah aneh dan juga sy sering menemukan ada driver yang udh nyampe trus di cancel
2397,Pengguna Google,1,2026-06-03 03:59:40,kalo pengantaran makanan memang tidak bisa menggunakan tarif hemat kenapa di ada adain harusnya di tutup biar gak bikin repot orang
2398,Pengguna Google,1,2026-06-03 02:48:37,gak ada gratis ongkir malesin banget
2399,Pengguna Google,1,2026-06-02 23:15:55,apk sangat amat buruk sy sebagai pengguna sangat amat kecewa sy sudah mengkonfirmasi meminta tolong untuk mencancel pesanan saya tetapi tidak ada respon baik dari pihak grab alhasil orderan sy kedouble sangat sangat kecewa kualitas apknya seharusnya bisa merespon keluhan pengguna secara cepat tetapi sebaliknya malah diam
2400,Pengguna Google,5,2026-06-02 22:54:26,abang nya sangat ramah dan asik tidak seperti grab yang pernah saya naikin sangat sombong kalo abang grab ini sangat baik ramah dan tidak bikin kita risih trimakasih bang grab sehat selalu jangan prnh sombong sma orng thanks
2401,Pengguna Google,5,2026-06-02 22:27:41,pesan sekarang tiap hari hematnya tiap hari banyak promonya
2402,Pengguna Google,2,2026-06-02 21:42:59,it s really bad and crazy expensive please fix the price and make it easier to find a car immediately
2403,Pengguna Google,2,2026-06-02 21:19:30,aplikasi berat lemot padahal sering mau pakai tapi males kelamaan apk ny
2404,Pengguna Google,5,2026-06-02 21:10:44,grab murah bayar pake ovo nabung nyaman
2405,Pengguna Google,1,2026-06-02 20:25:18,cuma cek promo aja trs close aplikasi tapi tiba tiba ada pesanan untung pas punya duit anj mana gak sedikit nominalnya bikin takutt bye
2406,Pengguna Google,5,2026-06-02 20:17:24,drivernya kaleum tp cepat sampai tujuan karena hapal jalan
2407,Pengguna Google,1,2026-06-02 19:55:51,sudah daftar grabunlimited ga dapat keuntungan apapun voucher ga ada yang bisa di gunakan ga ada beda sama sebelum daftar grabunlimited promo 0 ga guna
2408,Pengguna Google,5,2026-06-02 19:11:56,saya suka pengemudi ramah sopan dan baik
2409,Pengguna Google,2,2026-06-02 18:35:50,untuk daerah jauh tidak membantu sama sekali masa ga dapet
2410,Pengguna Google,5,2026-06-02 18:24:02,pelayanan sangat ramah dan mudah di pahami sangat membantu terimakasih
2411,Pengguna Google,4,2026-06-02 17:42:53,tolong buat driver2 nya jangan lewat trotoar terus dong min
2412,Pengguna Google,1,2026-06-02 17:38:22,kalo kita ingin yang economi 1 jam gak dapat2 driver nya
2413,Pengguna Google,5,2026-06-02 17:20:31,halo tim grab untuk pesan grab motor atau grabcar tolong jadikan seperti dulu yg bisa lihat titik dimana kendaran berada tanpa harus pesan dulu untuk mengecek apakah di area sekitar ada grab grabcar tanpa harus pesan dulu bisa lihat jauh dekatnya kendaran yg tersedia
2414,Pengguna Google,5,2026-06-02 16:59:42,sangat bagus meringankan buat semua kalangan
2415,Pengguna Google,1,2026-06-02 16:00:27,pengalaman penagihan gopay pinjam dg ancaman harap perbaiki sistem nya padahal telat cuma sehari
2416,Pengguna Google,1,2026-06-02 14:08:07,ini gimana sih kok ngk bisa dibatalin pesanan saya sedangkan kalau ongkirnya 2k bisa di batalkan sedangkan kalau ongkirnya 11k ngk bisa di batalkan
2417,Pengguna Google,2,2026-06-02 13:04:06,order mobil kenapa si supirnya harus cancel diaplikasi dulu makin ribet aja
2418,Pengguna Google,5,2026-06-02 12:22:34,driver nya sangat baik sopan membantu mengangkat barang ke trolly kalau setiap driver seperti mas nya pasti banyak keberkahannya
2419,Pengguna Google,5,2026-06-02 12:14:37,grab is extremely useful for transportation and food delivery the app is easy to navigate and the service is generally fast and dependable
2420,Pengguna Google,4,2026-06-02 12:10:58,saya kalau perjalanan deukeut saya pernah order ke grap tapi malah jalan kukurilingan pusing saya yang tidak kenal jalannya tapi sampai ke tujuan rumkit tapi saya pusing
2421,Pengguna Google,1,2026-06-02 11:09:15,lama banget estiminasinya kurir nya sok sibuk
2422,Pengguna Google,5,2026-06-02 10:55:55,grab aplikasi yg diandalin semua orang bagus dan terpercaya transportasi kebutuhan harian paling oke cepat datang harga jelas aman sopan makanan barang antar kilat penyelamat hidup
2423,Pengguna Google,1,2026-06-02 10:54:13,tolong buat fasilitas yg grab bike xl di sortir aja motornya yg dateng jgn pesen yg xl di datangin honda beat kecil kami pelanggan bayar lebih biar dapet motor yg lega ga terlalu dempetan percuma pesen xl datengnya motor kecil
2424,Pengguna Google,1,2026-06-02 10:40:41,apa sih tulisan qris malah qris bayar ditempat
2425,Pengguna Google,1,2026-06-02 10:34:57,nyebelin bange pli jangan tiba tiba ngeleg atau suruh update aku mau kerja njayy
2426,Pengguna Google,5,2026-06-02 10:11:48,driver lengkap atributnya sabar dan mengerti jalan
2427,Pengguna Google,1,2026-06-02 09:55:36,payah ga bisa menemukan alamat saya males apk kurang canggih ga kyk gojek lbh pintar maaf saya uninstal karna kurang pintar cari alamat saya
2428,Pengguna Google,1,2026-06-02 09:53:30,pengalaman saya dengan salah satu pengemudi grab car kalian mengecewakan saya belum naik masih di mall pas saya pesan dan dapat diaplikasi tulisannya sudah di pick up sama pengemudi ketika saya protes langsung dan saya kasih bintang 1 ke supir supir marah2 dan tidak terima memalukan memaksa penumpang naik
2429,Pengguna Google,1,2026-06-02 08:58:19,jangan di download apk ini tidak akurat semua
2430,Pengguna Google,1,2026-06-02 08:13:44,terlalu banyak update ga penting padahal fitur sama
2431,Pengguna Google,5,2026-06-02 07:41:06,sering di cancel sama pengemudinya menjengkelkan di saat urgen
2432,Pengguna Google,2,2026-06-02 07:40:30,perbaruin donk ke akurat an map na sy selalu telat krn nunggu driver yg salah krn map
2433,Pengguna Google,5,2026-06-02 06:59:17,setiap pengemudi santun dan rama sangat memuaskan kepada pelanggan sungguh nyaman
2434,Pengguna Google,5,2026-06-02 06:42:01,terimakasih banyak pak sudah mengantarkan paket saya dengan baik
2435,Pengguna Google,5,2026-06-02 06:21:06,aplikasi ini membantu kita untuk kemana mana atau bepergian
2436,Pengguna Google,1,2026-06-02 05:43:57,grab di sukabumi sangat jelek pelayan nan nyah saya udah 3 x pesen di batalin terus
2437,Pengguna Google,4,2026-06-02 05:25:06,susah nyari mobil yg harganya promo
2438,Pengguna Google,1,2026-06-02 03:22:33,banyak naruh iklan di chanel menganggu saya sedang santai
2439,Pengguna Google,1,2026-06-02 00:59:52,aplikasi paling ngaco jaringan bagus tapi malah loading mulu benerin apk nya bikin customer stre
2440,Pengguna Google,5,2026-06-02 00:43:57,penumpang bner2 parah daerah bogor pake hemat trus suka ngasih bintang asal ngasih ajah goplok salah gw di manah jngn asal ngasih bintang ajah kalow ga jelas masalah nyh
2441,Pengguna Google,1,2026-06-01 23:44:15,pesen food ko jadi express kata drivernya sy pesan kopi kenanga tiba2 ad wa dari drivernya kataya di apk gk bisa ngechat jd via wa stlh sampai saya janjin ngasi tip di aplikasi tau y gk bisa2 sy tauya driver y gk ngerti tadi y mau ngasi tip 5 jd 1 karna minim tf sesama ovo 10k
2442,Pengguna Google,1,2026-06-01 23:15:11,kadang dpt driver lama lebih dari 1 jam entah knp
2443,Pengguna Google,5,2026-06-01 22:34:35,sangat bermanfaat dng adanya apk ini trmksh
2444,Pengguna Google,3,2026-06-01 22:17:31,sangat membantu buat yg tidak punya kendaraan
2445,Pengguna Google,5,2026-06-01 21:33:17,i kasih 5 star karna udah bisa bug harus di akalin
2446,Pengguna Google,1,2026-06-01 21:16:46,saya kecewa pesan grabfood sudah menunggu 2 jam tapi tidak kunjung datang seharusnya kalo terlalu lama bisa di infokan saja dicancel dari sistem supaya tidak menunggu lama tolong diperbaiki pesanan yg seperti ini kemungkinan bug atau semacamnya
2447,Pengguna Google,1,2026-06-01 21:12:18,driver gak sesuai alamat anternya salah kirim di chat gak ada kabar
2448,Pengguna Google,4,2026-06-01 20:46:27,apk yang hampir setiap hari saya pakai kekurangan yang telah dirasakan 1 fitur melakukan satu pemberhentian terlebih dahulu saya tebak driver tak sadar jika mendapat pesanan secara otomatis setelah pemberhentian tersebut sehingga bisa saja dibatalkan setelah saya menunggu sangat lama 2 saat driver akan menurunkan penumpang di titik penjemputan penumpang berikutnya selama pemesanan tidak dijelaskan berpapasan dengan penumpang lain di pintu mobil driver rasanya tidak nyaman
2449,Pengguna Google,1,2026-06-01 20:15:28,ini aplikasi memang mempermudah saya dalam melakukan hal sepertu perjalanan atau makanan tapi saat saya klik kotak pesan saya jadi tidak bisa mencet apa apa lagi selain hapus dan install aplikasinya
2450,Pengguna Google,1,2026-06-01 20:04:20,akhir akhir ini driver gocar sering tidak peduli dengan orderan yang sdh diambil mobil tidak kunjung bergerak ke lokasi penjemputan dan tiba tiba dicancel secara sepihak setelah kita menunggu begitu lama
2451,Pengguna Google,5,2026-06-01 19:40:33,lebih mudah kalo mau pergi ke mana mana
2452,Pengguna Google,1,2026-06-01 19:19:09,masa pesanan aku jadi double si mana lama banget lagi aku kira awalnya punya aku aja yang pesanan nya ke double ternyata setelah baca komenan pada banyak juga yang pesanannya ke double
2453,Pengguna Google,4,2026-06-01 18:11:56,bisa di murah in lagi min
2454,Pengguna Google,1,2026-06-01 17:40:35,kotak pesen gk bisa disentuh dan ga bisa sentuh yg lain perbaiki lah
2455,Pengguna Google,5,2026-06-01 16:44:29,orang nya baik dan sopan pengiriman cepat banget
2456,Pengguna Google,4,2026-06-01 16:30:24,alhamdulillah untuk pertama kali semua aman baik
2457,Pengguna Google,3,2026-06-01 15:53:43,kok setiap saya pencet menu pesan saya gak bisa kembali yaa apakah ngebug
2458,Pengguna Google,1,2026-06-01 15:17:54,tidak membantu di saat pengen nggrab
2459,Pengguna Google,1,2026-06-01 13:51:07,semenjak update vouchernya tidak bisa digunakan padahal udah langganan grab unlimited juga tolong dong diperbaiki untuk saat ini saya hapus dulu aplikasi ini
2460,Pengguna Google,1,2026-06-01 13:00:53,mau buat akun udah mau sejam mutar mutar disuruh nunggu hadeh
2461,Pengguna Google,2,2026-06-01 12:55:13,pls yaa kalau metode payment udah di ganti ke nontunai stay di nontunai aja ini malah setelah di update makin boborok terkahir di setting ke nontunai malah tiba tiba ketuker sendiri ke tunai dan terkadang mau juga sebaliknya
2462,Pengguna Google,4,2026-06-01 11:59:29,kasih buka chat dengan pihak resto dong perbarui tolong biar kita bisa chat sama yang punya tokony kelamaan atau gmnanya pas pesen kan lebih enak
2463,Pengguna Google,3,2026-06-01 11:55:26,sya udah mulai kesal pake ini aplikasih kalo pesan makanan orang mau cpat2 dia malah ulang2 isi alamat
2464,Pengguna Google,5,2026-06-01 11:13:31,sekarang mou order belanja di supermarket udah gk bisa bayar qris jdi gk mood
2465,Pengguna Google,1,2026-06-01 10:43:17,ketika pesan grabfood pesanan double ketika input detail alamat dan upload foto alamat kemudian klik pesan muncul notif foto alamat berhasil diupload sehingga klik pesan tidak berhasil tapi ketika lihat detail transaksi muncul dua pesanan yang sama
2466,Pengguna Google,2,2026-06-01 09:17:42,untuk grb tolong ya himbauan buat drivernya untuk jgn susah dihubungi udh susah tiba ngecancel
2467,Pengguna Google,5,2026-06-01 08:32:06,atas hadirahman plat nomor kendaraan b 1562 vkz mobil daihatsu xenia kemarin di tangerang selatan daerah pamulang nurunin penumpang belum sampe tujuan tolong pihak grab kasih penjelasan
2468,Pengguna Google,5,2026-06-01 07:39:18,best sihh sering pake untuk berpergian dan pesan makanan lebih mudah
2469,Pengguna Google,2,2026-06-01 07:18:58,agak kecewa sama grab harus verifikasi selfie dulu kita lagi buru buru mesenin keluarga harus selfie ngikutin arahan dulu baru bisa pesen harus berhijab dulu baru saya mau selfie lama lama gue uninstall ini aplikasi
2470,Pengguna Google,5,2026-06-01 07:18:06,seru banget tapi minus nya suka ada bug misalnya tombol keluar ga ada dll
2471,Pengguna Google,3,2026-06-01 06:12:08,wah gila makin kesini malah makin gila bgt ongkirnya pake grab unlimited pun untuk nutupin ongkir harus pesan banyak dulu baru berfungsi itu grab unlimited nya pdhl tiap minggu kena bayaran untuk grab unlimited sekarang mau pesan makan dari grab malah mikir berkali kali sedih bgt pdhl pas awal pake masih masuk akal harganya semua
2472,Pengguna Google,5,2026-06-01 06:06:39,kere bug nya perbaiki tolong yaa
2473,Pengguna Google,1,2026-05-31 23:35:06,kenapa kalo kita prioritas sama hemat sama aja waktu datang nya khusus bagian kota bima ntb
2474,Pengguna Google,1,2026-05-31 22:39:21,banyak biaya aneh yang menguntungkan pihak aplikator driver dan resto hanya sebagai sapi perah costumer hanya di iming imingi voucher discount yang nyata2 dari driver dan resto biayanya aplikator mana mau kluarin voucher
2475,Pengguna Google,1,2026-05-31 21:51:54,apk yg penanganan masalahnya jelek pake grab express pengantaran telat dianter ga sesuai titik dan tanpa konfirmasi alhasil barang hilang driver sudah gabisa di hubungi karna udh lewat 2 jam gada nomor driver yg bisa dihubungin lagi help center ga membantu samsek karna riwayat transaksi ga ke detect di help center grab gimana ini
2476,Pengguna Google,5,2026-05-31 21:28:09,trimaksih dgn adanya grab kami merasa terbantu sekali dgn ongkos yg sangat terjangkau smoga grab sukses aamiin
2477,Pengguna Google,1,2026-05-31 20:09:21,menu kotak masuk ketika diklik apk jadi hang udah update ke yang terbaru lagi masih ada errornya tolong segera perbaiki karena lumayan penting untuk komunikasi
2478,Pengguna Google,1,2026-05-31 19:42:40,double order bikin orderan sy lama datangnya yg seharusnya cepat mending di hapus aja double order
2479,Pengguna Google,5,2026-05-31 19:27:11,sangat puas dengan pelayanan pak sopir terimakasih pak sopir
2480,Pengguna Google,5,2026-05-31 18:34:58,baru kali ini pakek grab ternyata mudah dan keren banget sangat membantu perjalanan kami
2481,Pengguna Google,4,2026-05-31 18:30:57,jarang sekali ada promo iklannya sangat mengganggu apalagi keluar pas dapat
2482,Pengguna Google,5,2026-05-31 18:11:24,terima kasih aplikasi yang sangat membantu sekali i like it
2483,Pengguna Google,1,2026-05-31 18:00:59,saya pesan mobil grab hemat dan bahwa kursi roda kok di tegur sama mitra nya harus pesan grab xl emang kursi roda ada tarif nya juga ta
2484,Pengguna Google,5,2026-05-31 16:03:02,aplikasi yg bagus buat saya pesan makanan dan pesan ojol terima kasih
2485,Pengguna Google,5,2026-05-31 15:20:39,aplikasi yang sangat membantu untuk keperluan yang sangat mendesak dan menginginkan waktu yang singkat
2486,Pengguna Google,5,2026-05-31 15:18:27,mudah gampang cepat segitu dari pusat mah
2487,Pengguna Google,4,2026-05-31 15:10:08,selalu dapat jarak jauh jadi lama menunggu tolong diperbaiki
2488,Pengguna Google,1,2026-05-31 15:07:32,kocak aplikasi g jelas udh pake wifi ga bisa data ga bisa padahal jaringannya bagus memo ga penuh cache udh di bersihkan niat ga sih
2489,Pengguna Google,1,2026-05-31 15:07:07,mahal ongkos perjalanannya sekarang ribet aplikasinya tak seperti dulu
2491,Pengguna Google,2,2026-05-31 12:36:40,aplikasi grab lama mengecewakan padahal jaringan bagus buat buka aplikasi lain lancar aja tapi giliran buka aplikasi grab muter mulu suruh cek koneksi jaringan padahal jaringanya bagus sampe berkali nggak bisa gimana kalau lagi buru kadang sampai terlambat ke tempat kerja tolong dong segera diperbarui sebelum pada pindah ke aplikasi sebelah
2492,Pengguna Google,5,2026-05-31 12:27:14,alhamdulillah grab membantu banget
2493,Pengguna Google,5,2026-05-31 11:58:01,bagus pelayanannya pokoknya bintang 5
2494,Pengguna Google,1,2026-05-31 11:17:46,kecewa dgn driver di lumajang anak istri diturunkan di terminal menak koncar pdhl di map sdh ditandai turun di balai desa wonorejo trpksa anak istri jln jauh smbil bawa tas berat pdhal kami byr sesuai di aplikasi
2495,Pengguna Google,1,2026-05-31 10:57:46,tolong ya buat para driver grab bisa sabar ga lagi butuh bgt malah di cancel udah mah mahal ga sabaran lagi mending pke apk sebelah jujur y first time nyoba grabbike malah begini
2496,Pengguna Google,1,2026-05-31 10:52:58,saya kasih bintang 1 pesan grabfood sering terlambat pengantarannya kecewa
2497,Pengguna Google,3,2026-05-31 10:50:24,untuk update terbaru tolong perbaiki bug voucher diskon kilat di jam tertentu kadang muncul pas mau cek out suka ilang sendiri voucher nya
2498,Pengguna Google,4,2026-05-31 10:34:14,kasihan drivernya di bayar murah terus di aplikasi ada potongan lagi
2499,Pengguna Google,1,2026-05-31 09:37:47,tolong klo mesen produk harus ada sistem cancel klo toko tutup gbisa di cancel jadinya kurir bergantian kesana
2500,Pengguna Google,2,2026-05-31 09:24:03,tiap nekan kotak masuk ngebug gak bisa nekan apa
2501,Pengguna Google,4,2026-05-31 09:06:41,promo n diskon ditambahkan lg
2502,Pengguna Google,1,2026-05-31 09:05:35,apk masuk terlalu lama di tungguin juga lama
2503,Pengguna Google,1,2026-05-31 08:06:23,update melulu kalau pas buka mana besar lagi ukurannya dasar gak guna
2504,Pengguna Google,1,2026-05-31 07:35:30,ini gimana sih kalo mau dipake selalu bermasalah
2505,Pengguna Google,5,2026-05-31 03:28:53,sangat membantu dan semoga selalu jadi makin baik dalam layanan
2506,Pengguna Google,1,2026-05-31 01:18:18,b1 bukan karena jelek tapi biar developer nya baca 1 beri fitur ubah ulasan karena banyak pengguna jasa yang hp nya direbut driver dan maksa minta b5 2 beri fitur beri ulasan 1 jam setelah sampai tujuan orderan selesai untuk mencegah driver maksa rebut hp untuk rating b5
2507,Pengguna Google,1,2026-05-31 00:31:05,tolong dong kurir driver dll nya ini byk loh yang ga becus sdh hidup ssh nyari uang susah mereka tuh knpa sih hrs songong bgt saya ada bbrpa nemu grab aneh org loh bayar mahal2 beli makan segala macam ttp aja ga di prioritasin pakai apk ini tapi drivernya byk yg g jls
2508,Pengguna Google,5,2026-05-30 22:18:04,kenapa di kotak masuk di aplikasi grab ngeleg
2509,Pengguna Google,2,2026-05-30 21:44:27,pengemudi banyak yang sering beralasan dan jarang mau ambil order
2510,Pengguna Google,1,2026-05-30 20:12:26,aplikasi aneh map nya juga aneh order dominos kalau di antar kurir internal gak pakai driver barang tiba tiba sampai dan nyasar tanpa konfirmasi terus kalau customer bingung mau nyari kemana barangnya harus chat siapa aneh sumpah note alamat tiru tu gojek muncul di chat driver jadi driver tau kalau di kasih arahan misal alamat lengkap dan no telp penerima gak mau pakai grab lagi aplikasi jelek
2511,Pengguna Google,2,2026-05-30 18:53:59,sok iye banget abang grabcar diketerangan yg standar bisa ber4 tpi pas abangnya tau penumpangnya 4 disuruh mesen yg xl udh masuk disuruh turun lgi padahal penumpangnya cmn bawa diri doank gabawa barang apapun udh gtu tujuannya ga terlalu jauh pula benerin noh driver lu gosah sok iye orang bayar ga pake promo pun
2512,Pengguna Google,5,2026-05-30 18:21:34,mantab sih cuma mau dibanyakin promo donk sekarang grab jarang sekali ada promonya
2513,Pengguna Google,1,2026-05-30 17:35:05,banyak driver yg gk mau ambil di cancel semaunya sendiri pilih2 orderan tambahkan fitur report buat driver2 yg kek gtu
2514,Pengguna Google,1,2026-05-30 17:23:15,dulu pernah kena tindakan asusila th 2019 eh sekarang coba lagi pesen grab yg dateng supirnya cuek banget belum aja naik udah di tinggal ngakak bangett see gak profesional itu
2515,Pengguna Google,5,2026-05-30 17:12:24,puas atas pelayanan nya tepat waktu
2516,Pengguna Google,1,2026-05-30 16:25:51,aolikasi biadab bisanya merugikan drivernya saja potongan gede tarif kecil
2517,Pengguna Google,1,2026-05-30 15:28:49,apa abis update dibuka malah gajelas mau pesen grab food coming soon terus klo gada perubhan ku hapus aja ganti goto
2518,Pengguna Google,5,2026-05-30 15:15:06,mudah enak driver nya ya juga ramah banyam promonya
2519,Pengguna Google,4,2026-05-30 14:15:49,td apk semept eror masak jadi 2 x order makanan dateng
2520,Pengguna Google,5,2026-05-30 13:32:47,assalamu alaikum terimakasih untuk aplikasinya membantu sekali ketika posisi tidak ada transportasi umum wassalamu alaikum
2521,Pengguna Google,1,2026-05-30 13:07:44,di wajibkan masang pin saat di pasang pinnya salah terus
2522,Pengguna Google,5,2026-05-30 12:51:51,driver ramah berkendara dgn aman trimakasih
2523,Pengguna Google,1,2026-05-30 12:20:42,mau pesan perjalan baru gabisa suruh bayar pembayaran tertunda padahal waktu itu yg nyuruh bayar offline drivernya bukan nominalnya tapi jadi ribet pembayaran gabisa qris harus donlod ovo gblk
2524,Pengguna Google,1,2026-05-30 11:58:29,kalo semisal kondisi tempat nya gak memadai gak usah buka di tempat ini driver kagak ada tutup aja buat php nungguin nya lama isi saldo ke ovo kena potong fee ampe 2k isi 20k yang masuk cuma 18k buruk
2525,Pengguna Google,1,2026-05-30 10:21:32,aplikasi nya macet g bisa dibuka tolong perbaiki donk udah q update uninstall ttp spt ini
2526,Pengguna Google,4,2026-05-30 10:20:03,mohon dibantu kenapa aplikasi grab sy ketika di klok kontak masuk langsung heng tidak bisa klik menu lainnya tolong dibantu diinstal di aplikasi red mi 15
2527,Pengguna Google,1,2026-05-30 09:28:27,grabmart kilat tanjung duren petugas nya ga ada yg jujur traktiran dari customer tidak kasih tau driver di makan sendiri sama petugas grabmart kilat payah
2528,Pengguna Google,3,2026-05-30 09:08:58,beberapa kali ketemu driver yg minta kasih bintang 5 tapi motornya gak safty ada kerusakan di bagian rantai gigi kendaraan udah di ingatkan service tpi di abaikan krn sempat naik motor driver yg sama mengenai aplikasi nya dulu itu yg hemat di list paling atas tpi sekarang malah yg standar prioritas di list paling atas klu bisa sih yg hemat di list paling atas jdi pengguna grab hemat gak akan salah klik pada saat pesan driver
2529,Pengguna Google,5,2026-05-30 08:18:21,supir tahu jalan pintas dan mandali
2530,Pengguna Google,5,2026-05-30 08:15:38,suka karena ada opsi pilihan harganya jadi bisa menyesuaikan bugdet
2531,Pengguna Google,4,2026-05-30 07:16:51,tolong kak diperbaiki lagi soal fitur pembayaran saat diperjalanan saya mau bayar dari tunai ke nontunai udah saya swap ke kiri tidak bisa diganti storage hp masih lega dan apk udh saya hapus data lalu login tetap tidak bisa
2532,Pengguna Google,2,2026-05-30 06:47:26,hii grab saya cuma mau bilang tolong bantu masalah kami yg kendala makanan tidak sampai ke penerimanya klo kayak gitu solusinya gmna ya sudah 2x loh minta bantuan tapi tdk ada solusi semeskali
2533,Pengguna Google,2,2026-05-30 06:19:39,sering banget order grabcar atau motor tpi smpe lama ditunggu lama ngga dateng dan driver nggak gerak sama sekali bahkan di chat suka nggak ada respon
2534,Pengguna Google,5,2026-05-30 01:00:58,ok siap siaga di jam malam
2535,Pengguna Google,1,2026-05-29 23:21:02,teruntuk 1 supir grab nya mengakalin dia bilang gak sesuai titik pdhl sesuai titik gini banget mau cari rejeki pdhl tarif diawal 135rb alibi nya bilang 200 rbaan langsung cancel buruk banget sdm begitu kalo ga sesuai titik mending dicht dibilang jgn pas penumpang udah naik bilang nya gitu
2536,Pengguna Google,2,2026-05-29 22:11:34,kenapa grab plus 6 kursi lebih murah dari car standar
2537,Pengguna Google,1,2026-05-29 21:56:10,setelah diupgrade mau balik dari kotak masuk ke pilihan lainnya tak bisa bahkan saat saya sebagai pelanggan memberi bintang ke driver sempat mengalami kendala sehingga driver terpaksa mendapat bintang 1 padahal saya memilih bintang 5
2538,Pengguna Google,1,2026-05-29 20:25:32,tiba tiba minta verifikasi wajah sama kartu debit buat susah aja karna kamera depan ku rusak buat selfie dan aku ngk punya kartu debit ini terakhir kali pake grab
2539,Pengguna Google,3,2026-05-29 20:21:09,mohon maaf ya kok saya selama pakai aplikasi grab jarang sekali mendapatkan driver yang ramah dan murah senyum kebanyakan jutek
2540,Pengguna Google,5,2026-05-29 19:33:50,suka pke kmna membantu sejauh ini aman dan semoga selalu amanah
2541,Pengguna Google,1,2026-05-29 18:43:50,kalo hujan terus susah nemu driver dibatalkan aja nunggu 1 jam lebih nggk ada kejelasan mah udah kelaperan
2542,Pengguna Google,1,2026-05-29 18:04:57,apalah ini grab mau beli token liatrik aja susah
2543,Pengguna Google,1,2026-05-29 17:23:21,sudah 2x pesan makan tapi dibatalin dan tidak ada pengembalian dana sama sekali tertulis 7 sampai 30 hari dibalikin tapi tidak ada sama sekali jelek banget
2544,Pengguna Google,1,2026-05-29 17:02:45,jelek lokasi ga akurat jdi ngrepotin driver
2545,Pengguna Google,5,2026-05-29 16:52:28,alhamdulillah pengemudi nya sangat baik saya merasa puas dan nyaman
2546,Pengguna Google,5,2026-05-29 16:20:40,pengantaran cepat kurir baik dan ramah
2547,Pengguna Google,5,2026-05-29 16:06:22,pengantaran cepat dan ramah makanan masih hangat menu lengkap pokok nya ok
2548,Pengguna Google,1,2026-05-29 15:30:29,aplikasi nya muter trs kaga bisa di buka
2549,Pengguna Google,5,2026-05-29 15:22:03,pengemudinya anak muda keramahannya super keren
2550,Pengguna Google,1,2026-05-29 15:09:20,cari driver grab makanannya susah banget aku udah engga suka ni aplikasi gara gara burger bangor sampe kelaparan
2551,Pengguna Google,3,2026-05-29 14:28:38,waktu pesan grabcar suka error dan ada tulisan coba lagi tapi nyambung ke driver sudah 3 kali kejadian parahkan ketika pesan aplikasi gocar setika dalam perjalanan tiba2 ditelpon oleh driver dan kena charge 3 karena cancel
2552,Pengguna Google,5,2026-05-29 14:12:31,membantu terus berinovasi serta di jaga kwalitas
2553,Pengguna Google,2,2026-05-29 13:55:26,knp si ni g bs di instal
2554,Pengguna Google,5,2026-05-29 12:37:26,baik orangnya dan untuk membawa penumpang nyaman
2555,Pengguna Google,3,2026-05-29 12:02:38,kemaren order grabfood lama banget itu restonya konfirmasi eh tau tau di batalkan mana aku bayarnya pake bank udah 3hari lebih dana gak balik jadi kesel
2556,Pengguna Google,5,2026-05-29 10:09:02,bingung mau ksih ulasan apa pokonya bintang yang membuktikan
2557,Pengguna Google,1,2026-05-29 08:56:50,ap ni masalah koneksi bila nak masuk dah bagi semuanya google fb waspp dah masuk tp susah nak buat order
2558,Pengguna Google,5,2026-05-29 07:02:16,lebih gercep dan untuk driver ga pilih penumpang ga kaya aplikasi sebelah
2559,Pengguna Google,1,2026-05-29 06:59:36,demi apapun grab ini parah banget saya pesan grab motor dan jelas jelas pakai harga termurah logikanya harga termurah grab bike sama grab car beda lalu waktu saya pesan lama sekali dapat pengemudi lalu saya batalkan ketika saya sudah pesan di app lain tiba tiba masuk panggilan telepon dari pengemudi grab dan itu car lalu dia bilang 11 menit perjalanan kesini yang artinya jauh dari lokasi saya jujur kecewa dengan aplikasi perbaiki aplikasi saya kecewa
2560,Pengguna Google,1,2026-05-29 02:24:59,abis ke menu pesan gak bisa balik lagi apa apaan nih
2561,Pengguna Google,1,2026-05-29 01:25:41,tolong ini kenapa saya tidak bisa login daftar akun maupun masuk akun memilih opsi login dengan google tidak bisa memilih opsi dengan nomer hp stuk di loading lama banget tolong perbaiki bug nya
2562,Pengguna Google,3,2026-05-29 00:29:32,harini saya bnr bnr kecewa saya pesan grabb car sekitar jam 22 an saya chet krn lokasi penjemputan itu tdk sesuai lokasi yg saya pesan grabb nya krn lokasi saya tdk ada di pencarian grabb saya sudah chet pak grabb nya agar maju dikit lg eh pas ketemu dia minta saya di suruh nya batalin dan dia nyuruh naik dan saya byr off line dg sesuai yg tertera di grabb saya ingat omongan bapak tuh klu tdk ke klinik dan betobat saya g akan anter masa bgtu omongan bapak tuh
2563,Pengguna Google,1,2026-05-28 23:30:30,apk an kon driver ny sibuk lah klamaan an
2564,Pengguna Google,4,2026-05-28 21:34:48,setelah apk di update lumayan layanan cepat antar kemana saja yang diinginkan
2565,Pengguna Google,5,2026-05-28 21:06:26,lokasi belum akurat tidak bisa dipakai mohon diperbaiki terima kasih
2566,Pengguna Google,5,2026-05-28 19:58:54,cara menghapus riwayat aktivitas gimana yah min
2567,Pengguna Google,2,2026-05-28 19:22:04,jngn di ubah ubah udh bagusan dulu skrng jd ribet
2568,Pengguna Google,5,2026-05-28 19:02:52,akses gampang mudah dapat driver nya
2569,Pengguna Google,2,2026-05-28 18:02:21,grab sekarang gk enak promonya mesti tidak bisa digunakan teruss pdhl akun no wa baruu
2570,Pengguna Google,5,2026-05-28 17:40:40,sangat bermanfaat dan sangat membantu kami
2571,Pengguna Google,1,2026-05-28 17:09:25,masuk kotak pesan kok trs ngebug mulu
2572,Pengguna Google,5,2026-05-28 16:49:14,berguna bgt buat aku yang suka kemana mana tapi mager buat nyetir sendiri
2573,Pengguna Google,1,2026-05-28 14:40:41,aplikasi yg usinya driver problematik semua
2574,Pengguna Google,5,2026-05-28 13:45:29,untuk layanan grep nya sudah bagus cuma kadang saya bingung kadang aplikasinya barubah jadi bahasa inggris aku kurang paham takut salah pencet
2575,Pengguna Google,3,2026-05-28 13:20:13,tolong di update map nya saya susah untuk menentukan titik
2576,Pengguna Google,5,2026-05-28 11:39:24,selalu dapat driver yg sopan dan mobil bersih wangi
2577,Pengguna Google,2,2026-05-28 11:12:59,mohon untuk pihak dari grab agar menambahkan fitur chat ke merchant agar kita sebelum memesan makanan bisa saling berkomunikasi langsung dengan penjual dan memudahkan costumer untuk lebih memahami detail akan makanan yang di jual oleh merchant tersebut
2578,Pengguna Google,4,2026-05-28 09:47:37,eror trus jadi gak bisa buka chat
2579,Pengguna Google,3,2026-05-28 08:21:48,gelo harga ongkir food 2 harga barangnya males ah
2580,Pengguna Google,3,2026-05-28 06:53:39,ribet bgt si sekrang pake d suruh masuk in no daruratt udah lagi buru2
2581,Pengguna Google,1,2026-05-28 06:48:30,sekarang ada biaya pembatalan padahal saya batalin karena belum dapat2 driver susah sekali di jam itu malah jd hutang dan harus d bayar ketika order berikutnya hadeuhh
2582,Pengguna Google,5,2026-05-28 04:46:07,1 bintang buat grab pertahanin terus tarif murah nya membantu banget makasih grab
2583,Pengguna Google,1,2026-05-27 21:40:34,susah keluar otp utk nyambungin ovo
2584,Pengguna Google,1,2026-05-27 21:34:16,tadi siang saya pesen gofood bayar pake paylater padahal baru sekali bulan ini karena ada promo nya pesen lah saya dgn total 44rb stelah saya mau lunasin paylater nya belum dua menit saya kena biaya tagihan 30rb jadi total nya 73rb tau gitu saya ga usah bayar pake paylater bisa jelasin
2585,Pengguna Google,1,2026-05-27 20:58:48,aku udah bulak balek mesen makanan eror terus aplikasi nya
2586,Pengguna Google,1,2026-05-27 19:48:46,m saat mau sambungkan ovo di grab kode 6 digit gak keluar keluarr
2587,Pengguna Google,1,2026-05-27 19:39:49,aplikasi nya error mulu kenapa yg muncul malah pinjaman aneh banget
2588,Pengguna Google,5,2026-05-27 19:36:23,smga lebih maju lebih baik dan lebih gercep
2589,Pengguna Google,1,2026-05-27 19:12:35,suka lelet padahal kuota sy banyak hp harus sy matikan daya dulu baru mau ribet bgt
2590,Pengguna Google,1,2026-05-27 18:35:56,kalo mesen makanan lamanya yaampun keburu pingsan gueh
2591,Pengguna Google,1,2026-05-27 18:13:40,kebanyakan pengemudi minta di batal in
2592,Pengguna Google,5,2026-05-27 18:11:36,grab jauh lebih cepat dalam hal pelayanan dibandingkan gojek driver gojek jg pada sombong sering cancel sepihak tanpa confirmasi terlebih dahulu belum lagi driver yg bergerak lambat emang grab the best diantara semuanya good luck
2593,Pengguna Google,3,2026-05-27 18:06:42,banyak driver nakal minta transaksinya offline terus kalau gak diikutin malah nge cancel mana pas lagi butuh butuhnya lagi
2594,Pengguna Google,1,2026-05-27 18:00:50,dari kemarin pesan grabbike gabisa selalu ada notifikasi pastikan titik lokasimu sudah akurat padahal sudah akurat kenapa
2595,Pengguna Google,1,2026-05-27 17:56:19,driver lu benerin mesen makan 2 kali di cancel di chat nggak bales pindah ke gojek langsung dapet driver kalo emang nggak niat jadi driver grab jangan jadi driver
2596,Pengguna Google,1,2026-05-27 16:48:29,saya mesen makanan udh beberapa jam belum smpai belum terima barangnya tapi udahh di sukssesin sma dervernya
2597,Pengguna Google,1,2026-05-27 16:46:35,di bahau sangat susah untuk pesan
2598,Pengguna Google,1,2026-05-27 15:47:52,2 pengalaman order grabfood kurirnya mengecewakan
2599,Pengguna Google,1,2026-05-27 14:22:32,saya order grabcar dari sekian banyak driver yang terima order semuanya pada nyeleneh mulai dari minta pembayaran cash tunai minta diluar aplikasi minta tambahin alasan potongan aplikasi terlalu besar saya punya bukti screen shot percakapan kesimpulannya ini ga bermutu
2600,Pengguna Google,1,2026-05-27 14:17:37,mempersulit orang mau pesan makanan pun harus non tunai jd kalo ada nya uang tunai gimana gak usahlah kalian persulit gak semua orang saldonya penuh paham kalian
2601,Pengguna Google,1,2026-05-27 14:09:17,aplikasi mu jangan terlalu banyak up date yang tidak terlalu penting berakibat aplikasi berat dan lag kami hanya butuh acara inti pesan beres parah loe
2602,Pengguna Google,5,2026-05-27 14:02:48,di bagian kotak masuknya selalu ngefrezz kalau disitu mohon di perbaiki
2603,Pengguna Google,2,2026-05-27 12:03:43,perbaikan tuh aplikasi lu udah ongkir mahal voucher lu gajelas tiba tiba ga bisa digunain padahal masa habisnya masih lama mana ngelag lagi lu makin lama gini ya makin amit amit customer mau sama lu
2604,Pengguna Google,1,2026-05-27 11:47:58,ga berguna untuk mesenin org tua yg lagi diluar untuk naik grab karna titik hp kita yang lagi jauh sm org tua
2605,Pengguna Google,1,2026-05-27 11:03:39,hadehh uang saya gam kembali udah lebih dari 7 hari bilangnya estimasi pengembalian dana maks 7 hari ini udah lebih dari seminggu gak kembali rugi banyak saya di apk grab ini
2606,Pengguna Google,1,2026-05-27 10:05:42,aplikasi ga jelas saya pesan makan sudah 3 kali kadang d cancel sama drive kadang d cancel sama toko 3 jam lebih saya nunggu cuman buat pesen makan
2607,Pengguna Google,1,2026-05-27 09:42:56,pesanan dibatalkan tp dana ga kerefund aneh bgt grab ini duit org di tilep mulu
2608,Pengguna Google,5,2026-05-27 09:38:19,ngebantu banget pas aku pulang pergi kerja pokoknya ni apk ga ribet keren lah banget mudah praktis
2609,Pengguna Google,5,2026-05-27 09:07:04,praktis mau pergi kemana pun gampang
2610,Pengguna Google,1,2026-05-27 07:01:00,gara gara grab jadi terlambat orderan diambil tp ga jalan jalan di chat ga di balas balas gajelas
2611,Pengguna Google,1,2026-05-27 04:59:24,sekarang kalau nyari driver susah banget udah 30 menit nyari driver gak dapat dapat
2612,Pengguna Google,1,2026-05-27 01:21:50,nunggu makanan 1 jam lebih tidak bisa dibatalkan waktu tunggu ngaret sulit untuk merekomendasikan aplikasi grab ini
2613,Pengguna Google,1,2026-05-26 21:04:20,aneh mau bikin akun aja eror terus
2614,Pengguna Google,2,2026-05-26 20:50:59,suka sebel sama driver yg komplen karna pake grab hemat adanya grab hemat kan biar penumpang pake apk tersebut kalo ga boleh pesen grab hemat ya masih mending jgn ada pilihan grab hemat
2615,Pengguna Google,5,2026-05-26 20:29:53,mohon penjelasannya min jangan pake bot ini kenapa setiap masuk pesan apknya ga bsa di apa2iin ga bsa d sentuh ga bsa d klik juga
2616,Pengguna Google,1,2026-05-26 20:04:41,platform fee naik mulu tp driver2 makin makin sembrono cancel tnpa alasan ngomong seenaknya terutama bulan puasa ini orderan makan delayed mulu dikira semua orang puasa cs bisanya lewat ai doang biaya admin nambah2 apa yang ke improve taunya rating2 cs yg buat bot dulu juga sempat ada opsi cancel order sejak kapan diapus berapa kali repot sana sini krna situasi resto driver ga mo disalahin oper2 ga bisa cancel lah pihak pembeli juga ga bisa
2617,Pengguna Google,3,2026-05-26 19:53:33,tambah kesini tambah ndak karuan apk nya
2618,Pengguna Google,1,2026-05-26 19:51:14,tolong diperhatikan ya wahai aplikasi grab mungkin saya adalah pengguna setia kalian dari kuliah jg sudah pakai grab tapi makin kesini makin stress aplikasi kalian driver harus nunggu 20 menit rate nya gak ngotak saya menggunakan grab karna menghemat waktu kalo harus nunggu lagi ngapain saya bayar mahal2
2619,Pengguna Google,1,2026-05-26 19:44:58,tolong hapus merchant bisa mengubah pesanan promo jadi sulit terpakai
2620,Pengguna Google,1,2026-05-26 19:28:21,orderan ngelonjak pada saat hujan lama dapatnya terbaik
2621,Pengguna Google,5,2026-05-26 19:02:05,dg grab perjalanan jd tepat waktu
2622,Pengguna Google,2,2026-05-26 19:00:42,mesen makan lama banget datengny mana gabisa dibatali mmn
2623,Pengguna Google,1,2026-05-26 18:55:48,loading mapnya lama amat kirain gue doang yang begitu eh gue tanya orang sebelah gue pas di stasiun ternyata sama banyak errornya
2624,Pengguna Google,1,2026-05-26 18:23:26,apliksi grab bike gak niat susah dapat driver pdhal tampilan di layar banyak driver
2625,Pengguna Google,2,2026-05-26 18:21:01,lama bgt udh mh gbs di cancel drivernya jg gaada trs udh 2jam
2626,Pengguna Google,1,2026-05-26 18:09:24,bank pemerintah bca m bca mybca bri brimo mandiri livin by mandiri dan bni bni mobile banking bank swasta bank cimb niaga octo mobile bank permata danamon dan lain lain kemarin anak buah saya mesan grab aplikasi kok ditolak untuk qris oleh driver padahal mereka memakai mobile banking diatas sesuai dengan bank bank indonesia yg di atas saya malu ke anak buah saya anak buah saya adalah mahasiswa dan mahasiswi universitas dr soetomo surabaya saya dozen merasa dipermalukan
2627,Pengguna Google,1,2026-05-26 18:05:03,kalau nak cancel cakap awal buruk betul la
2628,Pengguna Google,2,2026-05-26 18:02:59,sok mahal banget driver nya ga ada sekali pun yang ngambil orderan udah sejam bikin tiket travel saya angus sumpahin aja liat
2629,Pengguna Google,1,2026-05-26 17:30:20,tolong ya grab food nya perbaiki masa pengiriman lebih dari sejam tidak bisa di cancel apalagi resto belum menerima pesanan bandung tidak seperti jakarta yang areanya luas nyampe sejam lebih mungkin bisa kategori wajar dari semula 1 30 jam jadi 2 jam terus saja tidak bisa di cancel
2630,Pengguna Google,1,2026-05-26 17:29:05,lemot skrg aplikasinya kotak masuk di klik trs jdi g bs klik menu2 yg lain berhenti luwama bgt diulang gitu trs
2631,Pengguna Google,1,2026-05-26 17:00:36,jelek sekarang lama banget dapat drivernya parah
2632,Pengguna Google,1,2026-05-26 16:46:43,saldo ovo kesedot ga bisa balik lagi
2633,Pengguna Google,1,2026-05-26 16:00:23,apk gj asli sok iya ngasih diskon potongan buat pengguna baru ampe setengah harga buat pesen makanan udh excited bgt nunggu malah di cancel alasan tutup pake akun lain bisa pesen gak di batalin target marketing bgt mana voucher diskonnya ga di balikin apa apaan dh jr
2634,Pengguna Google,5,2026-05-26 13:22:00,aplikasi kesukaank apalagi kalo pesan makanan diskonnya gile sampe 40 untuk makanan beda sama ijo yang sebelah voucher diskonnya seribuan sukses terus grab
2635,Pengguna Google,5,2026-05-26 13:04:00,sangat membantu aplikasi transportasi yg tiada duanya
2636,Pengguna Google,5,2026-05-26 12:59:44,driver cepat datang dan cepat sampai tujuan okelah pokonya pertahan kan terus semangatt
2637,Pengguna Google,1,2026-05-26 12:46:18,grab tolong saya beberapa kali pesan grab plus memang driver sudah jujur bahwa motor tidak sesuai dengan alasan servis dsb tp kok ya semakin lama banyak oknum yang seperti ini pesan plus harapannya bisa berkendara dengan nyaman karena sadar diri karena gendut tapi kalau begini saya terpaksa cancel apa karena biar dapet persenan lebih banyak karena konsumen memesan dengan biaya plus tp dengan transportasi yang tidak layak
2638,Pengguna Google,1,2026-05-26 12:26:16,halo admin grab saya bgung mau komplain kemana yg bisa dihubungi masih jadi misteri kenapa grab box kalo ambip barang selalu lama bg ya padahal instan dan bayarnya ga murah dri biasanya tapi kalo ambil barang sampek seharian kadang mah ditungguin dri pagi sore baru diambil parahnya lagi kadang malem baru diambil emang kalo instan itu ga ada batasan jam ambil nya apa gmna apa emang aturannya 1x24 jam baru diambil tolong penjelasannya min
2639,Pengguna Google,5,2026-05-26 12:16:14,oke bngt bnyj promo tingkatkan trus
2641,Pengguna Google,1,2026-05-26 10:37:37,aplikasi rusak semenjak di update malah gak jelas pesen mobil aja ribet gak usah download aplikasi grab gue sarani ganti aplikasi lain aja
2642,Pengguna Google,3,2026-05-26 08:36:46,kenpa y g bisa di buka aplikasi grab nya
2643,Pengguna Google,1,2026-05-26 07:50:21,map na selalu gk tepat byk driver yg nyasar penumpang jd nunggu lama
2644,Pengguna Google,2,2026-05-26 05:28:31,kecewa ma grab selalu dapet driver prempuan udah gak bisa ngebut jalan kadang gak hafal parah
2645,Pengguna Google,5,2026-05-26 03:48:09,grab menjadi solusi berkendara kemanapun bagi yg ingin bepergian
2646,Pengguna Google,1,2026-05-26 03:14:24,sistemnya jelek mau batalin pesanan aja ribet udah gitu suka nyangkut ke driver yang ga online tolong dong buat brand besar di ojek online diperbaiki lagi sistemnya mau keliatan maju dengan update sistem trs tp malah makin memperibet pemesanan
2647,Pengguna Google,5,2026-05-25 23:45:08,untuk grab semoga tambah pengikutnya dan sukses selalu
2648,Pengguna Google,1,2026-05-25 21:58:44,ketika di pesan harganya rp 11 setelah sampai rumah menjadi rp 23 penipuan paling murahan
2649,Pengguna Google,1,2026-05-25 18:25:10,bintang 1 karena fitur dan cs nya tidak berguna semoga kedepannya ada fitur pembatalan order food 1 2 menit sebelum diproses oleh resto
2650,Pengguna Google,1,2026-05-25 16:36:44,kalau ngasi potongan d julo jangan sperti itu caranya masak punya sya double potongannya
2651,Pengguna Google,1,2026-05-25 16:23:39,tolong tambahkan buat pembayaran ke aplikasi dana saya kehilangan saldo terakhir saya gara tf ke nomor dana saya kira masuk ke akun dana ternyata masuk ke gopay sedangkan nomor itu tidak ada akun gopay nya
2652,Pengguna Google,5,2026-05-25 15:58:29,dengan ada grab jadi mudah untuk mengejar waktu di jalan
2653,Pengguna Google,3,2026-05-25 15:48:53,banyak driver anomali berkendara seenaknya suka nyelip yang seakan ga mikirin penumpang nya
2654,Pengguna Google,5,2026-05-25 14:51:52,semoga grab sllu tetap istemewa dlm menjalankan tugasnya semoga bertambah jaya
2655,Pengguna Google,5,2026-05-25 14:49:25,drivernya baik dan berkendara sangat sopan
2656,Pengguna Google,2,2026-05-25 14:14:54,driver g ush spam telfon kalo gd konfirmasi plat nomor beda udh tua juga
2657,Pengguna Google,1,2026-05-25 14:04:54,pesan grab hemat ga ada yg ngambil dibatalin terus giliran pakai yang biasa langsung pada ngambil
2658,Pengguna Google,5,2026-05-25 13:39:24,suk bgt lebih berguna dari gojek kalo soal makanan banyak diskonya juga lagii thanks you grab
2659,Pengguna Google,4,2026-05-25 13:04:49,karena kenapa sih setiap pengemudi grab itu tidak menaati rambu2 jalan atau tidak sesuai mengikuti alur jalan atau lainnya sih keselamatan memang penting tapi menaati aturan lalu lintas itu lebih penting agar tidak merugikan sekitar sekian terimakasih dan meminta maaf apabila ada salah kata yang menyakiti hati dari perkataan saya i hope the developer read my feedbacks
2660,Pengguna Google,2,2026-05-25 12:23:59,anehh suka batalin pesanan tiba tiba udah lama nunggu malah tiba tiba di batalin bikin kesel aja
2661,Pengguna Google,5,2026-05-25 12:08:56,gimana sih aplikasi ini di install malah ga bisa masuk ngaco bgt ngeselin bgt mending pindah ke ojek lain perbaikin tolong pengemudinya nya juga suruh ramah
2662,Pengguna Google,3,2026-05-25 12:01:04,masa pesan dua titik katanya yang kebaca 1 titik terus bayar disuruh lebih lagi dengan alasan yang satu titik lokasi gak kebaca
2663,Pengguna Google,5,2026-05-25 10:34:10,bagu bg pokonya cuss install dan belanja pesan makanan di grap
2664,Pengguna Google,1,2026-05-25 09:03:26,lama banget mau masuk verifikasi wa ny
2665,Pengguna Google,3,2026-05-25 08:31:51,kenapa makin kesini promo untuk konsumen makin berkurang ya saya biasanya pesan grab food pasti dapet promo diskon sekarang promo hanya untuk transaksi menggunakan m banking tertentu gimana sih kok makin pelit promo gini
2666,Pengguna Google,2,2026-05-25 08:24:45,susah nyari driver sekarang gak seperti dulu
2667,Pengguna Google,1,2026-05-25 07:56:49,kenapa pas buka apk grab displaynya ca ada grabgood padahal sama mau pilih taxi apa masalahnya ini
2668,Pengguna Google,1,2026-05-25 06:50:32,maaf saya kasih bintang 1 soalnya selalu sangat susah menemukan driver kalau bukan rute ke pusat kota pdhl rute ke sekolah anak sy cm sktr 5km dr pusat kota tsb dan dekat dgn bandara tp susah dpt driver aplagi kalau pas hujan deras semua pada ngilang kalaupun nemu 1 org malah dibatalkan gitu aja sampai hampir sejam sy cari gk nemu satupun
2669,Pengguna Google,1,2026-05-25 06:37:30,ga bisa pesen njir pdhl udh di update
2670,Pengguna Google,1,2026-05-25 04:39:28,ini gimna sih akun ku di tangguhkan mulu udh coba bikin akun baru gitu trus mohon perbaikan nyaa
2671,Pengguna Google,1,2026-05-25 00:35:53,mahalan ongkirnya dari pada pesanannya gajelas banget sumpah
2672,Pengguna Google,1,2026-05-24 23:23:40,tolong iklan grab yg si joka joka itu di ganti aja ganggu kenyamanan ngapain sih memperkerjakan orang seperti itu
2673,Pengguna Google,1,2026-05-24 23:21:53,saya memesan makanan sudah menunggu 2 jam kurang namun di batalkan maksud saya kenapa tidak dari awal saya sudah menunggu
2674,Pengguna Google,1,2026-05-24 22:10:50,susah cari driver kalo milih yang tarif hemat percuma download ini
2675,Pengguna Google,1,2026-05-24 21:46:53,jelek pacarku udah co nunggu lama eh di cancel jadi bete deh dia huhh
2676,Pengguna Google,1,2026-05-24 21:03:12,gmn sih grabfood udah nunggu sejam gadapet driver juga kan harusnya di cancel aja otomatis jadi lama bgt akhirnya ga dapet driver jg
2677,Pengguna Google,2,2026-05-24 20:14:12,mungkin gak semua tapi banyak banget driver taksi online grab suka meminta membatalkan pesanan padahal sudah lama ditunggu dengan beribu alasannya udah males saya dengan aplikasi grab untuk memesan taksi online
2678,Pengguna Google,1,2026-05-24 19:47:50,sampah pesen makanan sampe 2 jam dan itu ga ada konfirmasi lagi dari pihak aplikasi tolol ini males mending aplikasi sebelah
2679,Pengguna Google,1,2026-05-24 19:14:31,apk paling kocak udh berapa kali pake nih apk pesan makanan kalo bukan lambat yah pesanan g datang datang anehh jir udah nunggu lama lama tapi tiba tiba pesanan dibatalkan karena gd grab harusnya sistemnya tuh pilih grab diawal mereka nunggu pesanan biar kita jg tau ada yg antar atau ngga udah nunggu lama kelaperan pesanan belum datang kocak
2680,Pengguna Google,1,2026-05-24 18:16:01,aplikasi gampang eror mau chat driver susah
2681,Pengguna Google,1,2026-05-24 17:46:06,ketika toko tutup tidak adanya fitur pembatalan pesanan untuk pengguna dan juga driver grab fitur pembatalan hanya ada di toko itu sendiri sudah menghubungi call center beberapa kali tetapi tidak ada tanggapan sama sekali yg jawab selalu robot chat otomatis gak jelas
2682,Pengguna Google,3,2026-05-24 17:44:07,layanan antar makanannya sekarang sering agak lama gatau sistemnya atau faktor lain tapi aku cobain switch ke app lain order an ku langsung di proses
2683,Pengguna Google,1,2026-05-24 17:26:44,gra ta gak bisa batalkan otomatis gak kaya apk lain kalau sudah lama gak ada driver bisa otomatis batal
2684,Pengguna Google,3,2026-05-24 16:59:35,kecewa pesen beberapa kali di batalin ajah udah mah lagi laper tapi di kensel ajah sama tokoknya
2685,Pengguna Google,1,2026-05-24 16:56:58,udah mahal menu makanan murah pesan lewat grab jadi mahal
2686,Pengguna Google,1,2026-05-24 14:44:43,kecewa berat sama grab udh gabakal pake grab lagi aku
2687,Pengguna Google,4,2026-05-24 14:08:39,ovo paylater saya harus menghubungi admin saya tidak punya pulsa
2688,Pengguna Google,5,2026-05-24 13:51:42,kalau mau pengen secara langsung tp ga mau keluar rumah tinggal pesen aja deh di grab udah praktis mudah dan ga ribet tp harga nya lumayan mahal
2689,Pengguna Google,1,2026-05-24 13:16:46,tidak bisa menggunakan metode pembayaran ovo
2690,Pengguna Google,5,2026-05-24 12:17:08,kenapa sekarang jadi naik yah tarip nya dari 8 k jd 12 k
2691,Pengguna Google,1,2026-05-24 11:34:49,update terbaru lebih ribet masihmending yang versi lama
2692,Pengguna Google,3,2026-05-24 11:31:39,seharusnya kita biasa liat liat harga dulu untuk persiapan walau belum di lokasi penjemputan ini malah g muncul laporan nya terlalu jauh dari anda saat ini kecewa
2693,Pengguna Google,1,2026-05-24 10:17:21,maaf ko sekarang greb harga nyah jadi naik banget yahh
2694,Pengguna Google,1,2026-05-24 09:59:24,aplikasi ini bukan soal murah atau apapun itu untuk owner grab atau selaku penanggung jawabnya didalam mohon mapsnya diperbaharui kadang kadang kalau order alamat asli dan alamat di mapsnya grab suka tidak tepat dan membuat kerap kali saya pengguna grab dan driver salah paham bahkan bertengkar karena alamat asli dan yang di mapsnya grab selalu tidak sesuai meskipun maps pada grab bisa ditarik ke alamat yang tepat tapi masih kurang efektif karena membuang waktu
2695,Pengguna Google,1,2026-05-24 09:42:05,tengah malem lagi laper laper nya udah nunggu 1 jam di cancel payah pelayanan nya
2696,Pengguna Google,5,2026-05-24 09:37:24,baru pertama pesan grab sendiri pengemudinya tepat waktu perjalanan aman dan nyaman mobil bersih
2697,Pengguna Google,1,2026-05-24 07:52:49,ini mapsnya ga bisa kasi titik yg sesuai tiap order grab bike titiknya selalu nyasar
2698,Pengguna Google,5,2026-05-24 06:18:25,penyelamat pas laper tapi gada makanan makasih lop yu
2699,Pengguna Google,5,2026-05-24 04:34:17,saya sangat terbantu dengan layanan advance booking karena bisa mendapatkan pengemudi sebelum waktu keberangkatan mengantisipasi sedikit pengemudi karena waktu pemesanan dan atau tempat yg agak sepi mohon dptnya layanan ini juga didukung dg proteksi sistem agar driver yg sdh didapat tdk mudah membatalkan mendekati keberangkatan
2700,Pengguna Google,1,2026-05-24 00:41:58,pesan food dipalembang dicancel dimedan dicancel parah sih
2701,Pengguna Google,5,2026-05-23 23:51:46,pertama kali menggunakan grab sangat mantap
2702,Pengguna Google,1,2026-05-23 23:28:05,perbaiki lagi sistemnya pesan makan dari jam 10 baru sampai jam 12 lewat yang benar aja salatri yang ada
2703,Pengguna Google,1,2026-05-23 21:13:40,4jam nungguin pesanan yang ga dateng dengan alasan sedang mencari driver driver sebanyak itu masa gada satupun yang mau anterin
2704,Pengguna Google,4,2026-05-23 21:11:01,mau nangis bgt ga ada grab disekitar mau pulan cpt mlh pesen berkali ttp gdpt pdhl di kota lo
2705,Pengguna Google,2,2026-05-23 20:58:55,perbarui nya mesti sampe berkali2 sebel bgt padahal udh nunggu dari tadi tapi hrs update dlu baru bisa login aplikasinya
2706,Pengguna Google,5,2026-05-23 20:53:38,meski macet parah tp ttp mau antar
2707,Pengguna Google,1,2026-05-23 20:19:36,1 pesanan grabfood tapi pengantarannya otomatis kebagi 2 tanpa konfirmasi giliran dapet driver cuma 1 dan yang 1 lg ga dapet alhasil pesanan keluarga sebagian dateng duluan makanan keburu dingin ga bisa makan bersama mood keluarga jadi jelek asli program paling aneh
2708,Pengguna Google,1,2026-05-23 20:16:48,sudah pilih pengantaran prioritas tapi malah lama tau gitu mending yang hemat sekalian
2709,Pengguna Google,5,2026-05-23 19:12:29,ayam nya enak bumbunya meresap sambelnya mantap pedanya bakal pesan lagi
2710,Pengguna Google,1,2026-05-23 18:50:34,driver mu nendi kabeh kok ora nerima orderan ku
2711,Pengguna Google,3,2026-05-23 18:01:03,mau gofood ribet banget ngg bisa pake qris harus pake ovo tapi ovo ngga mau terhubung sama apk ribet beda sama gojek
2712,Pengguna Google,3,2026-05-23 15:43:46,ini apk susah bgt ya dapat ojol nyaa
2713,Pengguna Google,1,2026-05-23 15:36:52,kecewa ketika hujan dah amblas semua gak bosq mesan barang gak sepwrti aplikasi lain lacar lancar aja
2714,Pengguna Google,3,2026-05-23 14:40:08,kenapa promo nya dikurangin beli harga normal 40rb terus pake promo 3rb harusnya 37rb tapi kenapa cuma jadi 39rb terus pake promo 6rb bukannya jadi 34rb malah 36rb gaje banget
2715,Pengguna Google,1,2026-05-23 13:51:49,grab taik giliran driver lain dikasih pinjaman saya setiap hari onbid sudah 6 bulan gak ada tawaran
2716,Pengguna Google,5,2026-05-23 13:42:07,thank u grab udah ngasih diskon ongkir huh gacorr
2717,Pengguna Google,5,2026-05-23 13:27:03,aku sangat suka dngan aplikasih ini
2718,Pengguna Google,1,2026-05-23 12:48:03,aplikasi tidak menyediakan fitur customer service yang baik ketika saya ada keluhan hanya di jawab dengan mesin bot dengan jawaban yang berputar putar
2719,Pengguna Google,2,2026-05-23 12:45:25,aplikasi eror mulu terlalu berat buat jelajahi map naruh posisi
2720,Pengguna Google,1,2026-05-23 12:38:36,pesen grab food di batalin trus
2721,Pengguna Google,1,2026-05-23 12:14:56,adakan fitur cancel untuk grab food dong salah pilih menu gak bisa cancel
2722,Pengguna Google,1,2026-05-23 10:22:18,tlong ya pihak grab hri ini saya kecewa bgt pesen grab ekspres dapt potgan eh nungguin gak dateng2 motornya gk gerak samsek trus sya batalin karn lama eh saya psen sekali lag dpt yg lbih dkat dr rumah saya gak gerak2 jg motornya gak dijemput2 jd terpaksa sya batalin lgi kesel bgt sbnarny saya jg suka ngasih tips ke grab kalo dpt potgan saya suka bayrnya sama dgn harga normal hemmz
2723,Pengguna Google,1,2026-05-23 09:42:09,sekarang kebanyakan driver ladies yang bawa cowo beda orang kenapa ya bahaya ga sih tolong di perketat ya untuk akun ladies nya jangan sampai kepercayaan pengguna grab hilang terutama daerah bsd
2724,Pengguna Google,4,2026-05-23 09:24:44,baikk bagus tpi kalau nyari alamat namanya suka gjls misal cari alamat rumah ku namanya near jktoc gituu lebih baik no rt rw sama daerah nya kalau begini kan gampang masukin alamat orang jug tap ud bagu koo the bestt
2725,Pengguna Google,5,2026-05-23 08:51:27,an application that is very helpful in finding transportation and also looking for food at certain times
2726,Pengguna Google,3,2026-05-23 02:56:26,susah dpt drivernya skrg udh nunggu lama dicancel trs heran
2727,Pengguna Google,1,2026-05-23 01:24:34,parah layanan permasalahan di aplikasi chat nya hanya mampu oleh chatbot kan customer nya manusia masa harus sama chatbot
2728,Pengguna Google,5,2026-05-22 22:59:13,saya sangat puas apa bila naik grab
2729,Pengguna Google,3,2026-05-22 22:54:44,kok susah mau daftar jadi mitra drever grab
2730,Pengguna Google,1,2026-05-22 22:51:02,tolong di perbaiki sistem pesanan penumpang saya menunggu driver cukup lama setelah saya menunggu driver tidak merespon setelah saya mencoba menunggu dgn cukup lama tau2 driver cansel saya cukup kecewa kalo begini saya tidak akan pakai jasa aplikasi ini lagi saya akan pindah ke aplikasi raksasa yg satu yg mampu melayani customer dgn sepenuh hati note tolong di liat lagi dengan driver yg suka cansel orderan milih milih kalo bisa lgsg di putus mitra aja biar dia tdk seenaknya
2731,Pengguna Google,1,2026-05-22 21:41:52,aplikasi gajelas driver gaada penjelasan help center ga membantu nyuruh dibatalkan setelah dibatalkan gaada tindak lanjut
2732,Pengguna Google,3,2026-05-22 21:29:30,cari driver susah harga mahal jmbd
2733,Pengguna Google,5,2026-05-22 20:34:26,aplikasi yg sangat membantu dalam perjalanan dan lain lain
2734,Pengguna Google,1,2026-05-22 20:04:00,woii grab tolong dong itu titik penjemputan di kampus pens itu ga sesuai namanya ini nama titik penjemputan perpustakaan teknik perkapalan its padahal seharusnya itu halte pens tolongg digantii
2735,Pengguna Google,5,2026-05-22 19:45:12,pokoknya grabfood mantaf lebih cepat datang nya seler nya ramah
2736,Pengguna Google,2,2026-05-22 19:20:27,gajelas banget gua ga pernah ngapain bahkan ke drivernya selalu ramah tiba akun gua di tangguhkan sekarang jadi gabisa make apk ini lagi
2737,Pengguna Google,5,2026-05-22 19:14:25,bagus untuk keseluruhan tapi tadinya terhapus sekarang gimana cara masuk kembali lhoo
2738,Pengguna Google,5,2026-05-22 18:29:41,lebih cepat lwt grab dr pd jjn di tempat
2739,Pengguna Google,1,2026-05-22 17:03:57,jelek masa alamat tidak otomatis pindah harus hikin alat baru
2740,Pengguna Google,1,2026-05-22 16:23:00,tolong grab kenapa di ubah terus untuk kategori makanan yang kita mau pilih di menu asli indonesia coba jangan di ubah di situ kan banyak pilihan makanan yang tertera
2741,Pengguna Google,5,2026-05-22 14:15:19,sangat sopan dan ramah terimakasih telah membantu saya mmbeli obat dan di antar smpai tempat dgn cepat
2742,Pengguna Google,1,2026-05-22 14:14:50,barusan kejadian cuma karena pake paket hemat saya ditolak untuk mampir ke warung dulu berkali kali pakai grab ga mempermasalahkan itu tiap saya berhenti di warung untuk beli sesuatu biasanya driver setuju dan sayapun nambahin uang ongkosnya baru kali ini dapat driver nolak dengan alasan harus pake paket reguler jangan hemat lalu gunanya paket hemat untuk apa
2743,Pengguna Google,5,2026-05-22 14:03:42,sangat membatu dn respon cepat
2744,Pengguna Google,1,2026-05-22 13:17:59,tolong pembayaran tunai di aktifkan kembali di grab mar sy gk punya saldo tolong saya mau pesen belajaan gk bisa sy mau belanja di superindo gk bisa harus ovo aj itu kenapa ya
2745,Pengguna Google,2,2026-05-22 11:14:40,apa ini mencari kendaraan sangat lama padahal kadang darurat banget udh gitu motifnya bikin handphone ngelag terus kasih fitur keadaan biar pengemudi nya tau darurat apa nggak harus ngebut atau ngga
2746,Pengguna Google,3,2026-05-22 10:39:24,greget nih sama grab akhir akhir ini tiap order grab pasti dilewatkan ke yg jlan yg agak jauh kan jdi memakan waktu nunggu driver datang di tmbh lagi gps drivernya sdh jalan di apk belum jalan kasihan driver klo di cancel dan jika saya harus cancel cari driver lagi susah
2747,Pengguna Google,3,2026-05-22 09:37:09,vermuk bikin lambat membuat pesanan apa lagi kalo sedang di buru waktu
2748,Pengguna Google,1,2026-05-22 09:19:13,alamat selalu tidak sesuai dengan posis saya berada
2749,Pengguna Google,1,2026-05-22 08:07:12,knp selalu dapet driver gk kompeten ya diarahkan malah marah di kasih penjelasan gamau dengar kalau salah kan pengirim juga rugi bukan driver aja yg rugi
2750,Pengguna Google,5,2026-05-22 07:43:15,keren aplikasi nya sangat membantu utk kaum introvert
2751,Pengguna Google,1,2026-05-22 07:24:42,grab gaguna lu buat map kek orang awam coba deh map nya buat lebih detail anj biar orang awam ga kesasar tujuan
2752,Pengguna Google,4,2026-05-22 07:02:37,sangat terbantu ketika tidak ada kendaraan yg kita butuhkan
2753,Pengguna Google,1,2026-05-22 01:16:37,kebiasaan kalo pesen dengan ongkos murah waktu nya di undur undur bisa jadi sejam
2754,Pengguna Google,5,2026-05-22 00:55:16,aplikasinya sekarang sudah bagus akses juga untuk tunanetra semoga kedepannya semakin ramah disabilitas
2755,Pengguna Google,1,2026-05-22 00:31:11,hati2 pembohongan soal garansi ternyata tidak bisa klaim jelas tertulis garansi untuk barang yang rusak hilang lebih baik dihapuskan atau garansi hanya untuk pengantaran express ini tidak ada kejelasan jangan pakai alasan karena memakai sameday sehingga tidak bisa klaim lha untuk apa bayar garansi bodoh amat membuat garansi tapi ga bisa klaim boro2 minta maaf sekelas grab ternyata sdmnya rendah
2756,Pengguna Google,3,2026-05-22 00:30:31,saya minta mohon banget kpada pihak aplikator dan pihak grab ini yg ad d seluruh indonesia kita buat supir supir grab mau mobil atau honda jgn lh kalian bawa sewa itu sembrautan jgn lh ugal ugalan d jlan lagi bawa sewa ya dan sama sewa nya tdk kasar jgn arogan sama sewa nya ya supir grab dan buat harga tarif ank sklh sama tarif umum mohon beda kan lh pihak aplikotor grab lh ya aplikator makasih ya mohon
2757,Pengguna Google,1,2026-05-22 00:28:17,no can click cancel order scamm app
2758,Pengguna Google,1,2026-05-21 23:41:32,pembaruan terooss nggak bisa dipake kalo nggak diperbarui jadi terpaksa deh krn masih ada saldo
2759,Pengguna Google,1,2026-05-21 22:36:18,tanpa alasan jelas aplikasi tidak dapat di gunakan malah tiba tiba di bekukan dan ga bisa di pulihkan
2760,Pengguna Google,5,2026-05-21 20:37:24,some say bugs are the future of food they are rich in protein and can be sustainably produced for mass consumption in fact some 2 billion humans on the planet eat bugs as part of their diet but when the bug is in an app we won t want you to eat it and we certainly won t try to make more of it update your grab to 5 410 0 to get rid of bugs from your everyday app experience
2761,Pengguna Google,1,2026-05-21 18:59:35,byk driver tp knp selalu dpt double order
2762,Pengguna Google,5,2026-05-21 18:48:46,saya sangat suka dengan grab karena sangat membantu dalm transportasi
2763,Pengguna Google,1,2026-05-21 15:36:01,sok asik adminnya mahal semua mending tetangga
2764,Pengguna Google,5,2026-05-21 15:21:23,tiati grab dineout sekarang makanannya tidak seperti layaknya beli toko asli produk tidak baik layanan buruk ngapain juga toko ikut partisipasi parah emang jahat si terbilangnya perhatikan baik2 sebelum membeli not good quality bintang 5 biar dibaca kalo bintang 1 ulasannya mendem biasanya sih hah lol
2765,Pengguna Google,5,2026-05-21 14:10:01,aplikasikannya ada bug apa gimana dah saya klik bike hemat tapi pas bayar malah bike standar
2766,Pengguna Google,3,2026-05-21 14:01:05,sebetulnya suka banget ya sama grab sangat mempermudah segala sesuatu cuma sayang banyak driver ga jujur bbrp x pake grabcar pakai kartu e tol sendiri eh tarif tol ditagih lagi 2x sy top up e money si driver biaya tol diambil juga dari tarif bukan pelit sih tp ya meski sedikit jg ya kan lebih bagus jujur kalau driver kaya begitu sy juga jd males kasih tips
2767,Pengguna Google,1,2026-05-21 13:36:55,pesen grab tiba tiba di batalin karna katanya saya bawa peliharaan padahal saya gak bawa binatang apapun saya mending pakai aplikasi lain aja lah
2768,Pengguna Google,2,2026-05-21 11:48:49,sumpah nyari driver doang lamanya minta ampun setengah jam lebih kalo ga ada yg mau ambil minimal bisa di cancel lah order grabfood nya ini kagak bisa aneh dah restoran deket rumah ga sejauh 100km kok ga ada yg mau ambil lama banget lagi nunggu ga bisa cancel
2769,Pengguna Google,5,2026-05-21 11:46:32,armada nya baik selama bbrp kali saya menggunakan
2770,Pengguna Google,1,2026-05-21 11:40:24,kena pesen makanan lewat grabfood sekarang susah sebelum pesan status resto buka pas ditekan tombol pesan sekarang status resto tutup mending pesen lewat shopee gojek aja gak ribet kayak grab
2771,Pengguna Google,1,2026-05-21 11:27:58,aplikasi gak jelas hapus aja dari store
2772,Pengguna Google,5,2026-05-21 10:01:05,manta baru ini dapat gado gado lontong sayur terenak dibogor dg harga wajar
2773,Pengguna Google,4,2026-05-21 08:48:47,mitra setiap hri bertambah castwmer makin berkurang
2774,Pengguna Google,5,2026-05-21 08:27:21,memberi kemudahan kita yang orang desa bisa k kota dengan mudah praktis dengan grab
2775,Pengguna Google,1,2026-05-21 07:15:22,ga logis ni aplikasi ambil jalan nya ambil jarak jauh biar di itung mahal parah amat tolol
2776,Pengguna Google,1,2026-05-21 06:25:13,kocak nih apk motor yg di aplikasi ga sesuai sama keadaan nyatanya kok bisa banyak yg lolos sih
2777,Pengguna Google,5,2026-05-21 00:46:36,further develop the application performance and fix existing bugs as well as improve all existing features
2778,Pengguna Google,1,2026-05-20 22:59:23,tidak bisa membatalkan pesanan kalau dari pihak toko bisa
2779,Pengguna Google,1,2026-05-20 22:37:35,admin akun x twitter haters emyu kalo mau ngehate pake akun asli lah ngapain pake akun perusahaan
2781,Pengguna Google,5,2026-05-20 21:26:59,lumayan jdi ga sering ke gocek ojek pengkolan makasih grab
2782,Pengguna Google,1,2026-05-20 20:21:58,tau dah sistem nya bgmna ngasih ordernya
2783,Pengguna Google,1,2026-05-20 18:48:10,gg bisa di update untuk lokasi alamat
2784,Pengguna Google,1,2026-05-20 18:39:22,top up rm100 dari tanggal 9 5 sampai sekarang tanggal 20 5 tak masuk lagi buat report pun tak guna
2785,Pengguna Google,5,2026-05-20 17:32:16,sangat memudahkan aktifitas akuu yang sosoan sibuk ini sat set sampee oke bgtt lah
2786,Pengguna Google,5,2026-05-20 15:24:59,bpk nya enak di ajak ngobrol nya terimakasih ya pak
2787,Pengguna Google,5,2026-05-20 14:42:19,bagus bange selalu di tiap saat saat saya pesan grab bike selalu aja dapat drivernya dengan mudah dan overall semua drivernya baik dan saya suka semuanya
2788,Pengguna Google,3,2026-05-20 12:59:22,nga bisa bayar tunai ribet banget
2789,Pengguna Google,1,2026-05-20 12:53:39,tolong diperbaiki lagi untuk mapsnya karena sudah beberapa kali saya pesen grab disasarin ditempat yang sama padahal titiknya sudah jelas tolong diperbaiki lagi
2790,Pengguna Google,5,2026-05-20 12:20:26,layanan sangat nyaman komunikasi ramah dan mnyenangkan
2791,Pengguna Google,5,2026-05-20 11:44:26,driver ramah namun kurang paham jl
2792,Pengguna Google,5,2026-05-20 11:43:50,senang memakai aplikasi grab untuk sehari hari selalu mendapatkan driver yg sangat baik sajauh ini
2793,Pengguna Google,2,2026-05-20 11:22:54,sangat buruk tidak dapat terjangkau lokasion saya sangat kecewa sllu kena cas 3 ringgit belum apa sudah di makan hantu
2794,Pengguna Google,2,2026-05-20 10:50:04,bayar nya kebanyakan tdk sesuai aplikasi d aplikasi misal 17 tapi mereka meminta 25
2795,Pengguna Google,1,2026-05-20 10:46:01,skrg kok mapnya grab suka muter in driverny gitu ya saya nunggu suka 10 15 menit lo padahal saya udh siap berangkat drtd tolong dong map buat drivernya diperbaiki lagi saya mau kasih tau drivernya jg bingung gak tau posisi asli drivernya krn lokasi asli driver suka beda dgn yg di map
2796,Pengguna Google,1,2026-05-20 10:39:27,ovopaylater saya yg sering saya pake buat delivery makan dinonaktifin tanpa sebab yang jelas padahal bayar selalu sebelum jatuh tempo dan gak pernah nunggak saya uninstall dan ga akan mau pake grab or yg teraffiliasi dengan grab
2797,Pengguna Google,5,2026-05-20 10:02:31,mau pesan grab express di aplikasi penumpang nya tidak ada layanan express nya bagai mana ini aplikasi
2798,Pengguna Google,1,2026-05-20 09:37:58,mohon maaf min tapi ntah kenapa kalo dibandingin sama apk sebelah grab terlalu lama driver nya pada kagak mau ngambil pesenan
2799,Pengguna Google,5,2026-05-20 09:36:20,sarana transportasi yg dengan mudah dpt di cari murah dan bisa ngantar kita kmna aja
2800,Pengguna Google,1,2026-05-20 08:22:39,tidak bisa hapus pesan driver grab
2801,Pengguna Google,4,2026-05-20 06:43:41,sudah jarang dapat motor listrik ada beberapa motornya yg diberikan jok tambahan jd ga begitu masalah lagi saya senang klo dapat motor bebek karna ada pegangan di belakang motor sejenis nmaxx dan teman2nya ada yg ga ada pegangan itu bahaya saya perlu kencang pegangan tp bingung pegang dimana pergelangan tangan sampai bergetar setelah turun ditambah kalau pakai celana yg bahannya halus meleset terus ke belakang motornya terlalu bagus buat ngojek motor bebek itu uda paling oke
2802,Pengguna Google,1,2026-05-20 06:35:36,aplikasi terlalu banyak iklan sehingga merusak aktifitas penggunaan ponsel hapus saja aplikasi jelek
2803,Pengguna Google,5,2026-05-20 04:52:56,sangat membantu tapi gk ada bonus ya kasih dong saran di ovo ya
2804,Pengguna Google,1,2026-05-20 04:47:28,pesan makanan dari jam setengah 7 sampai jam 8 hampir setengah 9 gak diantar antar driver dichat gk dibales ditlp gak diangkat mendekati setengah 9 dicancel se enaknya kan kurang ajar
2805,Pengguna Google,1,2026-05-19 22:36:31,pelayanan yang buruk terhadap konsumen dan pengaduan konsumen di abaikan oleh grab cukup pakai aplikasi inj
2806,Pengguna Google,1,2026-05-19 20:26:38,parah aplikasinya lemot kalo dibuka padahal koneksi internet full
2807,Pengguna Google,2,2026-05-19 19:27:16,suka bikin kesel kalo pagi pagi harus di sekolah itu jam 6 30 rumah keadaan jauh sama sekolah pesen grab lamanya minta ampun bahkan sampe gaada grab dan itu makan waktu banget sekalinya dapet malah jauh ujung ujungnya di cancel mau gamau harus pergi jalan kaki tolong untuk driver saya harap kalian bisa aktif lebih awal biar anak anak yang rumahnya jauh dan mau sekolah itu jadi gampang dan ga kemakan waktu
2808,Pengguna Google,1,2026-05-19 18:22:45,cari driver lama pilih yang murah juga banyak yg cancel padahal jarak deket banget
2809,Pengguna Google,1,2026-05-19 18:13:04,sering banget loadingnya lama padahal sinyalnya bagus tolong dong di perbaiki
2810,Pengguna Google,1,2026-05-19 18:08:22,buat akun baru tp gak bisa pesan makanan karna metode pembayaran gagal terus
2811,Pengguna Google,2,2026-05-19 17:43:07,driver nya bikin kecewa klo emang gak mau ambil gak mau nunggu tuh info bukan palahan bikin customer nunggu dan kebingungan lebih di seleksi lagi dahh klo driver begituu
2812,Pengguna Google,2,2026-05-19 17:25:40,kenapa di apk saya ga ada fitur batalin pesanan yaa waktu itu saya pernah pesan mitra antar tapi sayanya ga di jemput jemput sampai 1 jam lebih ingin ngebatalin pesanannya malah fiturnya gada sampe sampe hal penting yang harus saya datangi saya ga bisa hadir ini gimana sihh ngebug kok sampe segitunyaa fitur batalin pesanannya di saya ga ada
2813,Pengguna Google,5,2026-05-19 16:00:54,semoga dapat di tingkatkan kembali
2814,Pengguna Google,1,2026-05-19 13:50:43,asik engga kena macet karna lewat trotoar haha
2815,Pengguna Google,1,2026-05-19 13:50:25,driver grabcar pemalas udah ditunggu lama tinggal belok udah dekat malah dicancel
2816,Pengguna Google,1,2026-05-19 13:30:15,disaat jam santai pun msh sulit dpt driver pengkondisian kh
2817,Pengguna Google,5,2026-05-19 10:58:57,sangat membantu bagi saya yg sering mendadak ingin pergi keluar
2818,Pengguna Google,1,2026-05-19 09:38:42,saya pesen grabexpress tapi barang saya tidak sampai sementara pembayaran dipotong melalui debit card dan saya report tapi pihak grab hanya melakukan pengembalian pembayaran tanpa ada pergantian barang yang hilang jujur saya kecewa jelas saya sudah mengirimkan semua bukti bahwa barang saya hilang tapi karena saya tidak memiliki bukti pembayaran dianggap barang saya tidak berharga padahal saya sudah jelaskan barang saya oleh oleh yang dibawa dari indonesia ke malaysia
2819,Pengguna Google,4,2026-05-19 07:37:06,kak ini kedua kali aku pilih bayar via qris tpi di app driver pke tunai bagi gen z yang nggak punya tunai ini nggak enak banget
2820,Pengguna Google,1,2026-05-19 06:25:29,aku semalam pesenin keluarga ku pakein grab total aslinya dari akun 155 tiba minta nomer keluarga aku kira mau menghubungi titik lokasi ternyata lagi tawar harga dengan alasan udh malam padahal masih jam 20 12 minta tambahan jadi 250 hbs itu di offline kan yang di apk di batalkan aku g tau tiba dari pihak keluarga yang g trima menghubungi saya kok tambahan harganya besar bngt hampir 100ribu gimana ya kok jadi kek gitu masak lapor aja g bisa
2821,Pengguna Google,5,2026-05-19 05:32:05,knp sih dibedakan pd hp ini tdk bisa
2822,Pengguna Google,1,2026-05-19 05:11:37,tolonglah dari pihak grab kita udh nuggu setengah jam grab car udh pesan malah gak dateng kecewa banget saya sumpah kecewa banget udah gitu lama banget padahal kemaren gak gini deh tolong deh di perbaiki lagi jangan bikin kecewa orang udah nuggu nuggu lam
2823,Pengguna Google,1,2026-05-19 03:00:05,order makan lama banget seabad ga di ambil
2824,Pengguna Google,1,2026-05-18 23:25:51,kl gaada driver adain fitur batalin pls buang buang waktu
2825,Pengguna Google,5,2026-05-18 22:23:57,woi lah jadiin offline lah apk nya sayang duit ku buat beli paket data cuma buat apk grab hbs tu sisah 5gb hangus gitu aja sayang banget aku teh perintis bukan pewaris izi
2826,Pengguna Google,5,2026-05-18 22:09:06,top banget grab foodnya pengantaran jarak lumyan jauh cepet banget masih panas lagi pelayanannya ramah asik pokoknyaa
2827,Pengguna Google,5,2026-05-18 21:55:55,aplikasi transportasi online dgn tarif ramah di kantong moga armada utk wilayah medan terus bertambah mapping google nya terus diperbaiki
2828,Pengguna Google,1,2026-05-18 21:49:09,jelek gk bisa batalin pesanan makanan nya
2829,Pengguna Google,1,2026-05-18 21:13:53,sekarang makin kesel aja nih greb lemot bgt astaga makin sini makin ngaco bgt ini apk nya astaga parah bgt sumlah
2830,Pengguna Google,5,2026-05-18 20:48:02,makasi grab berkat apk ini jadi mudah pesen makanann banyak voucher potongan jugaa
2831,Pengguna Google,2,2026-05-18 19:18:23,double order sangat mengganggu karena orderan di buat lama dan pendapatan nya driver di pangkas kasian kasian tidak bisa dapet penghasilan maksimal aturan nya 2orderan dapet nya 2ongkos yg sama bukan memotong di pendapatan ke 2 si driver kasian orng kerja udah di bikin lama di pangkas pula hasil kerja nya
2832,Pengguna Google,2,2026-05-18 19:04:43,percuma bikin aplikasi kalo udah bagian desa jau dari kota ga di trima pesanannya udah di naikin harganya juga pada ga di terima
2833,Pengguna Google,1,2026-05-18 18:49:56,lambat driver gak cepet tanggep jadi males mau nginstall app ini
2834,Pengguna Google,1,2026-05-18 18:44:52,baru kali ini nemu driver mobil gak sopan
2835,Pengguna Google,5,2026-05-18 18:00:41,pelayanan grab sangat baik dan memuaskan
2836,Pengguna Google,1,2026-05-18 17:55:40,konfirmasi lama bgt tp gbisa dicancel
2837,Pengguna Google,1,2026-05-18 17:46:21,3x salah verif muka udah depan kamera pdahal tapi layar nya hitam jadi gagal terus ribet amat si ni aplikasi cukup verif nomer hp atau email aja saran
2838,Pengguna Google,5,2026-05-18 17:08:05,orang nya baik ramah dan cekatan
2839,Pengguna Google,5,2026-05-18 16:24:46,puas sangat baik cepat aman
2840,Pengguna Google,5,2026-05-18 15:30:43,promo lebih murah tapi kurang maksimal karena apa aplikasi kau berat ringkas menu yang tidak penting biar enteng dan fokus menu tujuan
2841,Pengguna Google,2,2026-05-18 14:26:41,gbisa mesen idio mau pesenin utk luar pulau udh disetting semua muter2 mlu oas mesen
2842,Pengguna Google,1,2026-05-18 13:48:14,jelas jelas komen pake google ini email ini yg buat komen tp buat login katanya gak nyambung payah
2843,Pengguna Google,2,2026-05-18 13:47:56,mau pesan aja harus selfie apa coba mending shopee food bisa pesan tanpa selfie
2844,Pengguna Google,1,2026-05-18 13:47:34,kurang upgrade terus menganggu perjalanan susah buka aplikasi tolong perbaiki
2845,Pengguna Google,1,2026-05-18 13:09:16,tolong dibenahi mapnya sering tidak update dan suka salah kelurahan dan kecamatan itu tidak hanye merugikan penumpang tapi pengemudi juga
2846,Pengguna Google,1,2026-05-18 13:01:18,lokasi copy dari map tapi di grabmaps nya gaada dngo dngo
2847,Pengguna Google,1,2026-05-18 12:55:42,alamat saya tidak bisa di kenali
2848,Pengguna Google,1,2026-05-18 12:45:03,sangat kecewa dengan pelayanannya sudah pesan makanan tapi driver tidak ada dan pesanan juga tidak bisa dibatalkan akibatnya waktu terbuang dan saldo sudah terpotong
2849,Pengguna Google,1,2026-05-18 12:17:56,verifikasi nomor tlp untuk login terlalu lama sekali sdh coba beberapa kali tidak bisa2
2850,Pengguna Google,5,2026-05-18 12:11:39,sangat membantu dan bermanfa at buat perjalanan
2851,Pengguna Google,1,2026-05-18 09:19:24,ka tolong saya scan pembayaran grab food 3x berhasil awalnya yg 2x kepending
2852,Pengguna Google,1,2026-05-18 09:14:22,makin kesini makin buruk aplikasinya dapat driver datangnya lama karena posisi jauh logikanya yg dapat orderan itu berdasarkan posisi driver mana yg dekat ini malah yg jauh2 parah
2853,Pengguna Google,1,2026-05-18 08:48:33,saya tidak suka aplikasi ini karena saya tidak bisa mengaksesnya saya sudah mengetik dengan lengkap tapi tidak masuk dan saya dari desa wonosari rt04 rw 04
2854,Pengguna Google,1,2026-05-18 07:26:06,sy benci sama iklan yg muncul saat main game bikin bug
2855,Pengguna Google,1,2026-05-18 07:10:26,menunggu terlalu lama sampe telat di jemput
2856,Pengguna Google,1,2026-05-18 06:08:58,tolong seleksi buat kendaraan dan umur calon driver ny sering banget dapet kendaraan sama driver ny sudah ber umur jd gak bisa bawa cepat
2857,Pengguna Google,3,2026-05-18 05:54:37,parah lama banget nemuin driver nya
2858,Pengguna Google,3,2026-05-18 04:33:08,sekarang nyari grab buat gosend susah bisa berjamjam baru dpet pesen mkn jg lama ampun dah
2859,Pengguna Google,5,2026-05-18 01:37:57,sagat bagus karna memudah kan kita untuk belanja
2860,Pengguna Google,5,2026-05-18 00:51:34,bagus saya suka mudahan mudahan diskon di naikan trus
2861,Pengguna Google,1,2026-05-17 23:42:46,saya cuman minta tambahkan fitur report driver yang suka cancel orderan customer seenaknya kadang kita udah nunggu lama tiba2 di cancel biar mereka juga tau diri juga kalau ga seenaknya mereka saya uninstall aja ini
2862,Pengguna Google,1,2026-05-17 21:42:07,mau login ajh susah jika ke bayakan eror hapus ajh b s
2863,Pengguna Google,5,2026-05-17 21:32:14,tolong non aktif kan fitur lelangan soal nya tidak sesuai dengan titik driver bikin lama nunggu nya
2864,Pengguna Google,4,2026-05-17 20:22:11,sy ganti hp email sama no hp sama tp sy masuk di grab puluhan kali gak bisa masuk buat baru jg gak bs seperti terblokir no hp dan email ku di grab alhamdulillah sekarang sudah bisa
2865,Pengguna Google,5,2026-05-17 20:02:50,alhamdulillah pak sopir yg mengantar dengan selamat trims
2866,Pengguna Google,1,2026-05-17 19:50:44,apa masalah sekarang grab sampai tidak boleh sudah topup cridit betul betul bikin saya tinggi darah
2867,Pengguna Google,3,2026-05-17 19:02:57,suka lelet disaat lg urgent pdhl jaringan bagus
2868,Pengguna Google,4,2026-05-17 19:01:21,mau buka grab malah muter terus jaringan bagus juga perbaiki lagi mantap lah emang mantap malah muter
2869,Pengguna Google,1,2026-05-17 18:37:22,loading nya lama kadang error padahal sudah memakai data
2870,Pengguna Google,1,2026-05-17 18:20:27,aplikasi transportasi paling lelet se indonesia jelek ga bsa dipake dlm keadaan darurat internet udh 5g tapi lemot nya minta ampun
2871,Pengguna Google,5,2026-05-17 15:46:27,pelayanannya mantap pengemudi ramah mudah berkomunikasi supel gaul
2872,Pengguna Google,5,2026-05-17 15:06:21,bagus sangat murah aku pesen sosis kenjles aja murah cuman 500 perak jir beneran sumpah
2873,Pengguna Google,4,2026-05-17 13:03:12,untuk semua nya udah bagus si cuman kadang pelit banget kalo ngasi diskon buat gofood saya dapat diskon hanya 3rb saja
2874,Pengguna Google,2,2026-05-17 12:58:26,toling dong kalau driverx gk bisa jmput di kabarin jangan kita sudah lama nunggu di chat gk respon bingung maux apa
2875,Pengguna Google,1,2026-05-17 12:04:01,customer saya sering salah alamat tlg diperbaiki interface aplikasinya
2876,Pengguna Google,5,2026-05-17 10:31:55,membantu bgt aplikasi ini sukak bgt
2877,Pengguna Google,1,2026-05-17 06:52:48,sekedar masukan saja tolong tambahan fitur ubah metode pembayaran saat sudah di perjalanan
2878,Pengguna Google,1,2026-05-17 05:17:41,kenapa menu pesan mobil sama motor tidak ada
2879,Pengguna Google,5,2026-05-17 02:11:34,pelanyanan baghs tepat waktu dan ramah
2880,Pengguna Google,1,2026-05-17 00:31:44,aplikasi dak guna 2 kali tnggu berjam2 ujung2nya pembatalan sepihak dak bisa komplain lg d pemesanan
2881,Pengguna Google,1,2026-05-16 23:50:24,aplikasi stuck ga bisa diakses padahal jaringan bagus pas buka maxim dan buka sosmed lancar jaya tapi pas buka grab no respons terus aneh kenapa jadi gini akhir2 ini sebelumnya normal aja
2882,Pengguna Google,5,2026-05-16 22:33:32,grab makasih buat diskon2nyaa tolong adain grab khusus perempuan terima kasih
2883,Pengguna Google,1,2026-05-16 20:49:11,mapnya suka ngaco driver jadi muter2 saya jadi nambah ongkos offline lagi
2884,Pengguna Google,1,2026-05-16 19:45:33,ngasi laporan ke mitra driver karena mendapat perlakuan buruk lama banget tindakannya dari grab
2885,Pengguna Google,1,2026-05-16 19:10:42,internet dipakai di semua aplikasi lancar lancar ajaa sedangkan di grab malah cek internett
2886,Pengguna Google,1,2026-05-16 19:07:05,makin kesini makin aneh susah cari driver kadang udah dapet driver pun malah dicancel dikerjain dibilang udah sampe taunya driver nya gaada malah gabisa dihubungin tolong dong buat para driver kalo emang gamau ambil orderan cancel jangan bikin org nungguin dan malah gaada kabar
2887,Pengguna Google,3,2026-05-16 17:47:00,pagi sampe sore dipake masih bisa giliran pas butuh banget dihari yang sama tiba2 tidak ada jaringan beberapa kali refresh pake wifi sama data tetep gabisa kata temen minta di update udah di update tetep aja nggak bisa bener2 dah
2888,Pengguna Google,1,2026-05-16 16:52:31,makin kesini makin banyak fitur bukannya mempermudah malah nyusahin tiap order harus update alamat promo promo gak mutu keluar trus
2889,Pengguna Google,3,2026-05-16 13:18:57,jujur gua agak sebel klo pesen grabfood pesanan udh selesai tinggal diantar tapi gak ada driver yang ngambil mana kita gak bisa ngechat owner restonya kan kasian juga untuk pihak resto
2890,Pengguna Google,5,2026-05-16 13:07:07,mudah di pesan sangat menguntungkan perjalanan kemana pun jadi sangat membantu cuma terkadang driver nya suka cancel sesukanya dan mungkin terlalu murah tpi menurut saya walau pun murah diambil ajh kan bukan cuma 1 klo di jalanin lumayan dari pada ga ada sama sekali intinya grab ini menguntungkan untuk kami yg masih gaji di bawa umr perjalanan dgn harga minim
2891,Pengguna Google,1,2026-05-16 12:52:44,bru kemarin update udah update lagi pindah ke gojek ajala
2892,Pengguna Google,5,2026-05-16 11:53:17,sangat nyaman dan cepat ongkos murah terima kasih grab
2893,Pengguna Google,1,2026-05-16 11:35:58,pelayanannya bagus ketika cuaca cerah tapi ketika hujan begini sangat lama pelayan nya mau di batalkan pun tidak bisa sangat menyusahkan
2894,Pengguna Google,5,2026-05-16 11:20:21,sangat cepat dan ramah terimakasih banyak
2895,Pengguna Google,1,2026-05-16 10:58:13,saya isi kredit melalui online bank saldo bank dimakan saldo grab gak nambah aplikasinya nipu juga nih
2896,Pengguna Google,5,2026-05-16 10:20:25,ini sangat membantu sekali buat yg mager keluar beli mkn pesan di grab lebih mudah dn gampang
2897,Pengguna Google,2,2026-05-16 09:53:14,kecewa banget saya ga order apapun tiba ada notif pengambilan barang coba saya tiba ada jadwal pengambilan pengiriman pdahalsaya ga pesan apapun di cancel juga ga bisa kasian driver lho tolong lah dibenahi lagi biar ga merugikan driver costumer nya
2898,Pengguna Google,5,2026-05-16 08:53:01,perjalanan lebih cepat dan menyenangkan bersama grab
2899,Pengguna Google,2,2026-05-16 08:29:03,repot banget harus ini harus itu at least murah si harganya
2900,Pengguna Google,1,2026-05-16 07:23:09,tolong di perbarui untuk lokasi yg tak ada driver nya pesan dr td gk ada yg nyangkut klo emang lokasi tak terjangkau harus nya ada notifikasi bukan suruh nunggu nunggu aja
2901,Pengguna Google,5,2026-05-16 05:17:11,saat menerima orderan apilkasi tidak dpt dibaca dan saat menyelesaikan orderan aplikasinya muter2 saja mohon bantuannya paman grab karena cara kerjanya tidak bisa sat set
2902,Pengguna Google,5,2026-05-16 04:11:56,menurut ku pribadi ini cukup bagus tapi sayang banget metode pembayaran nya dikit
2903,Pengguna Google,1,2026-05-16 00:35:04,disuruh verif wajah tapi buka kamera nya aja ga bisa bisa aplikasi tolol
2904,Pengguna Google,5,2026-05-16 00:08:42,sangat membantu dalam hal apa pun
2905,Pengguna Google,5,2026-05-15 22:40:31,terimakasih grab tau aja saya lagi butuh pekerjaan untung ada aplikasi grab buat cari cuan
2906,Pengguna Google,1,2026-05-15 22:35:56,pesan dari tadi sampai sekarang belum datang sudah kelaparan
2907,Pengguna Google,1,2026-05-15 22:25:07,kenapa sih lelet banget ngelag jaringan normal 5g bhkn tapi lemot banget ni apk gera
2908,Pengguna Google,5,2026-05-15 22:09:31,aplikasi nya sangat bagus saya pesan nasi goreng di antar nya ketoprak terus ketoprak nya pake mie ayam tapi overall okee aplikasi nya sangat bagus
2909,Pengguna Google,1,2026-05-15 22:06:19,titik pengantaran jauh banget padal alamat udah bener akhirnya saya yang bayar lebih ke ojolnya padahal apk nya yg bermasalah
2910,Pengguna Google,1,2026-05-15 21:22:15,aplikasi aneh pesanan tidak bisa dibatalkan padahal belum ada driver yang pick sampai 1 jam akhirnya saya tinggal pergi tp saldo ovo terpotong
2911,Pengguna Google,1,2026-05-15 20:55:33,maksudnya apa tanpa izin ambil ovoku aku padahal ga bayar merchant grab tiba tiba login ovo saldo tinggal dikit eh kebayar 24 ribu maksudnya apa sudah tau ga ada uang uangnya kupake bayar tiket kereta ah kere kalo gini aku cari pinjaman tolol
2912,Pengguna Google,3,2026-05-15 18:06:44,bnyak banget driver yg dapet orderan gabungan klo pesen grab food kenapa ga ditindak lanjuti sih dri pihak grab kan pada pake tuyul mereka
2914,Pengguna Google,1,2026-05-15 16:56:41,tolong pihak grab ada driver nakal yg dengan sengaja gak trima orderan tpi liat list daftar blanjaan sma jumblah uang pembeli dan disreenshot untuk kepentingan pribadi jikalau blom di acc tolong pihak driver tak di ijinkan melihat daftar blanjaan tersebut saya selaku pembeli merasa tidak aman
2915,Pengguna Google,5,2026-05-15 15:02:56,ini aplikasi sangat bermanfaat buat saya dengan promo promo gilanya membantu saya hidup lebih mudah terimakasih dan sukses selalu buat grab
2916,Pengguna Google,3,2026-05-15 14:40:20,enak sih makanannya cuman drivernya itu lo selalu gak ada uang kembalian
2917,Pengguna Google,5,2026-05-15 14:22:58,alhamdulillah motoenya cepat sampai bawanya sopan dan nyaman terima kasih
2918,Pengguna Google,2,2026-05-15 13:46:06,harga yg tertera gak sama ketika mau cek out apa nambah apa nambah mana luama banget nganternya misal di menu harganya 20 jadi 22 rb hade aplikasi lain kaya shopee food gojek aja gak kaya gini belum lagi kepotong 2 rb kalo bayarnya pake ovo sama aja dong kaya gak make voucher marketing banget grab ini mah misal voucher cuma tersedia cuma 5 rb aja terus kalo beli kena tmbhan biaya 2 rb bayar pake ovo dipotong 2 rb ya sama aja dong kaya gak berguna gak kepake tuh voucher nya
2919,Pengguna Google,5,2026-05-15 12:24:41,memudahkan sekali untuk kita jalan dgn biaya yg terjangkau terima kasih grab
2920,Pengguna Google,2,2026-05-15 08:30:47,terlalu lama dapat pengemudi nya padahal lagi buru buru
2921,Pengguna Google,5,2026-05-15 08:29:31,membuat kita mempermudah melakukan perjalanan tanpa ribet parkir
2922,Pengguna Google,4,2026-05-15 07:25:31,menu update maksa banget min kai pake harus update dulu kenapa enggak ada pilihan update later aja susah makenya
2923,Pengguna Google,1,2026-05-15 02:42:10,parah sih masa makanan sana ongkir nya mahalan ongkir nya kacau saran ongkir jangan mahal mahal
2924,Pengguna Google,1,2026-05-14 22:22:45,evaluasi terus untuk meningkatkan kepuasan pelanggan ada pengalaman tidak enak menggunakan layanan dari kalian terjadi hari ini kita di mintai biyaya lebih karena membuat mobil kotor dan driver melotot cenderung marah kepada kami ya pokoknya evaluasi lagi untuk saat ini kami tidak memakai layanan dari kalian dulu
2925,Pengguna Google,1,2026-05-14 21:56:39,grab nyebelin kata bakalan sampai makam jam 21 20 ini udah jam 21 56 belom sampai juga mn ga bisa d cancel ga tau orang laper galak apa
2926,Pengguna Google,1,2026-05-14 21:18:40,untuk pengantaran makanan lama dan tidak konsisten butuh waktu yang lama ga sesuai tolong di perbaiki untuk pengantaran ga rekomen lebih bagus di shopefood asli kesel nunggu nya ga rekomen intinya
2927,Pengguna Google,4,2026-05-14 20:43:26,4 aja dulu soalnya kemarin di medan aku ga bisa transaksi pembayaran cash ga bisa link ga bisa qris juga sama
2928,Pengguna Google,1,2026-05-14 20:38:26,woi ni server guaa kenapa woii mo grabfood kok lemod ga butuh duit apa gimana
2929,Pengguna Google,5,2026-05-14 19:15:27,sangat baik tetap semangat yach dlm menjalankan tugas
2930,Pengguna Google,1,2026-05-14 18:03:44,harga makanannya kemahalan kebanyakan di up dari harga yang asli
2931,Pengguna Google,1,2026-05-14 17:50:44,tolong dong untuk driver nya cust udah nunggu lama buru tbtb di cancel padhal udah tatap muka buat grab harusnya ada sanksi buat driver nya kalau ga cocok ongkos cancel nya di awal
2932,Pengguna Google,2,2026-05-14 17:17:33,udh diperbarui tetap ga bisa dibuka aneh
2933,Pengguna Google,1,2026-05-14 15:25:46,kenapa akun saya tiba ilang tanpa sebab padahal saya sudah coba pakai akun lain tetap saja seperti itu tolong di perbaiki sudah di verifikasi pun tetap saja
2934,Pengguna Google,5,2026-05-14 14:26:04,semoga berhasil dan selalu sukses untuk bermanfaat buat kita semuanya amin ya allah swt
2935,Pengguna Google,5,2026-05-14 13:52:38,aplikasi yg membantu jika mlas keluar rumah
2936,Pengguna Google,1,2026-05-14 13:07:00,banyak driver gajelas map nya yang bermasalah penumpang yang di marahin di benerin dulu titik nya driver nganter makan gajelas semua kondisi cuaca aman dapet 5 kali cancel infoin tuh kalau udh tau jauh jgn diambil kan jadi berharap
2937,Pengguna Google,1,2026-05-14 12:48:20,beli grabfood disuruhnya aktifkan lokasi tapi walau sudah aktif lokasinya malah beda sama lokasi sekarang mana posisinya beda sampai sejam dan udah kepesan lagi mau hubungin layanan customer service mustahil dan gak ada opsi lagi
2938,Pengguna Google,1,2026-05-14 12:25:59,driver ga ramah makan jadi ga enak juga
2939,Pengguna Google,1,2026-05-14 11:17:43,drivernya judes2 rewel perhitungan bgt truz ribet tanya dimana alamatnya wo namanya jg tempat keliatan dekat tapi bs ajah lebih masuk jauh kedalamnya klo mau salahin titik lokasinya gak akurat tanya tuh susahnya tukang becak jangkau area dah jauh gak tau titik yg dituju penting smp dg selamat gowes sendiri pula maunya naik turunin penumpang slalu laris gt ajah klo lagi sepi mah sepi ajah
2940,Pengguna Google,1,2026-05-14 09:02:00,grab di malaysia tu jangan kereta buruk masuk jga di compny ny kereta yg layak lah masuk dalam grab tu
2941,Pengguna Google,5,2026-05-14 06:59:38,grab terbaik terutama buat layanan grab food nya sukses terus
2942,Pengguna Google,1,2026-05-14 01:12:27,minta tolong di koreksi lagi untuk pengiriman food nya saya pesan bayar di tempat masah di chat minta tf baru salah kan aplikasi nya alasannya talu belat belit intinya sjh mau ambil pesan atau tidak simpel ini mau minta nomor whatsapp lah
2943,Pengguna Google,2,2026-05-14 00:46:36,ada driver yang sdm rendah ciri khasnya cowok berkumis tampilan lusuh juga sering marah marah ke pelanggan yang tidak berdosa itu mohon agar driver yang marah marah itu dicoret atau dipecat saja dari jabatannya sebagai driver
2944,Pengguna Google,1,2026-05-13 23:13:11,terlambat kerja gara2 driver pada sombong gak terima order wekalinya ada gak jelas gak bergerak
2945,Pengguna Google,3,2026-05-13 22:17:59,tadi baru naik grab 4x pembayaran yg terakhir baru sukses 3 ya gatau masuk ke dana ya tuh udh saldo terakhir dikuras pula giliran si cht ke layanan grab pertanyaannya diputer trs hadeh
2946,Pengguna Google,3,2026-05-13 22:01:52,susah dan lama banget dapat driver pengganti setelah tercancel driver awal membuat kami harus menghubungi pusat bantuan dan masih terus menunggu keburu makanan dingin dan mekar yang ada gak enak kami mengecewakan custamer kl begini tolonglah dirubah sistem nya agar tidak terjadi hal serupa
2947,Pengguna Google,1,2026-05-13 21:34:03,pembayaran via qris gagal terus pas di cek mutasi terpotong 3x di chat pusat bantuan malah chat bot ga ada menu chat dengan cs gitu di instagram eh sama aja balasan pake bot dan ga ada di pilihan
2948,Pengguna Google,1,2026-05-13 21:33:52,gue bayar 3x pake qris gagal terus pake bca tapi giliran pake mandiri 1x berhasil akan tetapi saldo di bca gw tetep ke potong kecewa
2949,Pengguna Google,1,2026-05-13 21:26:28,bayar grab ojol pake qris gagal tapi berkurang saldo saya kirim berkali2 gagal lagi saldo berkurang terus ga becus sistem bayar qris rugiin customer
2951,Pengguna Google,1,2026-05-13 21:20:33,kok susah x masuk untuk verifikasi
2952,Pengguna Google,3,2026-05-13 20:47:07,kapok beli di grab pengemudi susah dicari harusnya kaya shoopefood dapet dulu yang anternya baru masuk pesanan ke resto hm
2953,Pengguna Google,1,2026-05-13 20:43:24,kenapa tiba di suruh verifikasi pdhl udah sering pakai giliran mau pakek lagi di suruh verifikasi
2954,Pengguna Google,1,2026-05-13 20:32:29,mau mesan katanya verifikasi satu kali lg verifikasi apa ga jelas bintang 1 sampai masalah selesai
2955,Pengguna Google,1,2026-05-13 20:25:13,verivikasinya rib t lagi buru buru malah diribetin sumpah kapok auto un instal
2956,Pengguna Google,5,2026-05-13 19:45:29,pegawai grap ramah dan tepat waktu
2957,Pengguna Google,1,2026-05-13 19:30:15,ribet banget penumpang aja pake verifikasi segala udh gitu menu verifikaisnya ga ada lagj
2958,Pengguna Google,1,2026-05-13 19:10:12,ribet bgt skrg konfirmasi2 apalah keburu telat qw
2959,Pengguna Google,5,2026-05-13 19:04:25,sesuai estimasi barang sampai dengan selamat tq
2960,Pengguna Google,1,2026-05-13 18:29:24,verifikasi ampas menyulitkan orang yg lg terburu
2961,Pengguna Google,1,2026-05-13 17:36:17,refund di tolak sudah jelas saya punya semua buktinyata foto dengan pemulung ss dianatarkan sesuai ttik struk chat penipu bahkan video ngaku2 dari grab
2962,Pengguna Google,1,2026-05-13 16:51:20,gak bisa pesan harus verifikasi mulu padahal data aman ampas turun di b1
2963,Pengguna Google,1,2026-05-13 16:47:18,semakin menurun kualitasnya dan saya berharap lebih update saya beberapa kali tidak bisa ubah lokasi ganti lokasi tidak ada opsi
2964,Pengguna Google,1,2026-05-13 16:44:12,pengemudi disini telah melakukan kekerasan terhadap saya nama penengemud dan nomor pengemudi nama yusuf abdullah no motor b 5874 boo motor vario mohon untuk segera di tindak lanjuti atas perilaku grab terhadap saya terimakasih
2965,Pengguna Google,1,2026-05-13 16:18:39,tolol sinyal bagus gabisa di login
2966,Pengguna Google,1,2026-05-13 16:03:07,habis update malah nggak bisa langsung pesan grab mau verifikasi tombolnya juga nggak ada padahal izin sudah aktif semua
2967,Pengguna Google,1,2026-05-13 15:55:34,saat saya mau pesan malah disuruh verifikasi dan saat saya ingin verifikasi malah dibawa ke verifikasi menjadi driver
2968,Pengguna Google,5,2026-05-13 15:35:20,pelayanan cs nya sangat baguss dan cepat
2969,Pengguna Google,3,2026-05-13 15:19:06,menginstal nya lama banget padahal kuota ku lancar dan penyimpanan ku ga penuh
2970,Pengguna Google,5,2026-05-13 14:32:32,setiap hari pulang pergi bekerja cuma pakai grab gak lain lain aman terpercaya
2971,Pengguna Google,5,2026-05-13 14:03:27,driver nya cepat nyaman ramah menyenang kan
2972,Pengguna Google,1,2026-05-13 13:45:35,ini termasuk apk paling menyusahkan menurut saya kalo mau pesan makan banyak maunya kek gimana gitu bikin pusing tunau ndak bisa qiris ndak bisa tambah pembayar ovo malah eror pakek kartu eror ini apk propesional atau apk yang cuman asal bikin atau gimana mohon maaf ya tolong di evaluasi jangan berpuas diri dengan yang sudah ada terimakasih
2973,Pengguna Google,1,2026-05-13 12:15:08,benci banget pake pengiriman standar kok driver bisa ambil orderan lain sih kayak pakek yg hemat aja gajelas bintang 1
2974,Pengguna Google,5,2026-05-13 11:27:42,pakai grab memang untung selalu banyak promo nya terimakasih grab
2975,Pengguna Google,2,2026-05-13 11:18:30,mohon untuk kedepanya pesanan sameday harusnya driver gak bisa batalkan sepihak terkadang makan waktu untuk tunggu di pickup pas giliran brg kita yg di pickup driver membatalkan sepihak jadi tunggu driver lagi kalau toko kita sudah keburu tutup driver selanjutnya kasian
2976,Pengguna Google,5,2026-05-13 08:55:13,kinerjanya suda baik tapi tolong perbaiki mab nya agar tidak sala sasaran
2977,Pengguna Google,4,2026-05-13 08:22:14,tolong dong aplikasinya dikasih fitur mode layar gelap atau dark mode
2978,Pengguna Google,1,2026-05-13 07:32:26,makin kesini biaya makin mahal dan banyak biaya lain lain nya
2979,Pengguna Google,1,2026-05-13 05:57:20,grab jangan sepihak semena mena sama driver liat dulu kondisi lapangan hapus penilaian customer tidak sesuai apa pun layanannya jangan sepihak semena mena inget indonesia negara hukum pancasila bhineka tunggal ika
2980,Pengguna Google,1,2026-05-13 04:03:08,makin lama grabfood makin buruk aplikasi beli makanan dikonter 100rb lewat grab 170rb blm lagi ongkir parkir biaya operasional pesanan apa guna program discon 99 discon sampah cuma 2 perka mank pikir kita miskin nampak 2 macam 2juta aplikasi mirip2 perampokan model baru saja nih mending kuhapus pakai shoppe atu gojek lbh banyak discon
2981,Pengguna Google,1,2026-05-13 00:51:37,bayar 1 berhasil saldo sudah terpotong namun keterangan pembayaran belum selesai jadi bayar 2 kecewa banget walaupun gak seberapa harga nya tapi kecewa banget hhe
2982,Pengguna Google,1,2026-05-12 23:45:11,masak bayar double qris iya dah kepotong di bank belum masuk ke aplikasi grab supirnya tunia iya parah parah parah
2983,Pengguna Google,1,2026-05-12 22:43:57,saya kecewa pakai grab barang kastemer ketinggalan bukan di hantar balik malah di ambil saya sangat kecewa aplikasi ini saya ketinggalan hp bukan di hantar mlh tak di hntar baru kluar dari lokasi di cakap dah jauh dengan no kerat a 2127 memang xda kejujuran
2984,Pengguna Google,3,2026-05-12 22:32:28,tolong lah untuk grab indonesia terutama apk grab yang untuk driver keringananan git buat motor yang 2014 2015 untuk di tinjau saya sebagai driver yg kehilangan motor dan ganti ke motor beat fi 2015 biar bisa ngojol gituu min
2985,Pengguna Google,1,2026-05-12 18:29:51,malesin masa harga pengantaran naik 100 sih
2986,Pengguna Google,2,2026-05-12 18:27:55,knp y masih samaa sebenarnya aplikasi ini mempermudah apa memperparah yaa gua udah ngirim lewat link tapi koo tetep sama yaa ga ada perubahan
2987,Pengguna Google,4,2026-05-12 18:26:02,update bae seminggu berapa kali update setiap buka apk update padahal kemarin update
2988,Pengguna Google,5,2026-05-12 18:04:48,tolong maps nya di update dong berdasarkan gmaps atau openstreetmaps karena maps grab nya gk update alhasil kurir selalu salah jalan dan masuk ke jalan yang sekarang ditutup
2989,Pengguna Google,5,2026-05-12 17:55:52,ramah kebetulan buat saya jadi happy naiknya
2990,Pengguna Google,5,2026-05-12 16:28:55,aplikasi yang selalu mengutamakan kepuasan dan keluhan pelanggan
2991,Pengguna Google,1,2026-05-12 15:45:31,seharusnya di parbaharui semakin bagus kok semakin begini
2992,Pengguna Google,2,2026-05-12 13:27:46,grebcarny gak masuk di akalpadahal di alamat tujuan 50rb mlah di minta 100rb padah kkali pake promo 35rb alesany pas puangny kosong dan gak cukup buat beli bensin hadohh mohon di prbaiki lagi min soale gak 1x 2x berxx low
2993,Pengguna Google,3,2026-05-12 13:24:28,udah ga worth it dipake promonya sedikit
2994,Pengguna Google,1,2026-05-12 13:21:52,grab tolong bikin qris jangan cepet cepet kasian yang bayar nya kalo bisa jangan ada waktu nya la kocak
2995,Pengguna Google,3,2026-05-12 13:01:24,tetap hati kemaren sodara gw pesen grab car pas udh sampe hp nya ketinggalan di dalem mobil lagi di cas tapi si supir gk ada etikad baik buat balikin malah di ambil hp nya
2996,Pengguna Google,1,2026-05-12 12:27:18,tolong driver dengan nama dodi maulana f 2507 ev honda vario direport aja akunnya ngambil pesanan makanan lama banget banyak kendala ngang ngong aja
2997,Pengguna Google,4,2026-05-12 11:36:46,bagus aplikasinya tapi kadang suka muncul koneksi bermasalah padahal lagi nyambung wi fi atau data kenceng jadi khawatir kurirnya tanya tanya pada saat lagi bermasalah itu semoga makin bagus lagi
2998,Pengguna Google,1,2026-05-12 11:12:48,semenjak ada pilihan grabike xl buat orang gendut secara galangsung kaya di body shaming uang cuma pas2an sisa 15rb mau pesen yg xl 20rb gacukup akhirnya pesen yg standar udh diliatin dari atas sampe bawa akhirnya minta dicancel bilang motornya gakuat yaallah senyakitin itu ngmongnya bukannya sekali dua kli pesen yg standar kaya gtu karna kalo pun xl yg dateng kadang motornya tetep beat padahal dari dlu pake grab gapernah aneh2 cuma pas ada pilihan bgini aja jadinya pada sombong driverny
2999,Pengguna Google,1,2026-05-12 10:46:39,aplikasi ini mau nya apa sih kalau gak di butuhin ngikl n aja terus di pop up hand phone pas di butuhin kok susah apa mau nya
3000,Pengguna Google,5,2026-05-12 09:26:20,sangat suka karena murah banget dan semua pengemudi nya baik dan ramah pokoknya mantap layanan grab
3001,Pengguna Google,1,2026-05-12 08:40:41,makin kesini parah driver ny pesan dah lama malah d cancel klo ga mau bawa penumpang dari awal jd ga tunggu lama pengen di hapus aja ini aplikasi nya
3002,Pengguna Google,1,2026-05-12 07:50:36,kurang kurangi ini cara make grabfoodnya bikin bingung
3003,Pengguna Google,1,2026-05-12 06:52:46,ngapain sih iklan grab lekong gitu jijiki
3004,Pengguna Google,1,2026-05-12 06:40:38,udah di tengah2 d batalain kan asy
3005,Pengguna Google,1,2026-05-12 01:19:22,ga recommended mesen makan di sini suruh nonton iklan 15 menit terus suruh nunggu lagi 30 menit posisi pesanan tengah malam dan menu cuma 2 tapi lama banget astaga
3006,Pengguna Google,3,2026-05-11 21:34:10,tolong maps nya di benerin lagi soalnya kalau saya pesen grabfood titik antar nya suka salah
3007,Pengguna Google,1,2026-05-11 19:59:13,cari untung cari untung tapi ia mikir castemer older food jangan di dobel jadi lama nunggu makan kurang dress
3008,Pengguna Google,5,2026-05-11 19:02:34,applikasinya membantu banget apalagi yang butuh ojek untuk kepentingan
3009,Pengguna Google,1,2026-05-11 17:51:04,gilaa masak iya pesen makanan cuman 4 kilo meter dari rumah ongkirnya sampe 60 ribu mending pake aplikasi yang lain aja
3010,Pengguna Google,5,2026-05-11 16:50:10,selalu bada promo driver ok recommended
3011,Pengguna Google,1,2026-05-11 16:36:13,ini kenapa pengemudinya cancel teru padahal saya juga bayar wo coba aplikasi perbaik pelayanannya
3012,Pengguna Google,2,2026-05-11 16:08:12,tidak konsisten pertama dari titik a ke titik b harga nya sangat murah pas mau pulang dari titik b ke titik a dengan arah yg sama sperti di awal harganya tiba2 naik jadi 50
3013,Pengguna Google,5,2026-05-11 15:55:58,semoga ke depannya jdi lebih baik lagi
3015,Pengguna Google,5,2026-05-11 14:11:32,sy berada di kampung bojong waru desa padasuka bisa cek dr situ knp ya tiap sy pesan gojek lingkungan anda blm ada layanan utk grab katanya tapi kalo dr kota ke kampung sy terdeteksi dan ada tlg di cek knp kira2 di tunggu ya sy kab garut kec pasirwangi kp bojongwaru desa padasuka
3016,Pengguna Google,4,2026-05-11 13:50:45,iklannya nongol mulu saat mesen jadi salah pencet pembayaran
3017,Pengguna Google,1,2026-05-11 13:09:11,pembatalan karena ada perubahan tujuan potong ovo mantap lanjutkan jadi malas pakai grab
3018,Pengguna Google,1,2026-05-11 09:56:55,informasi aja ojol sekarang banyak menggunakan helm yg tajem kebelakang jd ga bulat plontos ky normal helm jidat saya kepentok2 mulu hawatir kena mata ini ga ada di sop nya kah saya bisa nge rating ojolnya cuma masalahnya mayoritas ojol yg ketemu saya semuanya begitu saya fikir 1 2 orang doang ini sebulanan terakhir lagi trend mungkin cuma kalo d services bawa org baiknya jangan kalo sendiri gapapa bikin kagok duduknya kepentok2 mulu
3019,Pengguna Google,2,2026-05-11 09:28:51,parah banget sih montor belum jalan kan tapi nambah 5 untuk ganti tujuan karna salah pejet
3020,Pengguna Google,1,2026-05-11 06:34:10,estimasi untuk memesan makanan sangat lama
3021,Pengguna Google,2,2026-05-11 06:13:28,maps nya nggak jelas sesat bilang ke driver nya kalau mau cancel dr awal aja kasih tau gue nunggu 7 menitan sempet liat dia jg di depan tpi pergi trs dicancel mau sekolah ini padahal
3022,Pengguna Google,5,2026-05-11 03:35:21,saya puas dengan pelayanan grab cepat penanganannya dan driver yang ramah ramah
3023,Pengguna Google,5,2026-05-10 23:56:56,mantap tepat waktu disaat lg lapar
3024,Pengguna Google,5,2026-05-10 23:13:47,woww masa pesen makanan murah tapi ongkir nya kagak ngotak muga bangkrut aja dah ini grab kemarin masih harga 25 k sekarang kok naik jadi 30 k mana ongkir lebih mahal pulak
3025,Pengguna Google,1,2026-05-10 22:38:43,sangat mengecewakan akun lama yang sudah lama tidak dipakai tiba tiba ditangguhkan tanpa penjelasan jelas lucunya saat mencoba buat akun baru malah langsung ditangguhkan juga sistem keamanan seperti asal blokir pengguna tanpa pengecekan yang benar customer service hanya memberi jawaban template dan tidak benar benar membantu menyelesaikan masalah pengguna jadi dirugikan padahal tidak merasa melakukan pelanggaran apa pun
3026,Pengguna Google,1,2026-05-10 21:39:38,tolong bgt driver nya dikasih tau kalo ada orderan tu lngsung jalan bukan nya malah ini itu dulu dicancel ga terima ditunggu ga dateng dateng udh dicancel malah dateng trs marah marah mau berangkat kerja jadinya telat ga mood jg kita sebagai penumpang jadinya serba salah pdhl grab tu selalu aku pakai ga pernah pake yang lain dan setiap hari pake grab tp dapet pengalaman yang kurang mengenakan mending pindah ke yang lain
3027,Pengguna Google,3,2026-05-10 21:35:23,kenapa sekarang gak bisa bayar pake qris ovo padahal sebelum sebelumnya bisa tapi belakangan ini selalu ada tulisan metode tidak didukung disuruh top up ovo terus padahal saldonya lebih
3028,Pengguna Google,5,2026-05-10 21:18:12,sangat membantu mempermudah perjalanan terima kasih
3029,Pengguna Google,1,2026-05-10 20:55:52,gimana si gofod ga bisa di cancel baru pencet pdhal
3030,Pengguna Google,3,2026-05-10 20:36:34,pas mau pesen makan gas asa ovo terus ini lah ovo 100 ribu eh pas klik pesan malah error invalid arguments
3031,Pengguna Google,1,2026-05-10 19:55:22,grabmaps tidak sesuai google maps grabmaps perlu di update grapmaps sering salah alamat
3032,Pengguna Google,1,2026-05-10 19:52:07,apaa coba udah nungguin lama2 malah pda di cancel gak hargain waktu org aja sampe 2x berturut turut tiap nyari kenapa nemunya yg jauh2 pdhal yg deket jiga bnyak
3033,Pengguna Google,5,2026-05-10 19:34:19,pertahankan pelayanan yg baik ini kepada semua pengguna
3034,Pengguna Google,2,2026-05-10 19:27:21,aslinya baguss baguss bangett ini aplikasi favorit gue tapi tadi baru aja gue mesen grabcar kan nah itu jalan yang di map nya di puter puterin ga jelas banget asli kita ampe hampir kecelakaan respect banget sama driver nya yang gigih udah sempet ketabrak batu gede tp ga marah2 gasuka sama pengarahan di map nya pdhl pas gua liat di google map lebih cepet dan lebih jelas tp pas di grab map nya malah ga jelas kaya gtu tolong kedepannya di benerin lagi
3035,Pengguna Google,5,2026-05-10 19:17:53,jika mls tinggal pesen makanan dn muda walau pun mahal
3036,Pengguna Google,1,2026-05-10 19:02:54,grab tambah jelek sdh 3x terbatalkan tdk jelas
3037,Pengguna Google,2,2026-05-10 18:00:39,setiap cari grabcar ga pernah dapet susah dapet kalo di perumahan dari harga yg murah nyampe yang paling mahal juga ga dapet
3038,Pengguna Google,1,2026-05-10 17:24:34,saat menggunakan hemat diberikan beberapa opsi lalu saya pilih yg terdekat contohnya 2 menit trnyata aktualnya 6 menit aplikasi tidak jujur dan akurat
3039,Pengguna Google,1,2026-05-10 17:23:08,kecewa sama pelayanan cs nya ada masalah dgn aplikasi tapi dikasih saran yang gk bener mana lama lagi tanggapan cs nya udah gitu makin hari makin mahal aja grab mending pindah ke sebelah
3040,Pengguna Google,4,2026-05-10 17:19:53,hemm aneh mau pesen makanan tapi lokasi gk kedetect sekarang ini lokasi kamu kejauhan padahal bukan pelosok dan klo mesen grab motor pun selalu bisa disini juga banyak ojol bukan daerah kampung dan pelosok banyak restoran terdekat juga aneh
3041,Pengguna Google,1,2026-05-10 17:09:39,kenpa ongkirnya makin mahal ya biasanya pesen makanan dipilihan yang makan sendiri cuma 25k itu cuma 2k ongkirnya sekarang malah berubah dipilihan makan sendiri jadi 30k ongkirnya pun jadi 7k padahal awalnya pilihan makan sendiri itu ntah 15k klo ga 20k ongkirnya pun tetep 2k tpi kok makin naik aja tpi ga mslh selagi ongkir masih 2k lah ini udah berubah dan ongkirnya pun jadi mahal kalo pesen makan ga difitur makan sendiri itu ongkirnya 2 lipat dari harga makanannya
3042,Pengguna Google,1,2026-05-10 16:43:06,nggak bisa komunikasi sama resto merchant di grabfood musti dari sana dulu merugikan customer dan driver karena nggak bisa dicancel langsung selain itu tidak bisa membayar kekurangan ovo dengan tunai saat pesan grabfood selalu harus full pake ovo atau full pake tunai
3043,Pengguna Google,1,2026-05-10 16:42:10,tolong kode di perbaiki karna saya sdh coba berkali tapi gak bisa alasan nya kode masalah pas ku coba ulang sama aja grab aneh
3044,Pengguna Google,1,2026-05-10 15:45:23,aplikasi teror tiap saat di spam promo ini itu tiap buka aplikasi di spam harus masukin kontak darurat persis pinjol tidak ramah seperti gojek atau pun maxim
3045,Pengguna Google,5,2026-05-10 13:42:42,ok sih cm untuk grab plus pake armada blue bird boleh ditambahkan fitur tips untuk driver karena jujur lebih nyaman pake grab plus armada blue bird tp sayangnya gak bs kasih tips untuk drivernya
3046,Pengguna Google,5,2026-05-10 13:04:43,mantap biar bisa kirim kirim orang
3047,Pengguna Google,5,2026-05-10 11:35:27,siomay akang kitchen singgahrasa bandoeng manyarsakti kawasan unri
3048,Pengguna Google,1,2026-05-10 09:23:51,saya pengguna setia grab tapi karena ada satu kejadian yg bikin saya trauma akhirnya saya berhenti pake grab belakangan juga susah dapat driver pembayaran non tunai terkendala terus drivernya main marah marah aja ga jelas bahkan ada yg minta biaya tambahan dan ditransfer ke rek pribadinya dh gitu tanpa sebab yang jelas saya di banned dh banding tapi ga ada kejelasan
3049,Pengguna Google,5,2026-05-10 09:13:16,suka bgt sama grab pengemudinya kebanyakan santuy dan ga banyak bicara enak buat ak yang lelah kalo di perjalanan tidak mau ngobrol kebanyakan juga profesional juga kalo soal kecepatan dan keamanan the best deh
3050,Pengguna Google,4,2026-05-10 03:16:11,kalo malem mahal itu aja sih
3051,Pengguna Google,1,2026-05-10 02:33:16,ga jelas nyediain fitur hemat tapi drivernya suka gak ngambil giliran di suruh cancel malah marah ngata in
3052,Pengguna Google,1,2026-05-09 22:46:32,pengemudi tidak jujur dan mengambil uang lebih
3053,Pengguna Google,5,2026-05-09 21:23:55,mantap sih sejauh ini sangat2 membantu
3054,Pengguna Google,1,2026-05-09 21:18:21,grab sistem ya gak becus sangat2 gak becus
3055,Pengguna Google,1,2026-05-09 19:24:22,aplikasi labil paylaterku tiba tiba keblokir tiba tiba bisa lagi tiba tiba saldo cima 1 perak tiba tiba muncul banyak lagi pdahal pembayaranku aman aman aja
3056,Pengguna Google,2,2026-05-09 19:08:13,ternyata beda harga dri penjual lumayan jauh belun termasuk ongkir
3057,Pengguna Google,1,2026-05-09 18:56:08,untuk semua nya bagus cuma tolong di usaha kan kalo pengantaran jauh jgn sellau di tolak
3058,Pengguna Google,5,2026-05-09 18:37:15,aplikasi ini sangat membantu tpi tolong klo ada driver yg bkin gk nyaman lgsg d tegur
3059,Pengguna Google,1,2026-05-09 18:30:29,voucher nya main dikit ga kayak dulu promonya menguntungkan yg punya platform
3060,Pengguna Google,1,2026-05-09 17:35:17,saya pesan order makan itu karena lapar tapi saya harus nunggu sampai 2 jam untuk terima makanan yang saya order penyebabnya karena driver bisa terima 2 orderan jadi lama pengantaran nya
3061,Pengguna Google,3,2026-05-09 17:08:36,woi pelanggan grabcar yg ngeluh sering di cancel sm driver kalo mau dapat driver dengan cepat jangan pilih layanan grabcar hemat masa loe naik mobil ber ac jarak dekat cuman mampu bayar 20k mikir
3062,Pengguna Google,5,2026-05-09 15:21:50,sangat memuaskan pelayanan yang sangat baik
3063,Pengguna Google,1,2026-05-09 13:22:30,tampilan grab versi 5 408 0 di android versi 14 belum optimal untuk ukuran layar dan gambar menu menunya masih berantakan
3064,Pengguna Google,5,2026-05-09 12:45:15,abang grabnya sopan dan baik mengemudi dg baik pula pokoknya puas banget dengan layanan abang grab nya
3065,Pengguna Google,1,2026-05-09 12:28:44,hanya grab yg bisa buat grab bangkrut sendiri maaf ya pelanggan makanan anda dingin bukan karena driver tapi kebijakan grab yg makin kikir ngikutin langkah shopee yg sering nipu dan meras driver order gabungan itu adopsi dr shopee makanan mu dingin kan sdh niru tapi jarak gak ngotak beralihlah ke aplikasi lain pakailah shoope krn jarak pendek makanan msh ada kesmpatan hangat meski driver jg sekarat
3066,Pengguna Google,1,2026-05-09 11:56:09,ni aplikasi banyak makan uang driver kasian driver dilapangan ni bagusnya aplikasi nya dicabut izin dan pemerintah bikin apk yg serupa saya sebagai customer kasian banget liat nya sya bayar mahal yg didapatkan driver jauh berbeda
3067,Pengguna Google,1,2026-05-09 10:59:42,makin parah grab harga makanan 2x lipat harga beli ditempat belumlagi kena onhkos kirim lebih 10rb biarpun dekat ongkos pesanan ongkos parkir buat diskon 99 pun percuma cuma max rp2 sedang makanan belinditempat cuma rp misal rp20 beli lewat grab jadi rp5 gila kayak merampok gaya baru kalaubegitu terus aku bakal hapus aplikasi ini
3068,Pengguna Google,1,2026-05-09 10:13:32,waktu pesan grab food berubah ubah seenak aplikator waktu tunggu bisa semakin lam tidak menghargai waktu orang lain sama sekali
3069,Pengguna Google,5,2026-05-09 10:10:15,baru menggunakan grab tetapi sangat mudah penggun nnya
3070,Pengguna Google,1,2026-05-09 09:58:25,driver ngga bilang mau ngebatalin cuma menjauh dari titik jemput
3071,Pengguna Google,1,2026-05-09 08:49:40,tampilan awal aplikasi gak ada menu pesan grab car atau grab apa la itu yang ada superbank pinjaman pulsa dll mempersulit pengguna aplikasi
3072,Pengguna Google,5,2026-05-09 08:28:54,bapak nya baik banget ramah lagi semoga sehat selalu ya bapak
3073,Pengguna Google,1,2026-05-09 07:22:22,tolol di plihara kambing di plihara biar jadi duit
3074,Pengguna Google,3,2026-05-09 06:48:11,kak kenapa di apk nya sekarang kalau pesen makanan di fitur grabfood makan sendiri ongkirnya jadi naik 7 ya mahal bgt hadeh perasaan sebelumnya cuma 2 ribu tolong dong kembaliin ke semula jangan ngambil untung dari pembeli napa
3075,Pengguna Google,5,2026-05-09 05:23:17,nyaman tau jln dan orangnya sopan santun
3076,Pengguna Google,1,2026-05-08 22:49:42,serius aja nih pesan makanan sampe sejam lebih gak di antar mau di batalin gak bisa mau tanya ke pihak resto gak bisa
3077,Pengguna Google,1,2026-05-08 20:37:50,kurir nya minus semua mending ke shope food sumpah kurir ny lebih ramah
3078,Pengguna Google,2,2026-05-08 19:19:50,driver di kota samarinda banyak yang gak bawa helm untuk penumpang
3079,Pengguna Google,1,2026-05-08 19:07:09,pokonya yang pakai grab mengalami lah
3080,Pengguna Google,3,2026-05-08 18:49:13,menurut ku aplikasi worth it aja asal driver nya ga manja nganter makanan g sampai tujuan jemput agak ngantar juga ga sampai tujuan keknya aku perlu aplikasi ini jikalau perlu promo saja kalo sudah langsung saya hapus karena berulang kali kejadian apa lgi saat pemesanan makanan pengantar ny ngatur bgt
3081,Pengguna Google,1,2026-05-08 18:30:19,app paling ribet baru gw pengguna baru mau pesan grabcar harus selvie dulu untuk buat akun auto langsung gw uninstal bukannya mempermudah tapi mempersulit
3083,Pengguna Google,2,2026-05-08 17:45:41,qris qris mulu ordran rute jmpt ga kruan tekor bbm aja jrg ngsh tips cs biarkan saldo hbs dlu tuk modal mkan sgala mcm bru ksh lg non tunai qris
3084,Pengguna Google,5,2026-05-08 17:34:26,aplikasi ini baguss bgtt dan sangat membantu
3085,Pengguna Google,1,2026-05-08 17:14:17,kenapa semenjak di update jadi jelek masa mau pesen udah set lokasi tinggal pesen doang tapi harganya ga muncul ga bisa pesen juga bar yang seharusnya nampilin harga malah blank putih gitu doang padahal map nya muncul ini gimana si di update bukannya mempermudah malah buat customer menjauh
3086,Pengguna Google,1,2026-05-08 16:51:11,ribet bngt aplikasi kau segala nomor pelanggan di sembunyikan ada beberapa pelanggan yg alamatnya kaga jelas supaya mudah menghubungi ini malah di samarkan 30mnt nunggu sudah karena ketidakjelasan
3087,Pengguna Google,5,2026-05-08 16:51:00,bagus banget apknya tapi kalo pesen untuk pergi pergi lama dapet driver nya tapi sejauh ini bagus sih
3088,Pengguna Google,1,2026-05-08 16:35:45,potongan 8 yg dari pemerintah kenapa hanya buat motor saya sangat kecewa dengan ini apk gk mikir biaya perbaikan mobil yg begitu mahal modal mobilnya bbm nya tapi ngasih potongan apk seenaknya sendiri otak kalian dimana wahai pemilik apk goto
3089,Pengguna Google,1,2026-05-08 15:25:47,apk gil customer di salahin cuma karna harus nunggu it s ok gua terima ini gua di tegur karna ongkos nyabkurang dia bilang kurang ka kan bolak balik salahin no apk nya bukan gua anjir
3090,Pengguna Google,1,2026-05-08 15:20:03,aplikasi toll sejam bisa puluhan nge spam notifikasi dongo toll
3091,Pengguna Google,1,2026-05-08 15:14:48,padahal udah di update 2 kali masih aja di suruh update ndak bisa di buka samapai saya sudah 2 kali hapus app lain tapi masih aja sia bilang belum di update
3092,Pengguna Google,1,2026-05-08 14:07:46,aplikasi nya jelek jaringan boost tpi dalam aplikasi suruh cek koneksi gimana sih
3093,Pengguna Google,5,2026-05-08 14:03:07,sangat membantu dan memudahkan terimakasih semuanya terutama driver nya yang ramah semangat pejuang rupiah sehat sukses dan berkah selalu
3094,Pengguna Google,1,2026-05-08 12:44:58,apk aneh akun ditangguhkan trs bikin lgi malah langsung ditangguhkan
3095,Pengguna Google,3,2026-05-08 12:31:04,tolong grab nya surung yg kenceng bawa kendaraan nya ya
3096,Pengguna Google,1,2026-05-08 10:24:28,kasian sich driver udh cs makin ga ada driver minta cancel karena titik jauh atau antar ke tempat macet dan jauh tp ongkos murah potongan besar grab setrlah 8 pasti bakal bangkrut d indonesia hilang kan hemat buat lebih masuk akal
3097,Pengguna Google,2,2026-05-08 09:27:00,murah sih murah tapi aplikasinya sering keluar sendiri walau sudah di update
3098,Pengguna Google,5,2026-05-08 09:07:02,sekarang kalo order food nggak bisa barengan pesan utk 2 tempat tujuan ya padahal sebelumnya bisa order lebih dr 1 di waktu bersamaan dgn tujuan antar berbeda kenapa jd menurun performanya bukannya meningkat
3099,Pengguna Google,5,2026-05-08 08:58:11,pelayanan nya baguss selalu tepat waktu
3100,Pengguna Google,1,2026-05-08 08:25:56,gua kecewa sama grab mau pesen susah banget veritifikasi susah dengan selfi musti pakek kartu ribet banget sih
3101,Pengguna Google,5,2026-05-08 04:16:21,aplikasi yg selalu tidak menolak pembayaran non tunai mantap
3102,Pengguna Google,1,2026-05-08 01:20:50,kualitas aplikasi semakin buruk tidak seperti dulu
3103,Pengguna Google,5,2026-05-08 01:08:40,suka sama grab bikenya sih pasti selalu dibawah 10k tetep pertahin yah
3104,Pengguna Google,5,2026-05-07 23:52:15,pelayanan bagus lah walau kada nyebelin driver lama tau kensel
3105,Pengguna Google,5,2026-05-07 21:47:55,terus tingkatkan pelayanan yang terbaik untuk para pelanggan setia grab
3106,Pengguna Google,1,2026-05-07 20:43:59,mobil jorok kadang ga sesuai dgn plat
3107,Pengguna Google,1,2026-05-07 20:42:17,aplikasi grab ngak jelas pesan makanan 1 jam lebih menunggu makanannya tdk muncul baru tdk bisa di batalkan
3108,Pengguna Google,1,2026-05-07 20:25:56,pleas lah grab minimal kasi waktu 2 menit buat customer membatalkan pesanan makanan ini gw kepencet malah langsung ga bisa di batalin mana ga enak sama kurirnya tapi lebih ga enak kalau harus kebayar harga yg di luar kendali perkara kepencet
3109,Pengguna Google,5,2026-05-07 20:20:18,masukan saja untuk pengembangan seandainya bisa ubah pengantaran misal dari hemat menjadi standar atau prioritas pasti sangat membantu
3110,Pengguna Google,1,2026-05-07 20:12:59,saya merasa kecewa ternyata saya bayar mahal di jam malam masuk ke driver hanya tetap kecil saya protes karena saya tidak tega driver malam malam di bayar murah sedangkan aplikator duduk manis menerima lebih dari 40 jadi begini ya pantesan pagi banyak promo tidak tahunya penumpang malam sama driver nya yang di peras
3111,Pengguna Google,3,2026-05-07 19:49:20,gangguan mulu padahal udh d perbarui tetep aja susah d buka gangguan mulu padahal sinyal mah full bagus
3112,Pengguna Google,5,2026-05-07 18:54:12,terbantu sekali dgn layanan grabfood ini terimakasih kpd semua mitra grab grabfood
3113,Pengguna Google,3,2026-05-07 18:08:41,grab expres nunggu mencari pengemudi hampir satu jam ga dapat hadde masih mending pake lalamove apa maxim
3115,Pengguna Google,5,2026-05-07 17:37:59,ada bnyak aplikasi ojol tpi yg paling murah tetap grab mksh grab sudah menemani perjalanan saya
3116,Pengguna Google,1,2026-05-07 16:25:29,aplikasi gajelas promo gw kadang ilang tiba tiba
3117,Pengguna Google,3,2026-05-07 16:19:04,saya turunkan bintang karena sangat mengecewakan menunggu lama untuk mendapatkan kendaraan tapi driver selalu membatalkan
3118,Pengguna Google,1,2026-05-07 16:14:46,pelayanan mengecewakan tidak bisa mengatasi masalah
3119,Pengguna Google,3,2026-05-07 15:53:11,pernah error buat pesan driver grab alamat mental tidak sesuai titik lokasi
3120,Pengguna Google,1,2026-05-07 14:05:30,tiap hari dipakai buat anter jemput anak sekolah tapi kadang bisa naik harganya 2x lipat lebih dari 21 23 ke 53ribu wkwkwk uninsta
3121,Pengguna Google,1,2026-05-07 13:04:58,pelit masa pengguna baru ga dikasih promo sih pengguna lama dpt bnyk promo tpi pengguna bru 1 pun ga dikasih pelit bgt malas
3122,Pengguna Google,5,2026-05-07 12:59:13,is a popular transportation and delivery app in southeast asia users can order rides food delivery and online payments easily through the app grab is practical fast and helpful for daily activities
3123,Pengguna Google,1,2026-05-07 12:54:39,parah ojol nya kejadiannya kmrin sudah saya laporkan tp pihak ojolnya responnya bgtu suami sya kmrin naik ojol dn ojolnya sangat membahayakan akibatnya suami sy skrng ga bsa jalan dn kerja karna kakinya bengkak gara ojolnya ga hati bwa motornya dn ga sabaran udh tau sempit ada ibu dan motor lagi parkir main terobos aja akibatnya kaki suami saya kesangkut dn kebentur motor yg lagi parkir dn mengakibatkan kaki suami saya bengkak dn sakit dn parah nya ojolnya ga minta maaf dn gaada itikadnya
3124,Pengguna Google,5,2026-05-07 12:22:58,abang nya ramah bawa motor nya jg enak mksh bang
3125,Pengguna Google,2,2026-05-07 11:59:05,grabfood kurang banget ngeselin pesanan sudah diterima oleh pihak resto tapi untuk dapet drivernya lama banget hampir sejam ada cuma nunggu dapet drivernya belum lagi kalau driver tiba tiba cancel mendadak
3126,Pengguna Google,5,2026-05-07 11:17:53,apknya bagus cocok buat yang males keluar rumah tapi pengen pesan makanan
3127,Pengguna Google,1,2026-05-07 10:36:53,sumpah nyebelin bgt pesen makanan 10 menit masih nyari driver blum lg nnti di resto harus bkin makanannya dlu kudu nunggu lg bisa ga sih nyari driver grab tuh yg cepetan dikit buat foodnya
3128,Pengguna Google,1,2026-05-07 10:15:50,harus banget gitu tidak terima pembayaran tunai
3129,Pengguna Google,5,2026-05-07 09:52:09,jangan leled loh yah sudah tek kasih bintang 5
3130,Pengguna Google,1,2026-05-07 09:41:42,aplikasi nya engga banget ngambil pengemudi jauh jauh banget nungguin pengemudi udah kaya nunggu setan orang mau cepet jadi gak bisa ngebatalin juga susah banget mau mampus padahal orang naik grab biar cepat ini malah bikin tambah lama telat perbaiki lagi de
3131,Pengguna Google,1,2026-05-07 08:57:24,estimasi 3 menit sdh 5 menit driver tidak bergerak sangat mengganggu aktivitas belum lagi sudah di tungguin malah di cancel seenak jidatnya driver pada songong padahal jg hidup susah gak ada aturan nya apa gimana sih grab
3132,Pengguna Google,5,2026-05-07 06:57:05,tolong lah min akun saya gablug mulu
3133,Pengguna Google,3,2026-05-07 06:41:02,naik grab bike motor sama driver nya beda sekelas grab masih bgini sistem nya
3134,Pengguna Google,5,2026-05-07 06:15:37,seneng banget pokok y pakai grab
3135,Pengguna Google,5,2026-05-07 06:12:16,hay grab masih bertahankah dengan layanan grabhemat kami driver melawan dengan off kan fitur bike hemat biar penumpang kapok tungguin tuh 1 jam mencari driver
3136,Pengguna Google,1,2026-05-07 00:35:11,apk mu lemot terlalu berat buat lebih ringan
3137,Pengguna Google,1,2026-05-06 23:15:17,driver grab mobil harus disiplin daerah jakarta saya pesen berkali kali dicancel berkali kali di chat gak pada di bales
3138,Pengguna Google,1,2026-05-06 22:45:34,saya sebenarnya pengguna setia aplikasi ini tetapi saya sangat kecewa sudah setia malah di blokir dengan semena mena sebagai aplikasi publik anda ini arogan dan tidak menghargai pelanggan padahal sudah isi formulir banding tetapi satu pun ditanggapi ini contoh aplikasi yang menghakimi penggunanya padahal kita tidak melanggar apapun yang dituduhkan apakah anda tahu sebenarnya ini semacam pencemaran nama baik karena jika kita cerita ke teman mereka semua menganggap kita itu negatif
3139,Pengguna Google,1,2026-05-06 22:06:45,jujur maps nya bodoh banget berkali2 pesen ojek grabfood nyasar terus padahal ride hailing lain gak gini belom lagi suka error kalo driver nelfon gak masuk2 ke hp saya padahal saya pegang hp terus
3140,Pengguna Google,1,2026-05-06 20:17:25,pelayanan nya ga jelas pengantaran makanan sering terlambat
3141,Pengguna Google,3,2026-05-06 19:33:11,tolong ya kalau bisa konsiten aja warna jaket ojolnya pakai warna hijau aja kok sekarang banyak yg warna hitam apa itu memang jaket resminya sekarang lebih mudah dikenali kalau warna hijau apalagi malam hari warna hitam tulisannya pas dekat baru ketahuan
3142,Pengguna Google,1,2026-05-06 18:59:38,minta tolong kali kepada grab untuk negur para ojol kejadian tadi pagi motor grab pakai helm grab soalnya kebiasaan motor grab ini fokus melihat hp alias aplikasi untuk liat titik map gara itu aku ditabrak sama ojol grab ini minta maaf pun enggak malah asik cari titik map sama penumpangnya tolong lah kalian tegur ojol kalian itu supaya lihat jalan biar gak nabrak orang
3143,Pengguna Google,1,2026-05-06 18:07:06,nyari driver stengah mampus mau kirim barang niat gak yg pada kerja
3145,Pengguna Google,1,2026-05-06 16:56:07,greb tai driver ma cs sama2 tai
3146,Pengguna Google,2,2026-05-06 16:03:39,harusnya untuk pelanggan tetap yg pesan tiap hari selalu ada promo hrga kenapa sekarang malah naik terus harga nya sampai 2x lipat
3147,Pengguna Google,2,2026-05-06 15:13:49,jujur apa bgt driver lu yang minta cancel malah gua yang jdinya dapet driver jauh atau harga di mahalin udh gitu kadang driver udh sampe di titik jemput malah tiba tiba dibatalin alasan orderan fiktif nengok kanan kiri jg ga ngeliat tu driver dimana licik bat
3148,Pengguna Google,5,2026-05-06 14:05:15,terima kasih grab atas penyelesaian masalahnya
3149,Pengguna Google,3,2026-05-06 12:30:29,kadang menganggap sepele keselamatan penumpang tidak di berikan helm dengan alsan tdk bawa aman aja kita sdh terlanjur order ya terpaksa
3150,Pengguna Google,1,2026-05-06 12:29:26,hp hilang gk bisa dipake lagi aplikasinya karena masi pake nomor sama
3151,Pengguna Google,1,2026-05-06 11:58:05,aplikasi tidak amanah bikin pengaduan tidak ada respon pesen sameday barang tidak diambil tetapi ovo saya tetap kepotong driver juga tidak amanah pick up barang yang bukan barang saya bikin alesan jam 2 siang tidak bisa masuk toko krna toko tutup padahal toko buka sampe jam 6 sore
3152,Pengguna Google,5,2026-05-06 11:53:04,terimakasih sudah terbantu cara untuk berpergian dengan mudah cukup buka aplikasi grup
3153,Pengguna Google,4,2026-05-06 11:40:07,ga ribet dan praktis dan hemat ongkos gaiyss
3154,Pengguna Google,1,2026-05-06 11:27:28,sangat buruk aplikasi gak jelas rumit banget mau pesen dan batalin gak jelas suka tiba tiba pesan sendiri susah buat tamplate alamat lokasi banyak banget orderan fiktif
3155,Pengguna Google,1,2026-05-06 10:57:04,ga jelas bgt pesen paket dari kemarin siang jam 14 02 pakai grab express instan tapi kurir ga pickup pickup sampai detik ini status masih mencari kurir aja sekalinya dapet berjam ga di pickup status kurir dalam perjalanan pickup tapi nanti tiba status berubah mencari kurir lagi ih ampun kapok banget pake grab
3156,Pengguna Google,5,2026-05-06 08:49:42,selalu yang terbaik pelayanannya walaupun sdh banyak saingannya
3157,Pengguna Google,5,2026-05-06 08:42:02,seneng banget gak usah repot repot beli ke mana kalo kalian gimana nihh
3158,Pengguna Google,1,2026-05-06 07:16:35,kirim paket via aplikasi kurir anter aja seminggu gak sampe buat laporan suruh nunggu konfirmasi sampe seminggu kemudian kurir yang pick up di chat gk di bales intinya paket ilang tapi gak di bilang klo ilang suruh nunggu sampe 1 bukan lebih skarang ini suruh klaim ganti ongkir karna harga barang gk tertera jadi gak bisa ganti di konfirmasi pihak anter aja minta waktu buat klaim gk sampe semenit langsung di bales tapi dri anter aja gk ada konfirmasi lagi
3159,Pengguna Google,2,2026-05-06 07:02:04,driver pilih pilih ga bisa nerima org bawa barang
3160,Pengguna Google,5,2026-05-06 04:07:35,kalau lagi di perjalanan suka diajak ngobrol terus ramah deh
3161,Pengguna Google,1,2026-05-06 01:27:05,ga pernah ada promo lg ongkir mahal
3162,Pengguna Google,5,2026-05-05 22:25:47,bagus saya sangat mengapresiasi kinerja service center nya dapat mengatasi kelebihan pembayaran dan masalah lainya dengan segera semua cepat ter atasi terima kasih saya akan tetap menggunakan aplikasi ini untuk kebutuhan sehari hari
3163,Pengguna Google,3,2026-05-05 21:14:11,skrg sih bagus pelayanannya pokoknya thanks banget
3164,Pengguna Google,2,2026-05-05 21:06:01,makin kesini makin ga jelas grabnyaa asli dah bikin orang nunggu lama trs tiba tiba lokasi deket tiba tiba jauh orang punya urusan jadi ketunda gara gara maps drivernya suka gak jelas
3165,Pengguna Google,1,2026-05-05 20:00:11,melakukan pembelian makanan via grab dengan pembayaran qris sejam tidak dapat driver tapi tidak bisa di batalkan ada apa dengan kebijakan demikian pas dapat driver drivernya berkata maaf kak qr saya eror tidak bisa menampilkan mengapa ada pilihan pembayaran melalui qr jika memang masih belum terlalu bagus untuk sistemnya
3166,Pengguna Google,3,2026-05-05 18:13:59,apasih udah langgangan grab unlimited cm gratis biaya ongkir tapi diskon gabisa dipake jadi harganya sama aja ngerasa ketipu
3167,Pengguna Google,4,2026-05-05 17:06:42,overall bagus tapi ada satu masalah kenapa saya tidak bisa pakai tunai untuk membayar yang jastip
3168,Pengguna Google,5,2026-05-05 16:46:44,dpt supir yg cerdas ramah skli
3169,Pengguna Google,1,2026-05-05 16:12:51,tolong kalo pengemudinya gak bisa gak mau langsung konfirmasi lewat chatt aja biar penumpang gak nungguin lama lama
3170,Pengguna Google,2,2026-05-05 15:46:57,akhir2 iini aplikasinya error apa gimana tiba2 banget disuruh selfie sebelum berangkat org pada buru2 berangkat krja malah disuruh selfie jelek banget dh aplikasinya
3171,Pengguna Google,1,2026-05-05 15:40:00,payah bener grab susahnya nyari pengemudi untuk anter dokumen
3172,Pengguna Google,1,2026-05-05 14:13:34,kenapa sii grab tombol membatalkan untuk driver motor gak di tunjukin yang jelas kenapa bawah banget jadi bagi saya yg awam sama per graban jadi bingung kalau misal mau cancel saran aja nih ya taruh tombol cancel di tempat yang terlihat jadinya gk buat driver kecewa dan costumer bingung
3173,Pengguna Google,3,2026-05-05 13:54:27,maaf nih min apknya semakin lama jd makin lemot deh
3174,Pengguna Google,3,2026-05-05 13:37:13,gasuka fitur booking driver gabisa buru buru jadinya kenapa harus dapet driver yg lagi nganter orang lain bukan driver yg lagi kosong
3175,Pengguna Google,1,2026-05-05 12:47:22,beli nasi goreng jam 10 45 estimasi selesai jam 12 10 jam 12 25 driver cancel krn belum selesai masaknya estimasi berubah jd jam 13 00 dan ga bisa dicancel harus nunggu 2 jam lebih untuk makan padahal lagi tidak hujan biasanya aja klo hujan deras 1 jam belum selesai masak bisa dicancel
3176,Pengguna Google,2,2026-05-05 12:47:13,maps tidak sesuai sma google maps yg di hp kacau
3177,Pengguna Google,4,2026-05-05 12:35:43,hallo selamat siang saya di sini selaku pengguna grab yang cukup lama meminta dengan sangat sangat kepada pihak grab untuk selalu cek kondisi kesehatan dan kendaraan pengemudi di karena hari ini saya mendapatkan pengemudi yang usianya bisa dibilang lanjut usia yg artinya tidak muda lagi selain itu kendaraan pengemudi pun kondisi tidak baik saja remnya pun saya bilang tidak ada krna saya hampir di tabrak truk dan mobil pribadi jujur ini membuat saya kaget kurang nyaman trmksih
3178,Pengguna Google,4,2026-05-05 11:39:14,sekarang sering bgt driver cancel orderan pdhl di maps udh sampe tapi di cancel
3179,Pengguna Google,1,2026-05-05 11:26:19,semakin kesini semakin susah mencari driver untuk expres padahal di tengah kota jakarta pusat
3180,Pengguna Google,1,2026-05-05 11:26:02,jelek pesen makan ga dapet driver padahal udah nunggu 2 jam
3181,Pengguna Google,5,2026-05-05 11:24:49,tolong di perbaiki kalau cari kendaraan motor yang ada cuma mobil
3182,Pengguna Google,3,2026-05-05 09:57:35,aplikasi sering ga akurat trs klo hbis hujan cri drivernya susah bgt bs smpe 1 jam lbh pd hal d sekitar banyak driver
3183,Pengguna Google,5,2026-05-05 09:31:20,alhamdulillah udh smpe dengan slmt dan tujuan
3184,Pengguna Google,5,2026-05-05 09:24:28,layanan mantap drivernya sangat ramah good job
3185,Pengguna Google,1,2026-05-05 09:08:02,ini gimana ya lokasi saya kq bisa berubah
3186,Pengguna Google,5,2026-05-05 08:34:44,pagi tadi saya orde grab tapi pengemudi tidak ada dan duit saya suda sempat d tolak lepas tu saya orde lagi grab dalam masa 1 jam duit saya kena tolak lagi saya geram lah nak berapa banyak grab ni tolak duit saya
3187,Pengguna Google,1,2026-05-05 07:51:39,tolong sistem sdm nya dibenerin orderan saya di cancel berkali pagi ini drivernya gak mau balas chat udh nunggu lama giliran udah mau dekat dicancel seenaknya kalo emang gak mau ambil orderannya dikonfirmasi don
3189,Pengguna Google,1,2026-05-05 05:49:51,di dwnload lagi susah kata apk gaada ruang lah aneh stiap dwnload ggl pasti makan ruang trs lagian ruang saya msh banyak aplikasi gaada perbaikan
3190,Pengguna Google,1,2026-05-05 04:16:17,tolong seenggaknya kalo emang gabisa cancel makanan minumannya seenggaknya kasi opsi mengganti pilhan pengiriman karena kasian juga resto yg udah buat makanan tapi drivernya belum jemput juga trus juga pas udah dapet driver akhirnya makanan yg sampe ke konsumen jadi dingin atau udh gaenak
3191,Pengguna Google,5,2026-05-05 02:34:58,aku suka aplikasi ini cepat dan murah
3192,Pengguna Google,1,2026-05-05 00:08:56,sepertinya aplikasi ini sengaja ditanam untuk mengajak acak dan membaca akun saya
3193,Pengguna Google,1,2026-05-05 00:04:23,sistem pembayaran pakai ovo mlah bikin saldo ngendap si ovo g bs dibuka disuruh verifikasi 2kali pake link ribet bngt tetep g bs log in sampe skrng tlong pertimbangkan metode bayar dr app grabnya lngsng bukan pihak ketiga yg bikin ruwet driver jg sering g ambil orderan klo lagi ada promo2 bikin nunggu mkin lama
3194,Pengguna Google,5,2026-05-04 23:38:48,sebelum saya punya motor grab sangat membantu alhamdulillah skrng sya punya motor sndiri terimakasih grab dan abang abang ojol yg bertugas
3195,Pengguna Google,1,2026-05-04 23:25:58,kacau nih cs di email gak kerja makan gaji buta
3196,Pengguna Google,5,2026-05-04 23:15:58,aplikasi ternyaman dan memberikan pelayanan yg baik kepada customer dan mitra pengemudi
3197,Pengguna Google,1,2026-05-04 22:38:09,saya ga bisa login ke akun saya sangat buruk
3198,Pengguna Google,5,2026-05-04 21:40:52,sangat bermanfaat mdh mdhn kualitas terus dijaga
3199,SYKES,1,2026-05-04 21:00:33,lucu anjir pesen grab food pembayaran tunai susah bngtt dapat drive kocak
3200,Niedhu Elka,1,2026-05-04 20:52:24,setiap pesan grabfood selalu lama dan pas sampai makanan pasti sudah dingin ga fresh parah
3201,Muhammad Kayyis Alvareza,1,2026-05-04 20:47:56,kalo sore drivernya pada banyak tingkah gak mau narik yaa jangan di nyalain ini di ambil di tapi di tlp di chat gak respont tbtb di cancel
3202,Syailendra Meydipraja,1,2026-05-04 20:47:28,ga jelas bangett susah dapat driver sekalinya dapat di cancel sama driver nya
3203,Yogi Priyanda,2,2026-05-04 19:51:55,baru download dh di bikin kesal mau daftar ja susah ajg
3204,Ajik Afriandi,1,2026-05-04 19:29:23,mesen makan dari jam 5 sore sampe jam 8 malam belum juga di antar karena driver tidak ditemukan 150rb itu bukan uang yg sedikit
3205,Firza Muhammad,1,2026-05-04 19:26:40,gabisa batalin makanan padahal udh nunggu makanan sejam lamanya terus tiba tiba diundur lagi jadwalnya dari 19 25 jadi 19 55 sumpah orang buru buru malah jadi gak makan padahal punya gerd harusnya agak mikir cs itu jangan ai pake org asli biar tau rasanya kalo makanan diundur undur trs gaenak
3206,Alvin Gunawan,1,2026-05-04 19:13:52,pengantaran makanan lama sekali udah gitu gak ada lagi udah kena ongkir kena lagi biaya2 lain ya makin lama apk ini makin jerat leher pengguna
3207,Theofilus Ade Putra,1,2026-05-04 18:52:29,gunanya unlimited apa ya kalo tidak ada potongan apa saya mau pesan makan harganya malah jadi lebih mahal tolong diperhatikan ya tim grab thank you
3208,Tri Mulyo,3,2026-05-04 18:46:40,pesen grab car susah bgt jarang yg mau ambil apa emg drivernya yg males
3209,Kamila Regina,1,2026-05-04 17:57:01,pesan makanan tapi gaada dapat drivernya alhasil harus di cancel
3210,Sisil Bosil,3,2026-05-04 17:53:06,plis rumahnya yg masuk ada pangkalan ojek itu pke apk grab jdi susah masuk deket rmh bahkan di tidak bolehkan masuk kawasan oleh pihak pangkalan trmasuk rmhku masuk pangkalan jdi tidak bisa pke apk ini untuk pesan grab atau makanan pun susah krna lingkungannya
3211,Ratu Olshop,1,2026-05-04 17:49:54,emosi sumpah kalo setiap mau abis hujan susah bngt driver nya di batalin trus nyesel pake aplikasi nie
3212,Lisa Vasilissa,1,2026-05-04 17:46:02,pesanan gw kurang dan cmn diganti sm voucher
3213,Pendekar Kopi,2,2026-05-04 17:24:20,sekarang driver nya manja jauh dikit gak mau jemput tolong revisi driver nya buat yg bener jari rejeki aja lah jgn buat orang yg cuman buat sampingan nyepelein pelanggan
3214,M Boli,1,2026-05-04 17:10:08,susah dapet driver sekali dapet driver gak jalan dr posisi awal tidak ada respon dari driver
3215,rika sulika,1,2026-05-04 15:31:52,dulu selalu langgangan pakai grab expres tapi sekarang grab expresnya ngaco udah bayar paling mahal dengan estimasi waktu 1 jam sampe skrg sampe ke penerima bisa 2 5 3 jam keburu customer saya udah pindah tempat mulai ngaco dari sblm lebaran sampai dengan saat ini dan tidak ada evaluasi bbrp driver juga pada songong please dibenerin sistemnya
3216,Queen,1,2026-05-04 15:07:36,setiap mencari kendaraan selalu lama banget
3217,Akun oppo,2,2026-05-04 13:50:48,y kalau lagi hujan itu susah banget nyari kendaraan di sini okelah kalau kereta gak bisa karna hujan ini mobi mobil loh gak kenak hujan panas tapi susahnya minta ampun kalau di pesan kadang di tolak hadeuhh
3218,Yulia Yani,4,2026-05-04 12:32:20,apknya berguna tapi sayang saat menggunakan grab hemat susah mendapat driver sekalinya dapat pun drivernya ngeluh lalu untuk apa ada grab hemat kalau pada akhirnya customer malah kena perlakuan kurang enak sudah lelah dengan aktivitas d perjalanan malah kena omelan tolong dong drivernya d himbau lagi agar bisa lebih ramah dan bikin customer nyaman selama perjalanan
3219,Mutiara02,5,2026-05-04 12:18:38,banyak promo nya untuk yg sering pakai tolong dong di perhatikan lagi saya order tadi tapi pengemudi nya jauh banget
3220,Kim Ian Jae,3,2026-05-04 10:35:12,ga jelas ongkir makanan berubah berubah mulu dari lokasi dan tujuan yang sama setiap harinya padahal klaimnya di iklan ongkir selalu sama
3221,Vidi Ayu,4,2026-05-04 10:17:06,makin kesini makin sulit cari driver grab beberapa kali gk dapet udh lebih dr 3x tiap order grab bike gk dpt but over all ok l h
3222,Tirta Hung,1,2026-05-04 08:38:21,ada paket unlimited mcm tak ada tiap mo beli makanan ilang voucher diskon puasnya itu gk di fix pulak bugnya itu percuma langganan unlimited
3223,Maria Al Hajj,1,2026-05-04 08:22:13,mohon diperhatikan dan ditindaklanjuti utk shelter barat stasiun tebet utk pada saat pesan grab now driver nya diperbanyak lagi karena ini sedikit bgt apalagi pada saat jam kerja kantor sangat mengecewakan sehingga penumpang harus menunggu lama
3224,atikah 08,1,2026-05-04 06:53:28,tiap mau pesen taxi susah bgt gara ongkosnya terlalu murah jadi drivernya ga mau jemput lagian taxi ama ojeg murahan taxi gimana ngitungnya taxi 15k bisa muat 4 orang ojeg 15k satu orang doang
3225,Ananda Mulya Randika Reza Putri Lestari,5,2026-05-04 06:37:43,aplikasi nya bagus tapi aneh aja driver nya banyak yang punya mindset aneh mereka ngomong kalau semisal nganter anak sekolah pagi takut telat daripada anak nya telat mending di tolak aja lalu daripada telat mending di tolak aja oderan ojol nya kan ane wkwk kok ada ya orang mindset gitu jadi mereka fikir kalau lebih baik gak sekolah ketimbang telat dikit aneh banget mindset manusia ada yg gitu tapi alhamdulillah banyak juga yang pengertian yang ttp mau nerima orderan
3226,echaa jin Zhao,1,2026-05-04 06:35:30,jelek selalu nyuruh login ulng lalu setelah login ga bisa gitu gitu teruss ga suk
3227,yayan suparman,5,2026-05-04 05:46:23,jujur dah bertahun aplikasi ini selalu membantu perjalanan saya yg sering pindah lokasi apalagi disaat angkutan umum dah gk ada
3228,Nurhafidzah Dp Maharani,1,2026-05-03 22:27:37,tolong dong edukasi drivernya kalo ga niat jemput langsung cancel dari awal jangan udh sampe tiba2 di cancel buang2 waktu org nunggu giliran dia di cancel marah marah gak banget aplikasi ini
3229,Nandang Nazmudin,1,2026-05-03 20:32:50,alamat ga bisa di copas dari google map
3230,Didik Priyo,1,2026-05-03 20:02:01,grab sekarang aplikasinya buruk beli makan nyari driver lama bgt kadang smpe resto tutup juga gak dapet driver parah bgt sekarang
3231,Dian Patriana,5,2026-05-03 19:59:42,baru pertama kali order rasa gak perlu diragukan lagi dan cocok dilidah
3232,Hasbi Hammada,2,2026-05-03 19:34:28,kadang kalo mesen makan harus nunggu 1 jam dulu itupun baru dibikin aneh banget ini emang yang males restonya atau aplikasinya yang lambat kasih pesenan ke restonya kalo 30 menit okelah baru dibikin tapi ini lambat sampe 1 jam 30 menit keterlaluan sih driver nya aja yang oke menurutku
3233,Nurr Rosid,1,2026-05-03 18:31:51,mantap sekali semakin ngacok ini aplikasi
3234,Abalabal,1,2026-05-03 13:55:35,hadee order dari tadi udah 1 jam gk ada driver lau hujan gini makanya jangan tamak kasih lonjkan buat driver biar segera diambil pesanannya had 1jam lebih akhirnya cancel gak ada driver bla
3235,Kanye,3,2026-05-03 09:21:26,driver nya pada belagu pada gamau ambil orderan udah pada ga butuh duit apa gimna
3236,Arlian Mgib,1,2026-05-03 05:14:40,ga jelas banget costumer kena ongkir mahal tapi driver nya pada di peras pantes banyak driver yg cancel orderan pernah saya nanya ke driver mas saya bayar 16rb si mas nya dapet berapa dari aplikatornya mas driver jawab rp 10 400 kak buset parah bener mas aplikator klo nyekek driver2nya klo potongan 20 harusnya saya bayar 13rb lah saya malah bayar 16rb non promo lah yg 3rb itu biaya apa anjir
3237,RIAN_ GAMING,1,2026-05-03 03:23:22,menyusahkan saja mau pesen buru buru harus verivikasi wajah
3238,bagas drible,1,2026-05-03 00:20:56,aplikasii gajela gabis pesa makanann bangkee
3239,Epoel Joye,1,2026-05-02 22:36:48,supir grabcar wilayah bogor sering cancel pelanggan kalo gk niat jdi grabcar gk usah nge grab lahh saya pesan slalu di cancel
3240,queen asywara,5,2026-05-02 22:29:07,untuk keseluruhan semua bagus cuma mau ngasih saran saja tolong usahakan kepada kurir makanan jgn di atur ke orderan doble karna mengganggu kadang juga lama sampai makanan sampai sudah dalam ke adaan dingin banget itu yg bikin kita para pelanggan kecewa
3241,Rizka ajeng azkia,1,2026-05-02 21:03:57,saya beli token listrik dari tanggal 24 april sampai sekarang nih 2 mei token belum juga keluar udah bolak balik laporan balesannya lama banget dan sama sekali ga ngejawab permasalahan katanya saldo ga kepotong padahal jelas jelas saldo kepotong udh laporan lagi malah laporannya katanya terselesaikan padahal selesai aja ngga tuh laporann buat nunggu bales laporan aja bener bener lama banget yaallah saya laporan terus gaada hasilnya sama sekali kecewa bange saya bener bener kecewaa
3242,TERRA MAHARDHIKA Kartika Putra,1,2026-05-02 20:58:07,masalahnya sama terus dari kapan hari jika pesanan dibatalkan maka refund tanpa jeda waktu lah kenapa harus menunggu 60 menit aneh dan juga masalah dari dulu masalah lag aplikasi aplikasi selalu ngelag padahal jaringan aman tolong lah perbaiki
3243,Prasetyo Teguh,1,2026-05-02 20:22:58,driver g dpt udh nunggu 1 jam 20 menit g dapet driver aneh nih sistem grab
3244,yaya nio,1,2026-05-02 20:15:35,grab food nya orangnya gak ramah dia yg nyasar dia yg marah2
3245,Gwen Porajouw,1,2026-05-02 19:33:48,kalo kasih promo tuh jangan setengah di situ tulisannya dri jam sekian smpe sekian giliran mau pesen makanan belum sampe sejam promo nya udah gaada gajelas malah dilama in lagi di kolom pengirimannya banyak babibu
3246,Fany L,1,2026-05-02 18:15:07,iklanmu di aplikasi lain sangat amat mengganggu sudah tekan x malah langsung terbuka aplikasi tidak tekan layar pun langsung dialihkan ke aplikasi tolong iklannya dihapus saja sangat mengganggu kenyamanan
3247,Duta NA,1,2026-05-02 17:59:39,fitur promo nya gajelas gw blom ada order makanan apapun tapi voucher nya otomatis kepake cuma karna disimpan di keranjang jujur aja shopefood jauh lebih niat dari elu
3249,Jill Adisthy,1,2026-05-02 13:39:52,yang merasa jijik dengan aplikasi ini karena saya sangat kecewa apalagi dengan orderan grab food ada makanan yang tidak sesuai yang membuat sakit perut karena ada kotoran di dalam makanannya ketika saya laporkan jawabannya hanya tidak sesuai ketentuan saya beli itu membayar bukan gratis haruskah saya sakit perut jika mengkonsumsinya apakah itu kemauan dari grab sama driver grab car nya songong songong semua
3250,Tomy Colection,1,2026-05-02 13:18:17,aplikasinya ribet gk mudah kaya aplikasinya satunya dlu grab mudah
3251,Armia Rista,3,2026-05-02 11:11:09,beberapa kali saya pesan grap tp selalu suruh batalin pdhl udh terlambat dan butuh cepat lalu saat pesan juga kadang bug yg akhirnya sy logout dan ga sengaja kepencet pesan padhl blm lengkap alamat giliran dibatalin ga bisa dan ubah metode pembayaran jg ga bisa
3252,Intan Abelina sitorus,1,2026-05-02 10:57:33,aneh apk bloon titik sering ga pas
3253,Jaka Kentut,1,2026-05-02 08:34:55,awalnya kami merasa sangat terbantu dengan aplikasi ini untuk bertransaksi namun sekarang sudah seminggu tidak bisa melakukan topup kalau untuk pemesan grab atau makanan di daerah kita belum ada layanan nya karena kita di daerah pesisir kami berharap fitur topup bisa diaktifkan seperti dulu lagi agar kami bisa pakai layanan topup di jasa konter kami bintang nya 2 dulu bila sudah aktif lagi fitur topup nya baru kasih 5 bintang
3254,ragilmega. journey,5,2026-05-02 07:28:49,excellent app makes it easy to connect
3255,Nadia Safira,5,2026-05-02 05:48:38,thx gf telah membantu saya selama ini
3256,Ila Nurmala,5,2026-05-02 00:04:36,aplikasi nya baguss bgtt suka tapi kenapa ongkir buat makanan mahal bgtt
3257,Ashyfa Rmdhani,1,2026-05-01 23:34:01,anehh fitur nya masa pesanan grabfood belum diterima ga bisa dibatalin udah nunggu 1 jaman lebih baru bisa di batalkan ga recommanded
3258,Mufliha Sis,3,2026-05-01 22:23:17,ubah bagus cuma buat membatalkan pesanan mencari supirnya susah
3259,Anik cepu,5,2026-05-01 19:59:36,sangan membantu sekali dan puas dengan layanan nya
3260,Siswi Wulandari,1,2026-05-01 19:38:01,makin hari makin lama dapet driver anter makanan jg lamanya minta ampun pilihan bantuan ga bantu sama sekali ga bs kasih info jelas apa kendala di driver atau di resto masa nunggu makanan sampai 2 jam tanpa kejelasan harusnya ada fitur untuk chat langsung sama manusia yg bs jawab yg bener ga sama robot doang
3261,Mas IrvanDinto Abu Kahfiabbadibaradja,4,2026-05-01 19:35:45,sangat membantu banyak kelebihan minusnya saya tinggal dekat stasiun krl cilebut kalau pas mau pesan grab car banyak sekali penolakan karena dekat mungkin ya akhirnya berlima naek angkot motor pun begitu kalau pas hujan baik food maupun penumpang banyak lempar ke driver yg jaraknya jauh dari lokasi
3262,Nur Iyam,2,2026-05-01 16:26:17,kenpa yaa akhir akhir ini susah bgt dpet driver tolong dong diperbaikii soalnya butuh bgt untuk brgkt plng krja
3263,Keprin Sinaga,1,2026-05-01 13:53:20,apk taik kalau driver gk bisa didapatkan setelah hampir satu jam disediakan fitur cancelnya semua waktu berharga
3264,Diah Ajeng,1,2026-05-01 12:38:04,aplikasi nya gak bange skrg gabisa cancel pesenan tapi pelayanan nya lama banget nyesel bangett sebe
3265,Silvia Andriani,1,2026-05-01 12:23:29,klo lg jumatan dan gga niat narik apk matiin oorang udh nunggu lama baru d blz kan buru mau kerja
3266,Rebekka Anastasya,1,2026-05-01 11:21:38,cari driver lama bgt buset lagi penting padahal
3267,rangga aditya,1,2026-05-01 10:40:40,gajelas amat ni app emang pake nya pengantaran hemat cuma gausah ditunda terus menerus lah
3268,M Ridwan,1,2026-05-01 07:01:47,tolong pecat cs yg namanya sukma tidak ramah
3269,Dyaz,1,2026-05-01 06:37:00,birokrasinya tolong diperbaiki malam saya beli obat karena urgent dan ga ada yg ambil obatnya lumayan mahal dan uangku pas pasan cuma buat beli obat itu setelah 3jam nunggu ga ada yg ambil saya berniat refund dan berusaha beli sendiri tapi refundnya gila ribet banget disuruh isi formulir yg panjang dan pengembalian dana diproses 5hari alhasil malam itu saya harus bertahan dari sakit tanpa obat karena birokrasi grab makasih sudah semakin menyiksa orang yg sakit
3270,JD,1,2026-05-01 06:06:11,terlalu banyak ribetnya butuh makan cepet nunggu 1 jam baru dianter kadang lebih nunggu mobil harus prioritas dulu dll kadang driver gak mau ambil padahal ongkos 160ribu terlalu ribet grab sekarng
3271,Nabila bila,5,2026-05-01 04:36:43,kenapa ya kita pencet opsi motor untuk pergi malah mobil yang datang
3272,JOSEPH RAHARJO,4,2026-05-01 04:35:32,map suka nggak jelas saat hujan
3273,IRWAN,1,2026-05-01 02:23:41,pusat bantuan lo sampah ga membantu sama sekali cari kendalanya ga ketemu2 yang sesuai layanan chat juga ga ada payah
3274,Rama Santuy,5,2026-05-01 01:08:08,very practical and helpful the directions are clear the routes are accurate and it s perfect for everyday commuting it integrates easily with grab services very useful
3275,Sandy Prama angriawan,1,2026-04-30 22:59:20,kumaha urang nungguan sajam kalahlah euweuh driver na kan parah nyaho lapar
3276,Wisnu aji Pratama,5,2026-04-30 22:46:33,plis deh jangan pembaruan terus soal hp memori penuh terus soal sudah langgananku grabike buat anak sekolah dan anterin dan jemput gak plih lain sekali aplikasi grab ini membantu aku belanja online gak pergi jauh pasar cuma disini tolong perbaiki cepat report pihak grab okir mahal sekali biasa na murah ini mahal jangan kecewakan orang tua orang lain
3277,zihan haifa hadiat,1,2026-04-30 22:40:02,aper aja di oersulit tiap nunggu driver lama kalo minta batal susah orang kelaperan
3278,dechita revalina,1,2026-04-30 22:29:59,driver grab food nya pada manja gamau nunggu pesanan katanya penjual toko terlalu lama dan juga banyak driver yang tida mau nyangkut untuk mengambil pesenan tidak amanah sehingga membingungkan yang order maupun penjaga toko mereka dapat tip tapi tida mau pengantar pesenan
3279,Eko Yanuar,1,2026-04-30 21:23:47,sekarang grab kacau peaan makanan dugabung2 pengirimanya
3280,Fadilah Safitri,1,2026-04-30 21:16:20,padahal suka banget sama grab tapi sekarang susah banget dapet driver bahkan di aplikasi ada driver terdekat tapi tetep ga dapet bisa sejam cuma nunggu dapet driver itupun kadang tetep gak dapet tolong diperbaiki grab masih fine lah dikasi driver yang jauh banget jaraknya tapi udah nunggu sejam masih gak dapet driver juga
3281,Fatayat Putri,1,2026-04-30 21:10:50,aplikasi busuk udah nunggu dr jam 6 sampai jam set 9 pesenan ga di kirim tapi resto tidak ada konfirmasi giliran sini kontak cs katanya krn ga dapet driver tau tau pesenan terselesaikan tapi pesenan tidak sampai di minta pengembalian dana harus nunggu 2x24jam padahal udah laper udah nunggu dari jam 6 tau ahh pokoknya kecewa berat setelah urusan refund ovo selesai sudah pasti akan uninstall aplikasi ini
3282,Hida Suci,4,2026-04-30 20:52:01,kenapa skrng kalau pesan grab food ga bisa di batalkan nunggunya lama bgt tdk ada kejelasan dr dravernya sampai dikira belum dipesan apa sudah sih tidak jelas tiba2 dravernya sampai rumah aja takutnya dikira ga jd pesan soalnya dr draver jg tdk ada konfirmasi
3283,Vivi Andriani,1,2026-04-30 20:41:14,ribet mau cancel grafood uda nunggu 2 jam tapi masih belom dapet kurir
3284,Rahardo Hasymanan,2,2026-04-30 20:26:02,saya berlokasi di majalengka susah pesan grab food gak ada yang nerima ini udh sejam lebih masih belum dapet supir padahal biasanya gak sampek 10 dapet
3285,Naufalaiman,1,2026-04-30 20:13:46,udah 1 jam nunggu tapi driver gaada yg acc
3286,Adrian Ridho,1,2026-04-30 20:04:35,gajelas pesan makanan sudah 1jam setengah belum ada driver yang ngambil
3287,yahya yahya,5,2026-04-30 20:04:04,grabike selalu membantu di saat di butuhkan pokoknya mantaap
3288,muhammad zahran sajid pandia,1,2026-04-30 19:52:51,yang bener lah gw nunggu sejam kok malah di cancel
3289,Ratu Taehyung,1,2026-04-30 19:46:08,sangat mengecewakan susah banget dapet driver padahal gaada macet udah gitu kalau hujan atau macet harganya tiba2 naik kalau ada bintang setengah aku kaish bintang setengah deh gaakan kasih 1bintang karna pelayanannya sangat jelek sekali
3290,Saha Iye Saidi,5,2026-04-30 19:44:24,sy sudah puas dengan layanan graab yg sy gunakan mengapa harus di perbaharui
3291,Devindo Almira Vito,2,2026-04-30 19:40:51,grab airport di adi sumarmo tidak membantu sama sekali jam malam hujan kehabisan sungguh kecewa
3292,Rio Julyanto,1,2026-04-30 19:38:14,drivernya ga bagus jauh sedikit di cancel mulu kalo gitu terus untuk apa dia jadi driver grab kalo jauh sedikit aja malah di cancel driver gamau ambil orderan kalo lagi ujan payah
3293,fuji tjandra,2,2026-04-30 19:02:49,klo habis hujan kendaraannya lenyap harga naik fantastis kasih bintang segini dulu klo membaik saya tambah
3294,Rizky agus Setiawan,1,2026-04-30 19:01:42,aplikasi gajelas pesen makanan 2 jam lebih ga sampe sampe
3295,Ma'ruf Mirza,1,2026-04-30 19:00:58,tolong berikan opsi cancel pada restauran saat sudah mulai menyiapkan pesanan
3296,Moh Muhlasin,1,2026-04-30 18:31:57,1 setelah update malah muter2 doang 2 menu batalkan hilang cuma ada beberapa detik doang 3 biaya platform buat apa
3297,Princess Athena,1,2026-04-30 18:28:04,susah dapat pengemudi beneran manja kadang dapat langsung d batalin najis
3298,iya ini el,1,2026-04-30 18:18:28,aplikasinya ga jelas pesanannya gabisa dibatalin padahal nunggunya uda lama trus juga lama dapet drivernya
3299,Siti Maesaroh,2,2026-04-30 18:16:03,apaan banget dah grab sekarang pengemudi selalu ngebatalin pesanan pas hampir sampai mana nunggunya lama banget lagi
3300,sari keegan,1,2026-04-30 17:41:43,ongkir hemat tapi lama pengiriman sama saja tidak efisien
3301,irma N A,1,2026-04-30 17:37:03,ovo tidak bisa di gunakan padahal saldo banyak
3302,Mar Sarta,1,2026-04-30 17:19:33,buruk banget layanan grabfoodnya nunggu lama tanpa jelas dapat driver apa gaknya udahnya gak bisa di cancel
3303,Zain Mahawani,2,2026-04-30 17:04:57,sistemnya makin kacau orderan nyangkut ke driver yang lagi anter orderan lain begitu dicancel harga melambung tinggi
3304,Muhammad Zacky Maulana Rahman,1,2026-04-30 16:49:54,gimana sih org mau login kode verifikasi nya ga di kirim2 ke email sistem mu jelek bgt ampas
3305,Zalika Khumairah,5,2026-04-30 16:44:00,bagus membantu aplikasi paling murah dengan driver dan biker yang mengendarai dengan aman tapi tolong ditambah lagi seperti fitur pelacakan handphone ketika driver biker atau penumpang mengalami musibah sebagai contoh saya waktu itu kehilangan ponsel saat ponsel di taruh di saku saat naik grab handphone itu terjatuh ke aspal dan belum ada 2 menit sudah hilang di curi orang maaf kalo serasa ga mungkin tapi demi menghindari hal terjadi pada orang lain
3306,12 Desember,5,2026-04-30 16:36:30,the best paling mengerti isi kantongku
3307,Dhara Santi,4,2026-04-30 14:34:19,kadang kalau hujan gak bisa dapet memang gitu ya sampe bener bener gak dapet tapi masih bagus
3308,Rizky Ramadhani,1,2026-04-30 12:45:02,gila sih merchant yg batalin pesanan costumer yg kena getahnya pengembalian dana 7 30 hari utk debit atau bank gimana yaa gk masuk akal
3309,loppo Siregar,5,2026-04-30 11:46:37,baik alhamdulillah perlu dikasi apresiasi agar hidup ekonomi grab lebih baik
3310,Nouronarkana,5,2026-04-30 10:08:56,selalu ada promo tiap harinya thnks min
3311,Noila Ibr,5,2026-04-30 09:21:30,terkhusus untuk apl grab ini login masuk daftar no ribet alamat titik penjemputan dan titik anter ke lokasi tujuan sangat akurat lokasi yang di tuju otomatis terbaca driver nya pada amanah sopan ramah rapi
3312,Risnaldi Aris,5,2026-04-30 08:27:24,grab taxi fod dong aplikasi yang sangat bagus sekali untuk memesan kendaraan buat berpergian
3313,Joko Prasetyo,2,2026-04-30 08:10:54,driver pilih pilih kalau tidak mau jemput bukannya bilang malah ada yang sengaja diam tidak jalan di chat tidak dibalas
3314,Audigi SHP,1,2026-04-30 06:08:19,aplikasi aneh harganya mahal banget mana susah dapet driver lagi
3315,Putri Ayu,1,2026-04-29 22:55:02,perbaiki grab selalu g sesuai titik pdhl alamat sdh sesuai diapk lain sesuai grab doang yg g sesuai
3316,Seteven Fairus,1,2026-04-29 21:53:48,di cancel in mlu gajelas driver nya
3317,RENDY FERDIANSYA,1,2026-04-29 20:42:35,beli paket grab unlimited gaada manfaatnya samsek buang buang uang bye aku uninstal
3318,Gilang Adipangestu,1,2026-04-29 20:38:31,sekarang mencari pengemudi susah dan lemot minta ampun dlu aja waktu pertama cepat sekarang hampir 1 jam beli makanan itupun kalo di anter kalo tidak ya di batalkan
3319,Latif Hanafi,1,2026-04-29 20:04:41,driver nya ngata2 in kotor marah2 dan enggak sabaran kalau bisa upload foto di sini aku ada inisial dan plat nomor nya ulasan ini engga mungkin sampe ke pihak developer
3320,Komang pariana,3,2026-04-29 19:46:07,tolong kembalikan system yg dulu system online skrg sangat merugikan driver dan penumpang driver jauh menjemput penumpang lama menunggu kalau dulu enak di ambil oleh yg terdekat
3321,Gerson Siagian,2,2026-04-29 16:35:33,kapan bisa bayar pake qris dana mau pesan makan gk bisa pake dana
3323,Ka Er Dje,5,2026-04-29 16:32:43,banyak yang mengeluh tentang grab di indonesia tapi lain kalau di malaysia semua aman terkendali ramah respon cepat barang tertinggal tetap di kembalikan ke pemilik kalau mau kasih bintang andai ada bintang 7 atau bintang 9 pasti aku kasih yang tertinggi
3324,Glagah Wangi,2,2026-04-29 16:05:25,lu sdh dpt age dr ongkir driver lu sdh dpt fee dr sellar kmp lu msh mnt biaya penaganan cok
3325,Minarti,3,2026-04-29 15:35:36,grab skrg jd susah banget pengen milih titik jemput yg spesifik dan dimau akhirnya ada kesalahpahaman dgn driver sy lg yg ribet harus jelasin pdhal aplikasinya yg bego di map
3326,Woody,1,2026-04-29 15:11:54,gak jelas masa saya mau login lagi gak bisa dari tahun lalu sampai tahun ini pas verifikasi foto katanya bukan saya terus siapa kalau bukan saya
3327,Zahra Medinah Siregar,1,2026-04-29 12:44:52,rumit banget layanannya saya mau cancel pesanan grabfood gabisa udh hubungin restoran nya jg dri resto gbisa udh chat ke ig grab jg gaada tindakan dan balasannya cuma pke ai
3328,Mis Tono,1,2026-04-29 12:16:03,pesan grabcar dapatnya taxi eh mlhn make argo pas bayar jd kaget mhl banget g tau dah sistemnya gmn
3329,Anita Sari,3,2026-04-29 11:47:16,lemot bgt buka app lain bisa lancar buka grab susah bgt
3330,Danial Alverius,3,2026-04-29 11:36:25,jujur ya grab food better pakein pengantaran standard sama prioritas aja deh yg hemat murah bener lama sih lama namanya hemat tp kira2 jg 1 jam lebih cuy kburu pingsan org namanya manusia ada yg murah pasti ambil yg murah tp gk lama gini jg nunggunya
3331,joshua Gumalang,1,2026-04-29 09:42:17,resto tutup malah ditulis buka udah 4 kali pesan ternyata restonya tutup nggaj jelas
3332,Nr Fira,1,2026-04-29 09:36:22,jujur ya apk nya ga jelas kali orng biasanya semakin sering di pakek semakin banyak promo ini malah makin naik tiap hari nya pdhl tempat nya sama awal pesan murah terus naik sampek 5 rb sendiri bukannya ada promonya
3333,Ilyas Ramadhan,1,2026-04-29 09:17:46,untuk castamer service seluruh apk grab tolong di pecat in pada g berguna di saat driver minta tolong castamer service g ada yg bisa bantu
3334,bruno cup,1,2026-04-29 06:50:45,susah sangat lah driver kat ayer hitam ni
3335,Rhamdhan Firmansyah,1,2026-04-29 06:49:30,tiap ada update akun selalu ditangguhkan nomor sudah hilang gabisa verifikasi cara lain emng rada rada aplikasinya
3336,Diniar Septiani,2,2026-04-29 05:40:04,ada masalah saat order grabfood merchant kurang kirim sudah melakukan komplain tapi respon lama lebih dari 1x24 jam ga da solusi pembayaran menggunakan cc dan cc telah tercharge akhirnya saya samperin merchant buat dapat penggantian makanan sudah d ganti dan saya sudah info cs grab melalui email dan cs grab sudah konfirmasi kalau case close tapi tiba2 ada email lg kl cc saya sudah d kurangi pembayarannya dan meminta saya bayar lg sisanya astag
3337,Aal outSIDers,1,2026-04-29 03:58:57,sekarang harga nya terlalu mahal sangat sangat mahal
3338,Anak Baik,1,2026-04-29 00:44:02,masa pesen terus ga nyantol terus dibatalin gabisa uang ketahan 2 kali ga balik
3339,Deliyah,1,2026-04-29 00:34:13,di grab gada solusi pas ga dapet driver grabfood mending aplikasi oren lebih dari 15mnt gadapet driver bisa batalin pesanan di grab ini nunggu sampe sejam ga dapet ga bisa di batalin
3340,Rezha Pratama,1,2026-04-29 00:25:19,lagi darurat malah ngebug gajelas benerin lagi biar ga rugi pengguna lu gabisa cancel transaksi nyari driver sejam ga dapet
3341,Wali Harefa,1,2026-04-29 00:23:15,kecewa banget ini udah kesekian kalinya grab dipesan tapi gak bisa di cancel gimana sih min tolong dong dilerbaiki
3342,Husen Maulana,2,2026-04-29 00:18:59,makin susah buat pesen sekarang malah susah buat ngebatalin ribet sekarang grab ini
3343,kopi hitam,1,2026-04-29 00:14:24,satu jam nda dapat driver nda bisa di cancel
3344,Indah Rahmalia,1,2026-04-29 00:10:03,ga bisa cancel pesanan nunggu lama banget driver ga ketemu tapi ga bisa di cancel kan kocak
3345,anisa nuraeni,5,2026-04-28 23:50:22,update penilaian setelah drama dpt mitra pengemudi yg gajelas gajelas karna udh di cancel tp tbtb ttp dtg k rmh dan minta uang bensin gaada bukti apapun terkait pemberian uang bensin cuma ada saksi mata setelah buat laporan k grab dan nunggu berhari2 akhirnya uangnya diganti sm pihak grab thankyou grab semoga kedepannya mitra pengemudi lainnya lbh baik lg attitude nya dan utk grab semoga selalu bisa mengutamakan kenyamanan dan keamanan pelanggan
3346,Mardina,1,2026-04-28 22:44:42,saya beberapa kali dicancel terus setiap pesan grabcar pernah juga sudah kecantol drivernya tapi posisinya nggak jalan jalan nggak maju maju padahal ngga ada tanda merah macet dll dan bukan dilampu merah juga
3347,Raffa Albio Dhesatria,5,2026-04-28 22:02:32,grab s service is good the price is cheap 5k karawang area and surrounding areas but unfortunately sometimes when looking for a driver it takes a long time up to 2 hours i hope it can be done fixed by the grab application
3348,Muhammad Iqbal,1,2026-04-28 21:52:32,gajelas sistem pembatalan sekaligus grupordernya yg subtotalnya ga jelas membuat seakan murah padahal over
3349,알리사 림 웨닝,1,2026-04-28 18:43:26,parah grab hari gini dipesen kita urgen ternyata masih ada penumpang grab ga bisa deteksi mana kendaraan yg ada penumpang apa ngga aneh banget kita jadi nunggu lama padahal udh ga pake diskon
3350,Evi Agustini,1,2026-04-28 18:25:34,udah 1 grab 1 order aja jadi lama kan nunggu kalo ketemu yang double order gilak banget sih
3351,Vio Surbakti,1,2026-04-28 18:20:36,why on earth can t i use my promo tiap make promo selalu di blg ga menuhin kriteria padahal bisa di checklist aneh
3352,Adam Malik,5,2026-04-28 17:23:08,sangat membantu dalam proses apa pun
3353,Amin fajar Romadhoni,1,2026-04-28 16:39:10,tidak suka karena saat saya pesan grab food malah aneh sudah tau resto tutup kenapa masih ada opsi pembelian dan akhirnya saya beli yang dimana keterangan resto tidak tutup saat saya pesan saya juga tidak bisa cancel pesanan lalu saya minta driver yang cancel aneh banget jujur ini udah aneh bintang 1
3354,Rani Rani,1,2026-04-28 15:29:25,tiba2 keluar dah tidak bisa login
3357,"Syaban, S.S.",5,2026-04-28 13:33:55,kasih insentif lebih buat driver biar mau jemput pas lagi macet atau kondisi jalanan rusak
3358,Sritiati ana,1,2026-04-28 13:30:19,kurirnya kalau di grabfood lama banget dapatnya selalu begitu
3359,Marten Silaban,1,2026-04-28 12:42:45,tolong lah pihak aplikasi bisa membedakan mana mitra grabfood slot dengan mitra grabfood regular terutama tarif nya jangan tarif mitra grabfood slot dipaksakan masuk keoderan mitra grabfood regular contoh tarif 9100 grabfood slot tarif 1 2 mitra grabfood regular masa mitra regular terimanya 9100 kadang kalau dapat double oderan mitra regular terima tarifnya 13 sedangkan tarif mitra grabfood slot double oderan terima tarifnya 16
3360,Yohanes TV,1,2026-04-28 11:56:46,habis hujan tarifnya mahal banget naik berlipat lipat
3361,Gumilarr zaelanii,1,2026-04-28 11:29:51,applikasi yang tak bisa bertanggung jawab driver mu tuh kabur setelah tabrak saya di jalan sampe harus operasi dan gak bisa beraktifitas selama 3bulan sudah buat laporan ke grab malah disuruh diselesaikan secara kekeluargaan udah tau driver mu gamau tanggung jawab ngilang begitu aja
3362,Suanti Tjan,4,2026-04-28 11:13:05,aplikasi grab sy kok ngak ada logo bayar tunai ya
3363,Hari Yangga,3,2026-04-28 11:10:43,susah bgt buat login gini terus oops something went wrong please try again apalah
3364,Denny Shaputra,2,2026-04-28 10:01:40,maaf kalo saya mnyinggung sering sya temukan kenapa tarif berubah tiap jam nya padhaal tujuan saya sama apakah tiap driver itu beda tarif dan apakah tiap jam itu berubah tarif pdahl tiap guna sya kasi bintang 5 tolong lah pihak app grab jangan sampe sya pindah app ke maxim
3365,NARNO 24,1,2026-04-28 09:28:26,kenapa akun saya di tangguhkan mana tidak ada penjelasan melanggarnya karena apa heran
3366,ipay 1234,1,2026-04-28 08:27:08,susah dapat drever seklinya dpat d kasih yng jauh kan toll
3367,Fahreza Bintang,1,2026-04-28 08:10:17,sudah seminggu lebih uang ku belum di kembalikan oleh pihak grab
3368,Erik Setyawan,4,2026-04-28 07:38:31,woy pelangan kalian yang suka batalin orderan emang ngak punya pikiran apa ya kadang udah jalan tau tau dibatalin ngotak dikit apa jdi cs
3369,Hendra Herdiansyah,1,2026-04-28 03:28:24,saya pesen jam 1an dateng jam set4 laparnya jam berapa dateng nya jam berapa mau dicancel g bisa bisa di pihak grab nya pun sama nyesel pesen di grab sekali dan terakhir deh pesen disini mah
3370,erick lamela,1,2026-04-27 20:09:42,setiap bulan mesti up coba 1thn sekali saja kan enak
3371,Nandar Wiradhikusuma,1,2026-04-27 19:35:03,driver motor suka berbeda kendaraan nya
3372,Kevin Seto,3,2026-04-27 19:03:18,mau bayar pulsa via grab nggak bisa
3373,Big Bouse,2,2026-04-27 18:34:33,map grab menyesatkan pengemudi beberapa pengemudi masih belum bs paham dgn map grab map grab tidak menyesuaikan rotasi arah jalan pengemudi nya hanya diam harusnya seperti goo gle map kalau goo gle map saat diarahkan dia akan mengubah rotasi pov posisi menyesuaikan arah jalan pengendara nya
3374,Albert Arkad Tanggawidjaja,1,2026-04-27 16:37:56,supirnya tidak taat peraturan semua dan supirnya arogan meskipun mereka yang salah lebih nyolot dan itu membuat saya trauma naik aplikasi grab
3375,katakan saya ganteng,5,2026-04-27 16:04:44,saya sering sok akrab dengan supir grab tolong tambahkan fitur agar bisa mengetahui bahwa supir ini pernah berurusan dengan saya sebelumnya
3376,Nurul Hasanah Putri,1,2026-04-27 14:35:42,gajelas pesanan pertama dicancel driver keterangan cari pengemudi saya diberi pilihan alihkan resto saya pilih alihkan dan order ditmpt resto yg direkomdasi grab untuk dialihkan tapi orderan pertama tetap masuk jadi double dan tidak bisa dicancel salah satu
3377,Hpedan,1,2026-04-27 13:39:09,customer bayar mahal driver di bayar murah keterlaluan
3378,Dirmansyah1 Dirmansyah1,5,2026-04-27 13:31:58,bagus sangat membantu untuk keperluan diluar
3380,ika atmawati,1,2026-04-27 10:59:02,ga usah ngadain diskon buat pelanggan sih dan bayar parkir dalam aplikasi karena hampir semua pengemudi ga mau ambil yang ada diskonnya entah itu grab car kek grab send kek grab food udah bayar parkir di aplikasi aja masih harus ngeluarin duit buat parkir tunai
3381,Ardi F,3,2026-04-27 08:41:13,jgn coba pesan grab kalau kalian berada di wilayah plosok
3382,sutan adam,1,2026-04-27 08:20:18,nyengsarakan ojol dan resto matikan cod kalau ada orderan fiktif
3383,admpott 19,1,2026-04-27 07:55:18,aplikasi macam apa ini saya udah nyari sampe 2 jam ngga dapet dapet
3384,Nazmi Nasriyati Fadilah,1,2026-04-27 06:47:18,sering banget saldo ovo nya berkurang tiba tiba mending pakai tunai aja ga banget
3385,Satria Rippaba,1,2026-04-27 06:26:55,driver pada gajelas di tunggu 10 menit eh malah di cancel sama driver mana tiap mesen driver nya selalu jauh hade
3386,Dion Agustin,4,2026-04-27 05:47:21,ada masalah sistem yang bikin saya ga bisa pake akun grab yang lain saya komplen minta sistem nya di perbaiki secepat mungkin karena masalah ini muncul tiap saya ingin berangkat ke sekolah
3387,Bang Sugay,5,2026-04-27 02:09:20,bagus sh aplikasinya untuk segala hal cmn di syangkan saya sudah pengguna lama ovvo saya sudab primer tapi ga muncul pinjaman limitnya intinya saya tetap menunggu sampe bsa ada limit dan saya kasih binta 5
3388,Ferlana Nuyana,5,2026-04-27 01:34:50,grab makes transportation and food delivery incredibly convenient the app is easy to use and offers many useful features drivers are usually quick to respond and professional it s a dependable solution for daily needs
3389,mahluk Gloib,1,2026-04-27 00:15:32,aplikasi bikin panas di handphone kalo di buka kalo gojek maxim aman aman aja di pake nya gak panas ke handphone fix tuh bisa gak biar pengguna kamu nyaman
3390,Fahri Za,1,2026-04-26 23:27:55,iklan jadi berat banget sama kembalikan logo kendaraan di map sekitar
3391,Sukam Kamto,5,2026-04-26 21:18:03,tidak dapat kode otp untuk login kembali aplikasi greb drewer saya
3392,Samian,5,2026-04-26 20:26:19,tidak perlu repot klo pergi kemana2 klo udah ada grab apalagi banyak promonya
3393,zeko,5,2026-04-26 19:59:19,apacoba promonya gk jelas anjir cmn liat liat harga doang sama promo yg tersedia langsung ditarik promonya aneh bet padahal gk ada salah gunain
3394,Ibrahim Alfayed,1,2026-04-26 19:14:34,ga jelas udh pake prioritas tetep aja lama dapet pengemudinya yg bener dikit la mana ga bisa di batalin lagi klo udah terlambat pengirimannya
3395,Ahmad Fahizun,5,2026-04-26 19:08:13,paket data 10gb tapi apk tidak bisa di buka
3396,Ebhen R,1,2026-04-26 17:09:40,tidak bagus saya sudah lama pakai grab tapi karena ada suatu hal saya akhirnya menggunakan akun baru pas baru pesan sekali grabnya itu bisa pas saya pesan makanan kedua kali malah tidak bisa saya sudah melaporkan ke pusat bantuan dan mereka bilang masalah nya sudah teratasi akhirnya saya cuma balas keesokan nya saat saya mau pesan lagi masih tidak bisa dan masalah nya masih sama saya saat ini merasa kecewa
3397,zephyr 11,1,2026-04-26 16:25:28,aplikasi sm resto ga jelas ga sinkron pesen makan bayar prioritas nunggu 1 jam eh masih nambah lg estimasi waktu 40mnt kasihan driver jd kambing hitam yg srg dgr keluhan
3398,M. ULIL ALBAB,1,2026-04-26 15:26:13,udah di update masih aja susah di akses niat bikin aplikasi ga si cuih udh bertahun tahun jalan sistem masih aja bobrok nyusahin orang
3399,alita tata,3,2026-04-26 15:06:27,grab bagus tapi kadang2 driver nya suka milih2 jarak
3400,Kenshin,1,2026-04-26 15:06:22,termahal dibanding aplikasi gojek atau maxim
3401,Dzaky Pradana,1,2026-04-26 14:17:27,aplikasi penjajah pemeras keringat drivernya mending kalau pakai jasa transportasi online jangan pakai aplikasi ini kasian drivernya berapapun mahal argo yang kalian bayar di aplikasi ini driver tetep gak dapat lebihnya bahkan tekor mending pakai aplikasi yang lain saja kawan kawan
3402,MRjamel Lo,1,2026-04-26 13:18:08,sekarang susah aplikasinya masak buat masuk susah lemot bikin males
3403,Syafa Tiara,3,2026-04-26 13:06:47,gabisa nyambung ke metode pembayaran lain pasti error ovo gabisa i saku gabisa linkaja juga gabisa tolong diperbaiki
3404,Desi Fuji,4,2026-04-26 11:41:30,tolong jangan sering sring lemot apk nya padahal jaringan saya bagus tapi apk selalu loading
3405,Dewinurmalasari Saleh,1,2026-04-26 11:17:12,mm because seat a name our home nothing
3406,alknzw,2,2026-04-26 09:19:34,aku kasih bintang dua ya kurang sreg sama drivernya kalo lagi di posisi bayarnya pake qriss juteknya minta ampun sampai ada yang berdecak ke aku gara bayar pake qriss hellooww qriss itu juga uang lho apa karena ga bisa ngasih tip ke driver jadi kelakuannya begitu ga banget udah berapa kali disini gitu terus
3407,Ruth Pagit Sriulina,3,2026-04-26 06:39:27,driver sekarang slow respon tidak langsung bergerak saat mendapat orderan padahal pilihannya bukan yang hemat
3408,Maxie Prawiro,5,2026-04-26 05:48:24,stir mobilnya halus refleknya sangat baik
3409,amanda sharon,1,2026-04-26 05:15:43,mau laporin masalah saldo superbank yang bermasalah tapi ada dipusat bantuan cuma ada ovo udah di tf buat beli makan ke superbank di aplikasi superbank udah masuk tapi di saldo dompet superbank dalam aplikasi grab belom masuk delay nya sangat lama tolong ditingkat lagi kejadian ini ga cuma sekali
3410,Rizki Kurnia,1,2026-04-26 03:40:25,aplikasi gak guna jangan di download penipuan
3411,Oma Subur,1,2026-04-25 23:26:07,aplikasi grab terlalu menekan driver hapus layanan grabfood slot grabbike hemat berbayar sistem anggota pejuang satria jawara potongan 10 buat aplikator
3412,Slametriyadi Dsm,5,2026-04-25 22:05:38,dgn adanya grab taksi foot mrmbantu percepat relakai perdagan
3413,Nurul anisa Ulya,4,2026-04-25 20:32:30,aplikasinyaa baguss bangtt apalgi kalo tiap hari ada diskon minimal 50 udah pastii baguss bng dan banyak pengguna nyaa tapi waktu di update lambat betuu padahal jaringan nyaa udah bgus penyimpanan masih banyak
3414,Dwi Lestari,1,2026-04-25 20:13:28,sudah nunggu driver 1 2 jam tidak datang kalau mesan juga lama gabisa fast padahal ga pakai promo padahal banyak driver di sekitar juga ga jelas para driver
3415,Avisa kembaran lemon njir,1,2026-04-25 19:00:12,iklan grab ngeganggu bgt dimana ga dipencet apapun tapi tiba tiba masuk sendiri ke apk nya stop ya bkin rusuh lewat iklan
3416,i w a L,1,2026-04-25 18:41:13,pelit diskon harga memang banyak murah tapi diskon nol harga ongkir yang lumayan mahal hampir seharga dengan harga makanan
3417,kupas fakta,1,2026-04-25 16:06:59,ngga usah pake ada car hemat aja kalo driver nya ngga mau ambil orderan nunggu udh lama tau2 di cancel dan itu berkali2 setengah jam cuma buat war driver doang
3418,XongGaming Gamars,2,2026-04-25 15:58:47,kecewa saya pesan grabmart tapi di aplikasi barangnya ada serta pesan kosong dan saya jadi rugi karena pesanan yg sedikit voucher tidak bisa di pakai
3419,Aditya Kurniawan,4,2026-04-25 14:26:34,aplikasinya seringkali lemot untuk diakses setelah update
3420,putriayu lestari,2,2026-04-25 13:56:25,tlong banget grabfood nya di perbarui lagi kalo ga dapat driver warung tutup tlong waktu tunggunya 30 menit aja kasih ruang buat customer batalin sendiri karena kadang kalo ga dapet driver nunggunya terlalu lama gabisa dibatalin dan mikirnya kalo ga dibatalin dlu nti jd pesanan double akhirnya nunggu dh sia2 telebih lagi pas merchant tutup tp lupa matiin di grab akhirnya smpe ganti 5 driver karena cuma drivernya yg bisa batalin orderan sedangkan kita cust gabisa batalin smpe 1jam an
3421,Aan Baik,5,2026-04-25 13:49:01,aplikasi grab sangat mudah di dpt dan ramah pengemudinya
3422,Rin Can,1,2026-04-25 13:00:10,aplikasi yang sangat berguna dan cocok untuk di buang ketempat sampah
3423,Robin Zx,5,2026-04-25 12:07:58,sangat bermutu dan mempermudah perjalanan saya dan saya sangat berterimakasih
3424,Akun 4,1,2026-04-25 12:03:57,apk lemot banget padahal jaringan 5g buka apk lainnya lancar ni apk lemot
3425,jeffri saputra,1,2026-04-25 10:55:45,kenapa orderan 2 lokasi antar tidak ada lagi ya untuk grab bike
3426,Irsan D'family,4,2026-04-25 09:23:24,bagus banget memper mudah kita untuk belanja dan segala macam
3427,Zaskia,1,2026-04-25 09:10:56,cari driver untuk grabfood lama banget hampir setengah jam opsi cancel juga ga di kasih2 dari sistem padahal udah ngaret banget pengantaran nya
3428,Ferdi Herdiansyah,1,2026-04-25 08:51:17,di update lagi ya biar pengguna bisa dapat fitur cancel lagi untuk cancel nya di last minute memang jangan di adain tapi minimal di awal harusnya masih berlaku dong cancel tuh
3429,Fauzi Gaha,1,2026-04-25 06:34:16,pelit banget grab bagi pengguna baru seperti saya tidak dapat promo apapun unistal yes
3430,kesya Destyaa,1,2026-04-25 06:33:18,kenapaa carii drivernya susah sih kalau dalam keadaan urgent gimana padahal banyak driver di sekitar
3431,Geren Geren,1,2026-04-25 04:23:59,aplikasi nya di perbaiki woi kasian ojek nya cod tiba tiba di cancel
3432,Apip Wahid,1,2026-04-25 00:30:39,promo hemat ngapain di pasang kalo ujung2nya drivernya gak mau ambil dengan banyak alasan gak tau orderan masuklah titik gak sesuailah kejauhanlah lagi makan dululah bla bla bla ujung2nya di cancel driver mau ngambil pas metode pembayaran normal waktu ke buang nunggu berjam2 mikir evaluasi mass klo bikin promo gak usah ngerugiin waktu saya waktu saya adalah uang berhaga gak jelas emang
3433,Devina Suherli,2,2026-04-24 22:47:12,dulu pengalaman saya menggunakan jasa grab tidak ada kendala apapun sekarang pengemudi yang saya sering temui mudah emosi minta menaikan harga yang tidak wajar saran saja yang tua tua jangan di acc lebih baik yang muda
3434,Maha Tan,2,2026-04-24 22:28:37,sangat membantu sekali namun akhir akhir ini tidak bisa melakukan pembayaran di aplikasi ini entah eror kah atau memang apk nya sudah gk fungsi lagi bila bisa lagi lakukan pembayaran baru tak balikan lagi ke bintang 5 nya
3435,Widy (Widy),1,2026-04-24 21:00:05,setiap pesan grabfood selalu di barengi orderan lain orderan double jadinya harus nunggu lama alhasil makan jadi dingin sangat menjengkelkan sekali
3436,Hawks Eyes,1,2026-04-24 20:08:31,tolong untuk drivernya cari yang kompeten jangan asal asal terima sudah tidak bertanggung jawab minta saya yang batalkan ujung ujungnya bintang pemesan turun dan susah untuk memesan kembali
3437,Agung Irawan,1,2026-04-24 19:36:39,buat para penumpang yg terhormat tolong lah kasian para driver grab ini narik harus beli bensin tolong jangan order pake grab hemat kasian pengeluaran ga sesuai sama pemasukannya minta tolong banget ya para penumpang blm lg klo kondisi jalan macet apa ga makin sengsara itu driver
3438,Shalom Aleichem,1,2026-04-24 18:00:18,aplikasi sering error ngelag sehingga harus dicoba ber ulang apa karena aplikasi ini terlalu berat
3439,Novita Narulita Sari,1,2026-04-24 17:33:05,dichat di pusat bantuan bot terus yang jawab ada customer service nggak sih awalnya supir pinjem hp saya terus dia batalin di aplikasi grab punya saya katanya lebih baik gk usah pake aplikasi grab karena kalau pakai aplikasi berhenti tidak sesuai titik bisa ada masalah padahal mau sesuai atau nggak saya bakal turun dititik sesuai aplikasi saya nggak minta diturunkan di titik yang bukan seharusnya habis itu dia minta bayaran 2x lipat dari aplikasi
3440,aishapy04,3,2026-04-24 17:05:29,bingung cari alamatnya karena ga selengkap nama2 digmaps
3441,Halmi Hidayatullah,1,2026-04-24 16:26:36,mau menghubungi cs manusia susah banget mutar sana sini ujung ujungnya bot lagi bot mana bot suka erro kirim mulu gak pernah terkirim
3442,Rifqi Basyarahil,5,2026-04-24 16:03:42,aplikasi transportasi yang smart saya edit per 24 april 2026 pukul 16 57 wita saya install ulang per 24 april 2026 pukul 16 57 wita mohon maaf kritikan saya agak lebih ekstrim mengapa aplikasi grab seolah olah menjadi aplikasi spionase di kota tertentu khususnya kota surabaya saya sebagai mantan aktivis share international networking humanitarian merasa dimonitor wajib selfie wajib menggunakan kartu debit atau kartu kredit dan kepada siapa saja data kami pengguna aplikasi ini dibagi
3443,Grace Tamba,1,2026-04-24 14:13:50,driver nya kaga jelas byk banget yg tiba tiba batalin orderan padahal udah ditunggu tunggu
3444,Kpersia,5,2026-04-24 14:10:41,menyenangkan dan seru saat lagi keperluan walaupun pakai duit sendiri tanpa minta orang tua hehe
3445,Jayla Brooks,1,2026-04-24 12:01:01,di yutup grab iklannya nyusahin bnget sumpah gabisa ditutup pas pake layar miring ngalingin bnget org mao nonton maksa bnget nyuruh donlot keknya idih amit2
3446,DKV02 28 Muhammad Raja Satria Wibawa,5,2026-04-24 11:02:24,aplikasi ini berguna banget untuk mengantarkan penumpang yang akan dituju dan juga abang grabnya ramah banget tahu jalan dan juga mendapatkan layanan yang begitu nyaman di motor maupun di mobil sama sama nyaman tapi beda ukuran saja
3447,Fitri Damayanti,1,2026-04-24 10:47:22,driver pengantar makanan dan minuman gak ramah jadi kesel
3448,Bonsai Estetik,5,2026-04-24 10:18:51,grab is a versatile app that combines ride hailing food delivery and digital payments in one platform with reliable service real time tracking and easy booking it makes daily travel and ordering simple and convenient a practical solution for everyday needs in southeast asia
3450,Yuyun Yunani,2,2026-04-24 08:12:51,lu kenapa si ngasih mapnya jauh bgt perjalanan yang seharusnya 1 jam sampe jadi lebih 40menit orang udh gua estimasiin 2 jam masih aja dibikin telat fyi aja gua customer yang hampir tiap hari pak aplikasi lu benerinn deh map nya
3451,Cimeng Cute,5,2026-04-24 07:38:45,sangat membantu untuk perjalanan di luar kota
3452,Mentari Kusuma,3,2026-04-24 06:29:56,tolong layani customer dengan sesama manusia bukan ai
3453,Faisal Wibisono,1,2026-04-24 06:15:28,kalau hujan atau gerimis sulit banget dapat drive terus nunggu driver oper penumpang sebelumnya yg lokasinya kadang agak jauh
3454,Clarice,3,2026-04-24 06:04:18,lag mulu setelah update belakangan ini
3455,Putri Utami,4,2026-04-24 04:53:34,bagus sih aplikasinya seneng pakenya jadi andalan banget tapi tolong dong buat pengemudi kalo ga niat ambil orderan bilang aja biar bisa di cancel cancel aja langsung ini udah nunggu katanya otw malah ga jalan stuck di tempat orang yg tadinya buru buru jadi terlambat pake grab niatnya biar cepet malah jadi terlambat tuh kesel banget
3456,Ferdian Dwi Yahya,2,2026-04-24 04:09:35,aplikasi gak jelas sudah isi saldo malah ga nambah padahal di banknya sudah nambah tapi di aplikasi engga aneh emang
3457,Kharisma Husnul Khotimah,1,2026-04-24 03:20:35,saya pengguna grab meminta bantuan dana saya yang tertahan kenapa tidak di transfer balik yaa ke kartu kredit saya saya sudah menunggu sampai selama satu tahun tetep tidak ada kebijakan dari admin aplikasi grab nya saya liat di ovo juga tidak ada dana yang di balikan dana yang sudah di tahan sementara saya buat laporan begini soalnya sudah sering pesen makanan akan tetapi pesanan saya di batalkan langsung dari pihak toko nya dana yang tertahan tidak kunjung di transfer balik mohon infonya
3458,Abdulmulkun Mulkun,1,2026-04-23 22:59:49,akun baru 1 x order lngsung off
3459,Selvi Elyana,2,2026-04-23 22:34:54,susah dpt driver kalo dpt driver selalu jauh itupun byk driver yg minta cancel kata org kl susah dpt driver biasa krn kt sering cancel tp dari drivernya sndiri minta cancel ya kt bs apa aku suka cuma karena untuk motor dia terbilang aman tp utk car ga dlu trus karena ada payment via qris aja yg bikin aku suka
3460,Dudung Sodikin,2,2026-04-23 20:46:18,jangan salahkan draver kalo pake hemat sd usah fapat ongkos 11 jemput di atas 3km as palagi penumpangnya susah di hubungi jalan macet makanya layanan hemat banyak yg di non aktifkan sama draver
3461,RBT Status,5,2026-04-23 20:44:36,better than app sebelah drivernya bervariasi ga itu2 mulu
3462,Lulu Lili,2,2026-04-23 19:26:14,pesanan saya sering terlambat sampai padahal sudah sangat lewat dari estimasi waktu yang dijanjikan hal ini terjadi terus apakah tidak ada evaluasi selain itu ada pula pesanan yang saya sudah tunggu lama malah drivernya tiba batal dan harus tunggu lagi untuk dapat driver baru tolong hal ini sangat merugikan saya karena perkiraan waktu yang saya hitung itu saya harapkan untuk tepat agar sesuai dengan jam minum obat saya chat cs malah dijawab ai pelayanan grab begini bikin sangat kecewa
3463,pst. suhartono,3,2026-04-23 19:11:51,saya pernah terdebet dari ovo saya untuk membayar sesuatu di grab untuk transaksi yang tidak saya lakukan sebesar 170 saya ditanggapi laporan namun disuruh minta sendiri dari nomor dana yang terlampir kejadian itu bukan januari kemudian saya off kan akunnya tadi mulai lagi saya lihat ada tagihan rp 170 di nomor yang sama karena akun pembayaran lewat ovo saya off maka tidak bisa didebet sepertinya admin terlibat untuk ambil dan kirim ke akun dana dengan nomor tersebut
3464,Wahju Tjahjo Dewo,2,2026-04-23 18:56:15,applikasi tidak responsif selalu saat mau dibuka selalu ada notifikasi jaringan bermasalah dan berlangsung berulang kali jadi harus menunggu 2 5 min utk terhubung dg aplikasi harap dikirimkan update terbaru asap
3465,Shi Kakkoi,1,2026-04-23 18:37:55,asli ni aplikasi ribet ngebug mulu mau pesan tuh ga bisa di klik udh beberapa minggu kaya gini bukan di hp saya aja ternyata di hp yg lain gitu pula btw disini saya pesannya makanan ya kalo grabcar engga tau sih buat developernya plis jangan sampe kaya gini cape mau pesen susah gini malah keburu emosi
3466,Boy Croot,1,2026-04-23 18:24:25,aplikasi sangat jelek sangat tidak adil kepada driver sering banyak driver mengeluhkan potongan besar sampe driver kadang minta tambahan ke costumer tolong kalo kasih potongan sewajarnya manusia pake hati nurani nya jangan semena mena terhadap driver
3467,Wahyu Sidik riyadi,1,2026-04-23 18:20:31,maps gak sesuai sama gmaps kasian kurir
3468,li fi,1,2026-04-23 17:28:51,lapor pesanan grab food tidak sesuai cuma muncul laporan sedang ditinjau ga bisa liat tanggapan cs atas laporannya ga ada opsi buat reply baru bisa liat tanggapan cs pas laporan udh dinyatakan selesai karena ga di reply selama 1x24 jam dan lagi ga pernah ada email masuk walupun tertulis harus balas email dgn data yang diperlukan utk menindaklanjuti laporan baru keliatan reply ini di grab setelah laporan dinyatakan selesai aplikasi ga jelas
3469,Ayya Ahmad,5,2026-04-23 16:11:13,aplikasi nya bagus sekali sangat membantu aku kalau capek pulang sekolah selalu naik ini juga kalau mau main tpi ga ad yang antar
3470,Candice Nut in your mouth,1,2026-04-23 15:23:57,harganya hemat dan ojeknya datang tepat masalahnya pemilihan map ribet banget aku harus bayar 2 kali buat pulang
3471,Evidarosa Hutauruk,4,2026-04-23 14:37:58,selalu baik n yakin dgn grab car
3472,Yunis Kembar,4,2026-04-23 13:30:19,tolong bagi konsumen jangan suka membatalkan pesanan atau di main kan karena driver mencari rezeki nafkah untuk anak istri tolong kami harap mengerti
3473,Mutiara Wawa,1,2026-04-23 13:16:32,benci kali gara gara 1 pengemudi
3474,Desi Kartika,5,2026-04-23 12:46:14,promo grabnya sering bohong katanya diskon belum dipakai udah abis aja
3475,Zah Fan,1,2026-04-23 12:28:51,aplikasi lelet driver jauh2 mapsnya sering mental payah
3476,Abd Haris,1,2026-04-23 10:31:40,baru semalem di update belom di pake pagi nya minta update kaga jela di ulasan yg kasih bintang 5 orang kantor grab semuanya ini biar rating naik koca
3477,Fahry Septian,5,2026-04-23 08:29:15,terkhusus untuk para penumpang mendang mending alias paket hemat untuk rute jangan suka rikwes jalan wajib dan kudu sesuai maps yg telah di tentukan enggak ad namanya mampir mampir walaupun sebntar dan ac mobil jangan suka otak atik sendiri jangan mentingin diri sendiri yg ingin hemat drive juga ingin hemat bbm ac mobil adem ajah cukup buat kalian yg suka paket hemat enggak perlu ac sampai dingin 1 lagi jangan anggap drive seolah olah supir pribadi kalian
3478,36Miliar Dollar,1,2026-04-23 07:15:12,tolong peta nya di update alamat ketika diketik sama google map nya bisa beda jauh
3479,Alma Rahayu,1,2026-04-23 06:15:24,aplikasi tidak bermutu membatasi chat customer dengan pengemudi grabfood saya pesan makanan dan driver tidak mengantarkan makanannya sy sulit menghubungi driver trsbt namun sy sudah melakukan pembayaran melalui ovo
3480,Abil Cahya,1,2026-04-23 04:30:02,kalo driver lama dan ga gerak harusnya otomatis cari driver laim yg mau ambil gila bgt ini aplikasi hampir 2jam driver gada respon dan ga gerak malah disuruh nunggu
3481,yann alfahrii,1,2026-04-23 04:12:55,saat di butuhkan waktu pas pasan malah tidak bisa order tunai mesti dengan kard
3482,Nuravin Listiyanto,1,2026-04-23 00:49:55,aplikasinya gimana sih mau daftar kok dibuat rumit sebenarnya mau nambah penguna gak sih
3483,Muhaamad Paisal,2,2026-04-23 00:20:29,bagimana cara batalin yg mau dipesen
3484,Rudi Daeng Maros,5,2026-04-23 00:05:09,alhamdulillah berkat aplikasi grab driver tiap hari bisah menghasilkan uang untuk jajan anak anak
3485,Arif Tri setiawan,1,2026-04-22 22:50:34,tolong yang pesen akun atas nama a repot itu blm bayar pesenan grabmart nya kebanyakan fiktif kasihan drivernya
3486,Sekar Kiraningrum,1,2026-04-22 22:01:48,ini mah emg bner ga layak jga kalau bintang satu ini gua mesen grab food kaga dpt drivernya tolong deh y perbaiki gtu ini kan orng mesen makanan berarti laper ini ga ad kebijakan buat sesuai sop aj gtu jngan mentang gua pake pengantaran hemat smpe kaga dpt driver sama sekali
3487,shafira lailaf,1,2026-04-22 21:08:53,terima kasih atas pelayanan cs yg luar biasa singkat padat jelas dan tanpa solusinya terima kasih kak risma dan kak awan sudah membantu masalah yg saya hadapi dengan sangat tidak bijak saran saat ada pemesanan yg sudah terlalu lama karena kesalahan driver bisa di minimalisir dengan spare waktu pelanggan untuk bisa membatalkan pemesanannya 1 driver bisa lebih fokus mengantarkan pesanan yg salah atas kelalaian dia sendiri 2 pemesan bisa dapat kepastian harus nunggu sampai kapan
3488,MUSPIK AMRULLAH,5,2026-04-22 21:07:08,sekarang grab sangat rekomendasi banget buat perjalanan saya semog terus memberikan pelayanan yang terbaik untuk pelanggan
3489,Syakilla Mariska,1,2026-04-22 19:19:05,driver grabfood pilih2 kalau cuaca hujan gak mau ambil orderan udah sombong kali driver grab ini
3490,Dela Saputri,1,2026-04-22 18:34:20,aplikasi kikir padahal pake grab udah lama makin setia harusnya makin banyak promo eh tiap pesen grab food ongkos kirimnya bukan makin rendah malah main naik sekali pesen makan ongkos kirimnya lebih mahal dari harga makanannya ampun deh
3491,[AXN] PeterOzora,5,2026-04-22 17:44:46,gw sebagai pelajar sangat mendukung aplikasi ini karena murah dari aplikasi sebelah karena jarak rumah saya ke sekolah itu 5 7km dan waktu jalan nya 12 menit pake motor dan juga harga nya cuma 13k di aplikasi sebelah 25k untuk developer aplikasi nya saya sangat mendukung aplikasi karena ada pembayaran lewat qris dan juga murah pastinya
3492,Pak Prite,5,2026-04-22 16:23:07,minta tolong min akun saya yang driver belum diterima terima semoga segera bisa kerja di driver nya min
3494,armand muhdy,2,2026-04-22 15:54:54,drivernya banyak yang cancel seenaknya dan ada juga yang parah tidak mau jrmput ke titik lokasi penjemputan penumpang
3495,Cucu Hawa,2,2026-04-22 15:36:23,buat para driver nih tolong dong kalau udah ambil orderan jangan main cancel aja saya udah nunggu lama tinggal 2 menit lagi malah di cancel sering banget kaya seperti ini kalau gak mau ambil kenapa gak dari awal aja gak usah diterima orderannya kan jadi buang waktu harus nunggu lagi driver yg baru terus helm untuk penumpang usahakan dicuci kan bekas kepala orang kotor dan kasih yang ada tutupnya biar kita gak kelilipan
3496,Citra Putri,3,2026-04-22 14:55:50,belanja pakai grabmart knp driver hrs pakai mobil sih kasian driver nya kalo masuk jalan sempit tolong dikasih opsi dong bisa pilih motor atau mobil
3497,Zakiatul Maulidia,2,2026-04-22 13:56:38,harus selalu di update kalau mau bisa digunakan
3498,Alza Zefitra,1,2026-04-22 10:34:04,tolong dong saat hujan para driver ambil order jangan ga ngambil ada yang namanya jas ujan kan masalah cuman 1 ya saya gprlu pakai juga gpp persediaan untuk cust ini sama sekali ga ada yg ambil oder an daerah surabaya barat padahal saya cuman deket jarak nya ke tmpt kerja dri jam 9 sampe jam set 11 ga ada driver yang mau ambil pesenan an saya heran
3499,Ridho Zakiy,1,2026-04-22 09:21:02,apk autis pesen jastip diubah metode pembayaran ke ovo ada masalah pembayaran cash ada masalah gw sampe instal beberapa apk dimetode pembayaran gw relain isi saldo di setiap apk tetep gabisa aneh gila
3500,orang baik Helo,3,2026-04-22 08:19:02,seperti nya salah di pengemudinya kali ya grab ini banyak seperti pengemudinya yang ga suka lihat owner pembeli aja malas sih apalagi di medan kota
3501,Marjuki Marjuki,5,2026-04-22 07:51:29,alhamdulilah semoga semua aktivitas nya di mudah kan aamin yra
3502,Dini Prasetya,2,2026-04-21 21:51:24,barusan dapet driver yg nganter makanan tapi sangat tidak sopan baru kali ini dapet driver kaya gitu lokasi saya titiknya tidak akurat ada mungkin lebih 50 mter dari titik tersebut dan saya sudah chat drivernya eh malah tidak dibaca gak lama nyampe depan rumah sambil klakson2 motor bbrpa kali lalu ngobrol ketus banget kenapa titiknya tidak akurat saya jelaskan memang dari aplikasinya tidak bisa eh dia malah ngambek padahal kalo driver lain biasanya nelpon dulu atau chat dulu
3503,Restu,1,2026-04-21 21:12:32,lama banget dapetin driver grabfood padahal pake pengantaran prioritas gimana sih grab
3504,lasmini kusnara,1,2026-04-21 20:38:17,ini gimana s saya gak mesan makarizo kenapa dikirim terus
3505,Dhabex Channel,1,2026-04-21 19:43:53,parah ini grab udah minta di upgrade tetap saja gak bisa di gunakan dasar aneh
3506,Welni Sekewael,1,2026-04-21 19:25:41,grab skrng maunya yang mahal klo hemat lama kali
3507,Wiwi Reska,4,2026-04-21 19:13:12,sy jika pake aplikasi ini jadi mudah memakai nya
3508,nilz ddun,1,2026-04-21 19:01:58,apk tolol alamatnya ngaco gak akurat
3509,ali imron,2,2026-04-21 18:44:40,sulit untuk pembayaran sudah milih pembayaran ttp gak bisa buat pesan makanan
3510,奥特曼,1,2026-04-21 18:19:37,woy ini app notifnya seberapa banyak dalam sehari parah uninstall
3511,R Win,1,2026-04-21 18:03:13,sangat jelek pelayanan di kota wonosobo lempar n driver dan makana basah kena air
3512,Hasrif Nova Syahputra,1,2026-04-21 17:41:05,mohon diperbaiki pelayanannya ya terkhusus driver
3513,Gini Suryati,1,2026-04-21 17:18:48,gak ngapa ngapain malah ditangguhkan aneh
3514,Dwi Febiyanti,1,2026-04-21 17:12:36,aplikasi menyebalkan selalu kalo pesan makanan susah dapat driver padahal bayar pake ovo giliran mau di batalkan ga bisa ga guna
3515,Maryam Hazrina,1,2026-04-21 16:49:59,dengan nggak ada fitur pembatalan di aplikasi rasanya sangat menganggu sekali 2 jam nunggu makanan nggak sampe sampe dicancel nggak bisa makanan nggak di anter anter kalo nggak di anter dan emang nggak bisa di kirim nggak masalah kalo ternyata dikirim dan saya udah berpindah tempat customer lagi nnt yang salah disangka orderan fiktif
3516,Cahaya Gentha,1,2026-04-21 16:26:46,saya pemakai grab ride area cipanas puncak kecewa dengan pengemudi grab ride yang pilihan pada penumpang udah jelas2 saya di depan matanya dia dan saya tau dya yg saya order malah pergi dan memblok saya mentang2 motor bagus
3517,Ahmat Soli,1,2026-04-21 15:52:27,lambat reaksi kurir nya lambat lelet semua
3518,Putri Alifia,1,2026-04-21 15:02:36,sekarang kalau cari drive sulit apalagi pas dibutuhkan
3519,Saifun Najib,3,2026-04-21 14:05:29,aneh kadang ni aplikasi suka eror nggak bisa di buka tolong dong min di perbaiki
3520,Nadzir Bindere,5,2026-04-21 13:51:57,risolnya enak bngt dan murah apalagi juga ada es telernya yg enak dan harganya juga murah pokoknya very interesting yg jual ramah suka nyapa
3521,Indra Lesmana,5,2026-04-21 13:51:09,bagus sih dengan promo promo nya
3522,yoga setiabudi,1,2026-04-21 13:31:52,ini kalau outlet food ga mau bikinin makanan diskon ga perlu di tampilin diskonnya udah nunggu sejam ga di bikinin malah ganti driver aneh banget
3523,man 1212,3,2026-04-21 13:06:16,susah dapat driver untuk grab express ga hujan ga badai tapi bukan main lama dapat driver
3524,Tias Novika,1,2026-04-21 11:12:06,driver grab car sering cancle berujung sulit dapat driver padahal mereka yang cancle
3525,Cepot Cawokah,1,2026-04-21 10:58:33,kacau map nya alamat lengkap ga muncul di google map grab di google biasa alamat nya muncul kacau sampe harus pesan 3 kali grab berangkat doang
3526,Tiger Wong,5,2026-04-21 09:51:24,manta ngak susah klo binggung kemana
3527,Adi Firmansyah,4,2026-04-21 06:50:35,makin kesini makin error maps nya
3528,Ferry,1,2026-04-21 04:24:29,lambat sangat amat membuang waktu menunggunya
3529,Win Aditya,1,2026-04-21 03:49:55,dapat driver order food lama sekali
3530,Silent Game On,1,2026-04-21 03:31:24,selalu masalah selalu ketika hujan sulit dapat driver
3531,Muhammad Dimas,1,2026-04-21 02:50:15,saya pesan makanan tpi driver yang di tuju untuk nganter nggak dapat lawak
3532,MzToprax,1,2026-04-21 01:36:09,tolong lah klo laper jam 1 malam selalu gak ada driver yg ambil
3533,andi koria,5,2026-04-21 01:28:24,sya login tak boleh kenpe y
3534,Fahriel :v,1,2026-04-20 23:23:48,tolong perbaiki itu bug banyak bnget ni masa mau aktifkan ovo something went wrong mulu kan bloon mau langganan malah dibuat susah
3535,Rifa Zakiyah,5,2026-04-20 22:36:40,grab memudahkan banget kalo kemana mana apalagi tarif nya murah driver nya rata rata pada baik dan ramah semuaa
3536,Malik Saputara,1,2026-04-20 21:41:50,sangat buruk hp saya ketinggalan di mobil ini di ambil tdk di kembalikan
3537,Tio Isi,4,2026-04-20 20:45:57,kenapa sering update padahal tiap sering make
3538,Jahzara Zhafira,5,2026-04-20 18:49:04,grab sangat membantu bagi saya yg jarak jauh makasih
3539,Barbarian F,1,2026-04-20 18:22:50,susah mendapatkan driver akhir akhir ini tidak seperti sebelum sebelumnya pernah pesan driver padahal ketika klik pesan ada driver disekitar tapi yang dapat malah yang di jauh banget terakhir untuk pemesanan makanan jika tidak ada driver yang mengambil lebih dari 15 menit tolong langsung bisa dibatalkan jangan nunggu sejam dulu apalagi ini menyangkut makanan sekarang sangat sudah mendapatkan driver tidak seperti sebelumnya berbeda dengan kompetitor sebelah yang sangatlah mudah
3540,Linashar Arum,1,2026-04-20 17:41:03,aplikasi jelek dikit dikit update trus lama banget updatenya lagi buru buru mau make malah hrus update
3542,Niko,1,2026-04-20 15:43:48,aku jadi gbs jemput grgr km y
3543,Safa Syakira Nur Azkiya,3,2026-04-20 15:29:08,klo ujan dptny lm bgt cok
3544,Azizatul Ilmi,1,2026-04-20 13:53:06,orang buru disuruh verifikasi sampe gagal terus dan berakhir telat
3545,Cyntia Agustina Hutagalung,5,2026-04-20 13:49:05,pelayanan nya bagus d best semakin jaya jaya jaya
3546,Pengguna Google,5,2026-04-20 13:12:30,alhamdulillah merasa terbantu dengan adanya aplikasi grab
3547,Friska Maulidya,1,2026-04-20 12:42:50,terlalu sering disuruh update aplikasi jadi buang buang waktu
3548,Elma Kania,5,2026-04-20 09:29:37,grab is very convenient for transportation and food delivery the app is easy to use and the service is reliable it saves a lot of time
3549,Pipin Supinah,1,2026-04-20 08:39:43,minta tolong min saya itu kalau order jaraknya jauh kenapa suka d kasih motor supra dan kadang gk nyaman ditambah driver tidak tau jalan alhasil molor sampai 1 2 jam sampainya mohon maaf tapi akhir akhir ini grab mengecewakan menurut saya semoga segera ada perbaikan terimakasih
3550,Serly Angga,5,2026-04-20 07:31:36,selalu pake ini sekarang makin cangih ada ovopaylaternya juga keren top
3551,Mahmun Zulkifli,1,2026-04-20 07:28:46,driver grab medan itu harus tertib berlalu lintas saya pagi ini naik grab motor di perempatan jamin ginting dibawah fly over jamin ginting drivernya terobos lampu merah sangat mengkhawatirkan
3552,Nurlita Octavia,3,2026-04-20 07:23:40,grab hemat 7k padahal anter nya deket jaraknya cuma bawa bocah sd 2 orang bnyak bngt yg pilih drivernya jarang ada yg mau bawa 2 org anak kecil dengan argo 7k maklum lah klo jarak nya jauh 7k lah ini dkt bgt dr rmh ke sekolah pake nolak
3553,raihan akbar,4,2026-04-20 06:15:36,tolong dong klo semisalnya kita mau pesen sebelum pesen tuh tahu lokasi pengendara nya dulu jadi kita bisa tau ini jauh apa engga dapet nya klo jauh bisa ulang atau nyari yg lain saya setiap mau berangkat suka dapet yg jauh terus padahal yg deket suka ada
3554,Nilam Nilam Cahya aini,1,2026-04-20 06:14:02,bagusan yg dulu klo skrg susah dpt driver
3555,Bambang Zulaiha,1,2026-04-20 06:12:00,mahal you ingat saya orang kaya ke
3556,Ikbal Maulana,2,2026-04-20 06:01:22,ga sesuai aja layanan lama driver pun laamaa kacaw
3557,shaqib haidhar,1,2026-04-20 00:28:00,masa loading truss ni aplikasi mau pesen apaan muter trus
3558,Ika Haerani,2,2026-04-19 23:03:54,kenapa lagi sama grab ini hado masa pas mau masukin kode promo ga bisa gimanasih
3559,Keisha Putri,1,2026-04-19 21:14:38,terlalu lama menunggu pesanan di antar sampai 1 jam tak jg ada pengemudi kita sudah pembayaran non tunai di undur lagi 1 jam kemudian ini pesan makanan bukan paket terlalu lama untuk pemesanan makanan ny
3560,Fanny Wullandari05,1,2026-04-19 20:58:57,asli bingung sm aplikasi greb ini gua lg mesen greb food woy tiba tiba akun gua d tangguhkan keluar sendiri ini gimna si aplikasi gua jd kepikiran abng ojek nya kasian d sangka orderan fiktif lg gk jl
3561,Rudian Sholehudin,1,2026-04-19 19:32:55,driver di sekitar banyak tapi orderan masuk jauh jauh gak ada kerjaan tiap bulan yang ada cuma iklan makin ngebul grab pura pura update isinya sampah kalian hancurin jadwal mitra bikin customer frustrasi yang penting cuan mending tutup aplikasi
3562,Wahyu Triono,2,2026-04-19 19:21:37,sekarang pesan makanan kalau malam baru jam 7 saja sudah susah dpt driver apalagi mau bayar pakai qris tolonglah pihak management jng terlalu mencekik driver dgn potongan harga yg terlalu besar mereka juga butuh makan apalagi di era sulit seperti sekarang ini
3563,Marwa Ohorella,1,2026-04-19 19:05:32,buruk jelek intinya ga worth it masa promo gada kepencet pesan eh gabisa dibatalin bikin emosi aja nih aplikasi intiny buru
3564,Ikatan Mahasiswa UNG Telaga Biru,5,2026-04-19 17:46:33,i use grab 5 6x a week for rides and grabfood live tracking is accurate customer service responds fast and promos actually help save money the map integration is smooth and i love scheduling rides in advance most reliable app in southeast asia
3566,Muridi Buan,1,2026-04-19 16:47:00,kemarin adeku naik grab mobil trus ngc sengaja hp adekku ketinggalan di mobil grab nya waktu minta tolong untuk mengembalikan hp adek ku driver grab nya malah minta uang tebusan 200 ribu tolong di perhatikan ini ya pihak grab
3567,Sopian Haji,1,2026-04-19 16:24:00,sangat ribet untuk masuk kalo lupa pin mau pindah pake apk gojek
3568,Linda Zebua,1,2026-04-19 16:10:20,sangat merugikan untuk driver potongan sangat terlalu besar
3569,Fida Nuraulia,2,2026-04-19 15:59:39,males bgt dapet nya susah lama lagi
3570,supandi se,5,2026-04-19 15:11:20,sudah di antar ketujuan terimakasih ibu
3571,Roffi Anatta,3,2026-04-19 14:56:56,beberapa hal yang harus di perbaiki 1 update tiba tiba sering banget tiap pesen grab driver dan di map nya sering stuck pas di cek harus update meskipun di playstore udh di aktifkan update apk otomatis tapi ga ngaruh dan ttp aja harus manual 2 terkait dapat driver sering sekali mendapatkan driver yang sangat jauh dari lokasi sementara driver terdekat dengan kita yang kebetulan lewat ga ke hubung 3 lebih di permudah dalam menentukan alamat kita di suatu tempat
3572,only qeel (Aqeel),1,2026-04-19 14:14:17,banyak bug nya jelek bgt percuma ngiklan dimana mana kalau aplikasinya banyak bug
3573,Muhammad Aliman,5,2026-04-19 11:51:31,sangat membantu dalam hal apapun terimakasih
3574,Hanifah Ifa,4,2026-04-19 11:41:11,sejauh ini masih baik baik saja sih aplikasinya terima kasih
3575,Beza Mendova,1,2026-04-19 11:16:22,kecewa apk jlek udah di download giliran mau di buka malah di suruh instal lagi udah di instal malah gx bisa di buka ane
3576,Syafaat Muhammad,5,2026-04-19 11:03:11,bagus pelayanannya harga lumayan murah tp bukan murahan l nyaman jujur
3577,SAMLAWI Aja,3,2026-04-19 10:32:14,hallo grab kenapa akun grab saya ditangguhkan bahkan sudah 2x ditangguhkan padahal saya tidak pernah melakukan kesalahan apalagi membatalkan order bikin kecewa aja
3578,Yuansari28,5,2026-04-19 09:50:34,kalau di medan grab memang top tapi seputaran tanah karo banyak yang blm akurat lokasi nya karna tidak terbaca oleh sistem nya mungkin kalau bisa lebih di maksimalkan lagi dan kalau bisa drivernya yang tau jalan karena banyak tikus
3579,Mr. 4llcyb3r,1,2026-04-19 09:24:15,aplikasi sampah yang mengakses data pribadi
3580,Pandora,1,2026-04-19 02:35:53,jadi kikir banget gak ada diskon
3581,Harianto,5,2026-04-19 00:22:56,senang bila bila masa nak pergi tinggal panggil grab
3582,Abhelian SaputrA,1,2026-04-19 00:14:17,grab food pengantaran hemat harus nunggu 1jam keburu customer mati kelaparan
3584,Akmal Idham,2,2026-04-18 22:00:10,makin kesini makin gak jelas kalo emang gak bisa tunai gak usah dimunculin fitur pembayaran tunainya gak jelas banget
3585,Koro Pororo,1,2026-04-18 20:21:43,mahal mahal kayak jem but tai
3586,aditya dimas,2,2026-04-18 19:53:19,lemot suka gk ada jaringan padahal kuota wifi lancar
3587,Sesi Amelia,5,2026-04-18 19:22:20,dari apk oren pindah kesini better lah klo oren pesen makanan lama bgt dpt drivernya ujungnya cancel otomatis ditungguin ampe setengah jam ga dpt
3588,Stokrecehsagara 1,1,2026-04-18 18:53:56,grab mart nya ga ada tombol cancel enakan gojek udah gitu lama banget dan ga pasti dapat drivernya pengalaman pertama yang buruk
3589,Dede Sudarno,4,2026-04-18 18:09:21,mantap nyaman berkendara nya juga murah
3590,Serawaa,1,2026-04-18 17:34:28,voucher ovo nabung potongan harga 50k masa tiba tiba hilang padahal masa berlaku 30 hari dan belum dipakai sama sekali tiba tiba hilang hubungi customer service malah bot yang bales
3591,Puttri Puttry,2,2026-04-18 17:27:31,mahal padahal dekat dan udah 2x saya kenak tipu pake yg hemat harga 10 rb tiba tiba saja 16 rb tolong di perbaiki lah sistem nya
3592,sugi arto,5,2026-04-18 17:01:43,aplikasi paling bagus utk saat ini promonya tambah lagi biar lebih joss
3593,Bang Peci,1,2026-04-18 16:45:26,aneh ngapain bikin fitur ambil sendiri tanpa pemberitahuan sebelumnya ke akun gw gw pesen biar dianter ke tempat gw malah tiba tiba jadi ambil sendiri aneh banget harus nya adaian fitur tanya dulu mau ambil sendiri atau dianter ojol
3594,Rinasiti Aqila,1,2026-04-18 16:17:22,pelayanan tidak sesuai baget masa udh pesen lama nunggu lama driver tidak datang padahal udh nunggu lama terus kadang pengen minta lebih tanpa harus lewat aplikasi parah bgt
3595,Eka Sandria Agustine,1,2026-04-18 15:26:30,titik lokasi di maps tidak sesuai kenyataan namanya
3596,22-216_RIFKA FIRDAUSI RAMADHANI,2,2026-04-18 13:59:53,kenapa ya grab ini sekarang mitranya suka sekali cancel orderan sesuka hati kita udah bener sabar nungguin loh dia otw ke tempat kita malah tiba tiba cancel trs oper lagi ke driver lain
3597,Maya Umayah,4,2026-04-18 13:51:02,kenapa susah bgt untuk aktifkan ovo sih ovo aku belum pernah aku pakai sebelumnya jadi kalau aku coba untuk aktifkan lagi selalu bilang masukan pin sedangkan aku baru mau aktifkan jadi gimana mau tau pin nya
3598,Tantii Ramadhani,1,2026-04-18 11:17:50,tidak bisa pembatalan pesanan padahal sebelum diambil oleh kurir dan baru saja dipesan
3599,Sri Wahyuni,1,2026-04-18 10:34:10,1 drivernya pd belagu sengaja banget biar di batalin pesanannya sm kostumer harusnya udh sampe dia malah ngelewatin kostumer mana klo ngebatalin byr 3 padahal salah drivernya bikin rugi aja nih pake grab car 2 udah nunggu lama ujung ujung nya malah di batalin mending tutup aja ni aplikasi ga ngebantu kostumer sm sekali drivernya pd belagu
3600,Jas Merah,3,2026-04-18 10:05:46,sekarang jarang ada promo di grabfood
3601,Ahmad Zafisham,2,2026-04-18 08:26:37,app sering force close sendiri kalau hp d posisi standby off appnya sering mati dan tidak ada koneksi internet satu lagi mohon d perhatikan titik jemput apapun itu orderanya kadang gak masuk akal bisa sampai 3 5 km kasian kita para driver kalah d bensin lagi juga ongkosnya gak sesuai dengan jarak tempuhnya mohon pihak aplikator d evaluasi lagi kita rekanan grab harusnya kita sama2 saling mengguntungkan satu sama lainnya terima kasih
3602,metik kusuma ningrum,5,2026-04-18 06:46:17,alasan aku ini wort it banget sih walaupun agak mahal yaa tapi makasih juga udah menciptakan grabfood ini
3603,Syahrul Solekhan,1,2026-04-18 03:27:55,nunggu berjam sampai ganti driver berkali tau gini keluar cari makan sendiri dari tadi ajg
3604,MR RAMA,1,2026-04-18 00:52:48,aplikasi aneh gw buat pake alamat posisi sekarang eh malah di lempar ke tempat lain mana jauh lagi kalau gini bagus gw make maxim
3605,Lukas Setiaatmaja,1,2026-04-17 21:53:10,kolom komunikasi dengan resto di grab food minim sekali sering kali salah misal tidak pedas tapi dijualin pedas sebaiknya ada nomer telpon sehingga bisa komunikasi lebih baik dan resto yang karyawannya buta huruf bisa mendengar grab express saat sampai langkah selfie selalu gagal walau dilakukan sesuai petunjuk payah juga pesanan sering dibatalkan tanpa alasan apapun hari ini buktinya hari ini 2x dibatalkan tanpa alasan jelas
3606,Echa Apriyani,5,2026-04-17 21:41:59,terimakasih teman teman grab yg sentiasa selalu ada saat di butuhkan terimakasih byk bang ojol nya
3607,dimas octavianto,1,2026-04-17 20:43:02,saya kasih bintang satu dulu karena alamat rumah saya tidak sesuai lokasi malah yg ada alamat tetangga padahal aplikasi lain gampang saja saya juga tinggal di perumahan bukan di tempat yang susah di akses kalau udh gampang milih alamatnya akan saya ubah bintangnya
3608,Dwi Jayanti,1,2026-04-17 20:18:12,saya uninstal grab krna trauma banget 1 order nunggu lama driver dtg nyampek didepan muka malah di cancel pas baru berdiri 2 liat driver2 grab di jalan sudah kayak valentino rosi semua alias ngebut2 3 ini yg bikin gong driver saya hampir bikin saya serangan jantung dan kalau saya kurang beruntung mungkin kecelakaan dan akhirnya saya memilih berhenti dan bayar sebelum nyampek di tempat tujuan agar saya tetap waras astag masih banyak aplikasi ojol yg lebih murah ge as seriu
3609,Bei __,1,2026-04-17 19:43:02,gobs bgt nunggu sampe 2 jam ga bisa dibatalin pesana kurir ga dpt dpt aku udh kelaparan anj apus aja ni apk sampah bgt
3610,Alta Nugroho,2,2026-04-17 19:15:30,saya pengguna grab dari lama tapi akhir2 ini sangat susah dapat driver awalnya saya pikir mungkin karena memang sedang tidak ada driver padahal selama ini lancar dan cepat dapat driver tapi nyatanya terus berlanjut bahkan saat urgent sangat susah sekali baru akhir2 ini saya paham bahwa ada rating untuk costumer yang tidak ditunjukkan pada costumer untuk alasan dan lainnya sangat menyulitkan untuk costumer mencari tau apa yang sedang terjadi tiba2 di persulit untuk layanan
3611,Ari Sopian,3,2026-04-17 19:05:05,kasih yg deket driver yg jaraknya dekat kasian kalau kejauhan
3612,Misbahul Palah,5,2026-04-17 18:59:28,pengemudinya enak di ajak bicara bisa saling ngobrol mantap
3613,melodya mifta,3,2026-04-17 18:24:58,saya coba lapor tentang kendala saya dan ada saya kehilangan helm saya karna dibawa driver trs saya lapor ke cs nya respon nya lambat tidak sesuai harapan
3614,Aulia Aurs,2,2026-04-17 18:16:48,lama kali pesenanku di antr selalu pdhl ga hujan ga kenapa kenapa drivernya ga dpt padahal aku udh laper banget dh pucing
3615,ZahraSilalahi !,5,2026-04-17 16:58:48,bagus banget ada masalah langsung ditindak
3616,Elsa Amalia,1,2026-04-17 16:55:53,sumpa grabfoodnyaa bikin keki seharian pesenan salah terus walopun di ganti vocer ya sama aja kl emg iyaa di sortir lagi resto yang bintangnya kurang dan reviewnya gabagus di blacklist aja dri apknya biar pemesannya gakecewa masa sehari beli 2x kecewa terus uda cape mau protesmya juga
3617,Tumarni Drs,5,2026-04-17 14:43:42,menggunakan pelayanan grab sangat memuaskan
3618,Ai Zhamanie,1,2026-04-17 13:25:52,custumer jangan kaget klo pesan food sampenya 1 2 jam pesan dapet drivernya jauh2 akibat it server yg baru belajar jadi berantakan orderan diberikan kepada driver terjauh dr lokasi bukan yg terdekat dengan pelanggan efek dari hemat dan gabungan order
3619,Dindaa,2,2026-04-17 13:10:03,tolong dong dibenerin titik alamat rmh untuk cust nya padahal udh ngetik alamat sesuai tapi titik jemput nya malah ditempat lain mana suka dpt drivernya yg emosian mlu lgi overall semuanya aman cuma itu aja tuh yg ride nya tolong diperbaiki
3620,Alde Indria,5,2026-04-17 11:24:59,terima kasih sudah melayani dengan baik
3621,Fiti Fira,5,2026-04-17 11:07:44,puas banget jalan sllu hati panttes banget kalau dksih bintang 5
3622,Risky betta fighter,2,2026-04-17 10:42:29,malah nanya siapa yang berkendara tolol yah
3623,Na Vida,2,2026-04-17 10:39:10,sudah top up ovo tapi saat mau pesan makanan lewat aplikasi saldonya tidak bertambah menyebabkan tidak bisa melakukan pesanan padahal sudah update aplikasi loh
3624,Rizky Agathyana,5,2026-04-17 10:12:38,udh dari tahun 2021 pake grab mau kmna aja simple ongkos bersahabat delivery makanan gampang cuma aku pasang copot aja soalnya hp nya terlalu banyak apk belajar anakku
3625,Yana Igr,3,2026-04-17 10:04:18,kenapa sekarang kalo buka aplikasi ini lama bener sekalinya kebuka dapet driver lama amat
3626,Muhammad Ikbal,1,2026-04-17 08:33:20,mau dipake apanya malah akunnya keluar sendiri apalah ini grab
3627,Azzahratunnisa (Nisa),1,2026-04-17 08:27:45,grab kenapa sih akun gw ditangguhkan terus apk mu bagus loh tapi kalo kegini orang jd susah pake nya dikit ditangguhkan
3628,Anwar Harijono,5,2026-04-17 08:23:59,grab sangat membantu kami dalam menunjang bisnis kami
3629,gunawan aji,5,2026-04-17 08:11:42,akun saya sudah daftar dua minggu lebih enggak ada pergerakan
3630,batistuta batigol,5,2026-04-17 06:42:41,banyak yang minta tolong di pesankan grab bike car
3631,John Peter,2,2026-04-17 06:22:06,driver mobil nya main hp gendeng bgt
3632,dinda oktriana,2,2026-04-17 05:55:15,maaf ya tpi kok makin kesini makin jelek pelayanannya selalu dpet pengemudi yg jauh dan sering dicancel sama drivernya jadi memperhambat untuk perjalanan
3633,Pengguna Google,5,2026-04-17 05:33:59,penjenputan cepat ramah dan sopan driverny nyaman dan aman dlm perjalanan
3634,Tuwit Ayu,5,2026-04-17 03:38:43,motor nya nyaman dan drever sangat prepesional
3635,Dwi Waluyo,5,2026-04-17 03:03:35,drefer nya ramah tamah dan sopan
3636,sandi Sandi,1,2026-04-17 00:35:03,gajelas apa2 vermuk udah kaya mao pinjol ajee mempersulit pengguna
3637,Faeyza Fadilah,5,2026-04-16 21:46:23,harga makin mahal promo gak menarik dan payletter sdh lunas malah gak bs dipakai udh jarang bgt pake grab
3638,Khusnul Khatimah,5,2026-04-16 20:30:59,aplikasinya sangat bagus mudah digunakan dan promo nya juga banyak hanya saja saya merasa untuk pilihan pembayaran nya kurang semoga nanti bisa semakin banyak pilihan pembayaran dari dari e wallet lain selain ovo karena ovo biaya top up nya lumayan dan tidak ada gratis transfer sehingga saya jarang menggunakan ovo semoga e wallet lainnya nanti bisa ditambahkan ya
3639,Akun Mujiati,5,2026-04-16 19:53:32,sangat membantu masyarakat yg mau bepergian dgn waktu tercepat
3640,Nurela Hayati,1,2026-04-16 19:46:03,otw pindah ke aplikasi sebelah soalnya drivernya kasar karena masalah tarif promo yg sudah di tentukan marahnya ke konsumen padahal tanpa diminta pun pasti ngerti bakal ditambahin ongkosnya tidak semua driver tp dikasarin sekali bikin kapok takutnya nanti ketemu lg sama anomali yg sama
3641,Erna Fitria,5,2026-04-16 19:34:26,pengemudi nya sopan baik nyaman juga di bawa nya
3642,VinaalV,3,2026-04-16 19:27:59,oke sih sebenarnya aplikasi harganya murah nyari kendaraanya juga lumayan cepet tapi kadang driver suka marah atau ngeluh kalau lewat jalan jelek jadi ga nyaman naiknya padahal kan jalan bukan kita yang bikin emag siapa yang mau lewat jalan jele
3643,Ruslan Abdulah,5,2026-04-16 18:36:20,puas banget nunggu ga lama gercep pokoknya
3644,Indahyana Nur Imanana,5,2026-04-16 18:07:12,tepat waktu selalu memberikan promo2 ok banget
3645,Achmad Rafiq,1,2026-04-16 17:38:34,kalo dari bandara soeta terminal 2 ga ada yang mau ambil
3646,Irna Nabila,1,2026-04-16 16:10:23,saya harap pihak grab bisa hubungi saya untuk kasus saya
3647,Yaomi Mayya,1,2026-04-16 13:25:49,developer grab tolong donk itu restoran di cirebon kenapa harga makanan di grabfood makin mahal saja tiap minggu naik harga nya udah tau umr di cirebon kecil ini harga makanan nya koq malah lebih mahal dari jakarta tolong jangan ambil pajak banyak dari aplikasi jadi harus memanusiakan para umkm dan resto kecil sama para driver nya
3648,Hafizhovsky Mohammed,1,2026-04-16 13:01:06,grab app super super apa super lemo
3649,Fa dil,1,2026-04-16 12:57:27,driver nya kurang jelas udh deket lokasi malah di cancel gitu aja dan waktu kmren grabfood makanan sudah dibayar tapi driver nya ga dateng dari jam 3pagi sama jam 7pagi pokonya mah jelek bngt nungguin kadang 5mnt dari apk dateng bisa setengah jam bisa nungguin sampe dapet driver 3 4x dalam 1x jalan
3651,Nana Nanana,1,2026-04-16 11:18:40,sering bgt ngelag jaringan sebagus apapun pake wifi ataupun pake kuota pasti lag trs bilangnya gaada jaringan suruh refresh trs ujung ujungnya bilangnya ngelag mulu drivernya juga nyebelin sering diem di tempat pas udh acc orderan gak sekali dua kali tapi sering banget terus lama banget bisa 10 menit lebih
3652,Yudi Purnomo,3,2026-04-16 10:25:02,map nya paling jelek diantara aplikasi online lainnya titik map selalu gk akurat
3653,Maryam Maryam,5,2026-04-16 10:19:47,transportasi online yg sangat mudah digunakan
3654,janson sitorus,1,2026-04-16 08:28:08,selalu berat pake aplikasi ini bikin kesel
3655,Frida Alesta,5,2026-04-16 07:21:59,cepat tau jalan ramah udh pasti aman dlm perjalanan udh pasti bintang 5 dong
3656,fitriyadi yadi,5,2026-04-16 07:07:48,grab is the best draivert nya ramah dan sopan patut di tiru para draivert lain terimakasih grab
3657,Fauziah Gina,2,2026-04-16 06:56:56,kenapa pas masuk di suruh banget update sebelum pesen kenapa pemberitahuan nya gak bisa di nantiin sih kan pas mau pake gak keburu udah terlambat
3658,Hilda Sifaulhusna,5,2026-04-16 06:48:45,dibanding ojol lain ini lebih worth it sih menurutku udah 3th aku pake grab soalnya lebih murah meskipun klo pesen mkan suka lama
3659,N p,3,2026-04-16 06:46:14,maaf ya rubah bintang kenapa sih sekarang lokasi udah bener dirubah rubah jadinya driver banyak cancel bingung gegara lokasi tidak akurat tolong diperbaiki
3660,Ai Eni Nuraeni,2,2026-04-16 06:32:31,bisa gas kalo driver itu gabisa cancel aku beberapa kal pesen udah dapet dan udh mau sampee malah di cancel driver nyaa dan ambil penumpang lain minimal masih lama nyampe nya ini mah udh di depan udh liat malah di cancel aku ga pernah ada keluhan apa apa selama ini tapi ini udh sering bng mau kasi bintang 1 ke driver juga gabis udh di cancel mh
3661,Egi Elsa,5,2026-04-16 06:12:44,layanan nya baik aman dan cepat sejauh ini bagus
3662,Siti Rohma febriyanti,5,2026-04-16 06:11:00,bagus banget dan sangat membantu untuk pergian atau mesan makanan
3663,Erna Sanz,1,2026-04-16 05:59:22,order obat disini pas toko ngak ada stok barang terus kita mau batalin gak ada pilihan batal terus driver grab nya di suruh batalin gak di bales bales dana ovo masih ngegantung minta pusat bantuan lama banget pembatalan nya entah bisa di batalkan atau uang akan hilang kesel banget kalo lagi urgent aplikasi lemot mending pindah ke aplikasi sebelah
3664,Kuny Uk,1,2026-04-16 04:43:47,gjls iklannya ada tombol skip pas dipencet malah kesini
3665,Juwandi,5,2026-04-16 00:38:56,pusat bantuan terkait masalah mintra dengan costumer penumpang sangat membantu mitra trimakasih atas tindak lanjutannya
3666,Aliya Fakhira,2,2026-04-16 00:15:33,pesan grabfood tpi ternyata pesanan tidak lengkap akhirnya minta di refund aja sisa uangnya malah di ganti nya voucher bener bener gamau rugi banget udah pernah ngalamin kejadian yg sama di aplikasi sebelah langsung di refund sesuai dengan nominal pesanan yg kurang no ribet
3667,Izoel123 Izoel,5,2026-04-16 00:13:01,aplikasi sudah keren tapi bingung kenapa sekarang kalau order yg kedua kali harga nya malah lebih mahal
3668,Mohdaxmi ikmaldaniel,5,2026-04-15 23:31:57,terbaik tapi satu je selalu dapat driver jauh
3669,Dedi Alfitri,1,2026-04-15 23:13:52,saya mau lapor driver scam tidak ditanggapi dan tidak ada tindak lanjut
3670,mayfiana destilataningsih,1,2026-04-15 21:34:43,grab food ngga bisa dibatalkan kita ngga bisa cht toko
3671,Hesti Aprilia,1,2026-04-15 21:04:13,makin kesini makin aneh udah 3x lebih order grab food udah nunggu sejam bahkan 2 jam an eh tapi pesanan masih dibuat driver gabisa dihubungi terus tiba2 pesanan ke cancel setelah nunggu lama bener bener ngebuang waktu
3672,Black_rabbit,1,2026-04-15 20:42:33,udah jelek sekarang aplikasi kl pesen makan lama anternya
